{"image-00070.jpg":[25.003257852461083,121.46827026130923],"image-00095.jpg":[25.003257859985535,121.46827029905819],"image-00034.jpg":[25.00325529302029,121.46826441692707],"image-00102.jpg":[25.00325785933048,121.46827029863496],"image-00077.jpg":[25.00325785619739,121.46827026457649],"image-00111.jpg":[25.00325833837788,121.4682714288602],"image-00117.jpg":[25.00326435872036,121.46828489693516],"image-00008.jpg":[25.003202632210947,121.46814449904319],"image-00085.jpg":[25.003257852027346,121.46827027295113],"image-00020.jpg":[25.00323834252918,121.46822536842618],"image-00069.jpg":[25.003257852977065,121.46827026398587],"image-00013.jpg":[25.003219346075582,121.4681823693058],"image-00080.jpg":[25.00325785277289,121.46827027297313],"image-00050.jpg":[25.003257855037607,121.46827027155899],"image-00066.jpg":[25.003257858257268,121.46827027343848],"image-00005.jpg":[25.00319114626662,121.4681187927618],"image-00040.jpg":[25.00325731394065,121.46826905849676],"image-00025.jpg":[25.003247617157346,121.46824666778377],"image-00019.jpg":[25.003235931525253,121.46821992020026],"image-00094.jpg":[25.003257860547087,121.4682702984889],"image-00098.jpg":[25.00325786692473,121.46827026705088],"image-00104.jpg":[25.003257859208578,121.46827029835782],"image-00054.jpg":[25.003257856789826,121.46827026819903],"image-00124.jpg":[25.003280414685612,121.46831966113268],"image-00001.jpg":[25.003179278749688,121.46809291815887],"image-00031.jpg":[25.003253516074338,121.46826028841684],"image-00078.jpg":[25.003257855963838,121.4682702777161],"image-00110.jpg":[25.003257944604865,121.46827072383623],"image-00059.jpg":[25.00325785412231,121.4682702687877],"image-00090.jpg":[25.003257862708267,121.46827030383137],"image-00123.jpg":[25.003277491652472,121.46831343658633],"image-00118.jpg":[25.003266035364433,121.46828855856324],"image-00043.jpg":[25.00325779508749,121.46827009091142],"image-00064.jpg":[25.003257859517944,121.46827027657113],"image-00075.jpg":[25.003257858724144,121.46827026744151],"image-00035.jpg":[25.003255715960076,121.46826537116226],"image-00010.jpg":[25.00320964167695,121.46816039170673],"image-00046.jpg":[25.003257850040765,121.468270272607],"image-00114.jpg":[25.003260590984283,121.46827636122268],"image-00052.jpg":[25.003257858587883,121.46827026650345],"image-00099.jpg":[25.003257859422096,121.46827029884014],"image-00058.jpg":[25.00325785779666,121.46827027187786],"image-00112.jpg":[25.003258969654627,121.46827261234158],"image-00125.jpg":[25.003283473796593,121.46832615589011],"image-00083.jpg":[25.00325785277184,121.46827027297525],"image-00039.jpg":[25.00325706095224,121.4682685025613],"image-00062.jpg":[25.003257856083373,121.46827026753789],"image-00023.jpg":[25.003244581305665,121.46823968120384],"image-00105.jpg":[25.003257859195482,121.46827029829086],"image-00028.jpg":[25.003250869884916,121.46825416230152],"image-00120.jpg":[25.003269982007822,121.46829715198876],"image-00033.jpg":[25.00325481519436,121.46826330266083],"image-00002.jpg":[25.003179992867686,121.46809442895139],"image-00079.jpg":[25.003257856733377,121.46827027660854],"image-00027.jpg":[25.003249810919947,121.46825171572652],"image-00057.jpg":[25.00325785901211,121.46827026965298],"image-00096.jpg":[25.00325785955162,121.46827029907277],"image-00004.jpg":[25.0031869411297,121.46810974918753],"image-00109.jpg":[25.00325786067621,121.4682703012432],"image-00093.jpg":[25.003257861233486,121.4682703005827],"image-00106.jpg":[25.00325785912113,121.46827029811561],"image-00045.jpg":[25.003257859017573,121.46827028402798],"image-00016.jpg":[25.003228138166623,121.46820226649646],"image-00053.jpg":[25.00325785852995,121.46827027815641],"image-00103.jpg":[25.003257859274328,121.46827029850401],"image-00081.jpg":[25.003257852773313,121.46827027297422],"image-00061.jpg":[25.003257856565746,121.46827026880413],"image-00014.jpg":[25.00322237223863,121.46818929023556],"image-00012.jpg":[25.00321622167812,121.46817525292013],"image-00044.jpg":[25.003257852673485,121.4682702657719],"image-00116.jpg":[25.003262917391645,121.4682816637882],"image-00074.jpg":[25.003257858724147,121.46827026744153],"image-00119.jpg":[25.003267915248863,121.46829256488269],"image-00030.jpg":[25.003252722373755,121.46825844213214],"image-00073.jpg":[25.00325785872417,121.46827026744157],"image-00088.jpg":[25.003257855723334,121.46827026839696],"image-00049.jpg":[25.00325785694196,121.46827026992307],"image-00042.jpg":[25.00325767769085,121.46826990193154],"image-00055.jpg":[25.00325785927862,121.468270276679],"image-00067.jpg":[25.0032578610704,121.46827028062751],"image-00024.jpg":[25.003246226481316,121.46824345608235],"image-00097.jpg":[25.0032578591624,121.46827030054888],"image-00086.jpg":[25.003257852048595,121.46827026854807],"image-00068.jpg":[25.00325785661693,121.46827026917464],"image-00018.jpg":[25.003233440611606,121.46821427556122],"image-00060.jpg":[25.00325785736088,121.46827027089911],"image-00007.jpg":[25.00319895456212,121.46813619255374],"image-00122.jpg":[25.003274801786056,121.46830755650458],"image-00022.jpg":[25.003242695583076,121.468235347563],"image-00015.jpg":[25.003225309184415,121.46819589923884],"image-00063.jpg":[25.003257858525476,121.46827027397316],"image-00100.jpg":[25.003257859400907,121.46827029878594],"image-00037.jpg":[25.003256451792783,121.46826706695016],"image-00115.jpg":[25.003261649968156,121.46827883372116],"image-00087.jpg":[25.003257859065382,121.46827028657064],"image-00011.jpg":[25.00321294178599,121.46816790265007],"image-00084.jpg":[25.00325785260945,121.4682702776465],"image-00091.jpg":[25.00325786219216,121.46827030290525],"image-00047.jpg":[25.003257850822646,121.46827026390493],"image-00038.jpg":[25.003256771025058,121.46826781952849],"image-00101.jpg":[25.003257859373406,121.46827029872964],"image-00017.jpg":[25.00323085090166,121.4682084048845],"image-00006.jpg":[25.003195047171744,121.46812766962687],"image-00072.jpg":[25.003257856247526,121.46827027862092],"image-00036.jpg":[25.00325608732305,121.46826623906604],"image-00056.jpg":[25.00325786151729,121.46827026576051],"image-00107.jpg":[25.003257859012685,121.4682702978686],"image-00003.jpg":[25.00318275984248,121.46810057655034],"image-00092.jpg":[25.003257861724922,121.46827030255],"image-00121.jpg":[25.003272319066376,121.46830220182855],"image-00076.jpg":[25.003257858724183,121.46827026744162],"image-00041.jpg":[25.003257519798346,121.4682695150519],"image-00082.jpg":[25.00325785277236,121.46827027297167],"image-00032.jpg":[25.003254222707003,121.46826191308737],"image-00021.jpg":[25.003240596448066,121.46823053606609],"image-00108.jpg":[25.003257858868817,121.46827029754718],"image-00048.jpg":[25.003257854651412,121.46827026811175],"image-00026.jpg":[25.003248874830366,121.46824955385297],"image-00065.jpg":[25.003257857811874,121.46827027610023],"image-00089.jpg":[25.003257854917628,121.46827027568868],"image-00029.jpg":[25.00325184819468,121.46825644217967],"image-00071.jpg":[25.003257858724144,121.46827026744151],"image-00009.jpg":[25.003206179821568,121.46815261574076],"image-00113.jpg":[25.003259655196366,121.46827433451918],"image-00051.jpg":[25.003257856053846,121.46827027264436]}