{"image-00070.jpg":[25.003259418040805,121.46823176192743],"image-00095.jpg":[25.00325942225264,121.46823179037554],"image-00034.jpg":[25.003257001848343,121.46822585807516],"image-00102.jpg":[25.00325942158243,121.46823179001547],"image-00077.jpg":[25.003259420968764,121.46823175995821],"image-00111.jpg":[25.003259869980706,121.46823292198457],"image-00117.jpg":[25.00326557692063,121.4682465677437],"image-00008.jpg":[25.00320737047949,121.46810530820167],"image-00085.jpg":[25.003259416019578,121.46823176868911],"image-00020.jpg":[25.003241029512818,121.46818646530025],"image-00069.jpg":[25.003259418455027,121.4682317647228],"image-00013.jpg":[25.00322312419648,121.46814331986224],"image-00080.jpg":[25.00325941660544,121.46823176745347],"image-00050.jpg":[25.003259419128906,121.46823176599993],"image-00066.jpg":[25.00325942262428,121.46823176866205],"image-00005.jpg":[25.00319652682792,121.46807951566112],"image-00040.jpg":[25.003258906769386,121.46823053935323],"image-00025.jpg":[25.003249766944503,121.4682079181038],"image-00019.jpg":[25.003238755702778,121.46818099426228],"image-00094.jpg":[25.00325942290167,121.46823178985429],"image-00098.jpg":[25.003259433126644,121.46823176666629],"image-00104.jpg":[25.003259421467504,121.46823178973682],"image-00054.jpg":[25.003259421669078,121.4682317652109],"image-00124.jpg":[25.003280792693214,121.46828137344616],"image-00001.jpg":[25.003185253567327,121.46805339236417],"image-00031.jpg":[25.00325533022943,121.46822169724868],"image-00078.jpg":[25.003259419755828,121.46823177217223],"image-00110.jpg":[25.003259497060775,121.46823226941197],"image-00059.jpg":[25.00325941847892,121.46823176420567],"image-00090.jpg":[25.003259424895656,121.46823179512312],"image-00123.jpg":[25.00327802035503,121.4682751650488],"image-00118.jpg":[25.003267162101906,121.46825022321607],"image-00043.jpg":[25.003259363875934,121.46823157629312],"image-00064.jpg":[25.003259423745956,121.46823177151764],"image-00075.jpg":[25.0032594235917,121.4682317632323],"image-00035.jpg":[25.003257401474137,121.46822682013871],"image-00010.jpg":[25.003213984756943,121.46812130717672],"image-00046.jpg":[25.003259414373513,121.46823177110389],"image-00114.jpg":[25.003262010747143,121.46823791450615],"image-00052.jpg":[25.003259423341074,121.46823176136421],"image-00099.jpg":[25.00325942166763,121.46823179021393],"image-00058.jpg":[25.003259422072226,121.46823176623306],"image-00112.jpg":[25.003260465766594,121.46823402822758],"image-00125.jpg":[25.003283696260652,121.46828785693951],"image-00083.jpg":[25.003259416604195,121.46823176745566],"image-00039.jpg":[25.003258667830714,121.46822998457603],"image-00062.jpg":[25.003259420723573,121.46823176325734],"image-00023.jpg":[25.00324690520353,121.4682008661131],"image-00105.jpg":[25.00325942145703,121.46823178966741],"image-00028.jpg":[25.003252836332017,121.46821550438283],"image-00120.jpg":[25.003270900841077,121.4682588358545],"image-00033.jpg":[25.003256552165666,121.46822473263555],"image-00002.jpg":[25.003185930449746,121.46805489328995],"image-00079.jpg":[25.00325942059677,121.46823177073459],"image-00027.jpg":[25.00325183899078,121.46821303678672],"image-00057.jpg":[25.00325942341095,121.46823176337992],"image-00096.jpg":[25.00325942179212,121.46823179044006],"image-00004.jpg":[25.003192529493,121.46807041197869],"image-00109.jpg":[25.003259422830094,121.46823179235949],"image-00093.jpg":[25.00325942349616,121.46823179184011],"image-00106.jpg":[25.003259421387074,121.46823178948989],"image-00045.jpg":[25.003259421370423,121.4682317709846],"image-00016.jpg":[25.003231403473166,121.46816323820255],"image-00053.jpg":[25.003259422895532,121.46823177491049],"image-00103.jpg":[25.003259421529865,121.46823178988484],"image-00081.jpg":[25.003259416605818,121.46823176745445],"image-00061.jpg":[25.00325942114824,121.46823176441518],"image-00014.jpg":[25.003225977780378,121.46815029635343],"image-00012.jpg":[25.003220178899912,121.4681361617316],"image-00044.jpg":[25.00325941521921,121.46823175031349],"image-00116.jpg":[25.003264210660042,121.46824328918007],"image-00074.jpg":[25.003259423591704,121.4682317632323],"image-00119.jpg":[25.003268948331097,121.46825423912288],"image-00030.jpg":[25.003254582590106,121.46821983004926],"image-00073.jpg":[25.003259423591718,121.46823176323235],"image-00088.jpg":[25.003259420029387,121.46823176265113],"image-00049.jpg":[25.003259421200333,121.46823176388119],"image-00042.jpg":[25.00325924932942,121.4682313909517],"image-00055.jpg":[25.003259423846107,121.46823177373713],"image-00067.jpg":[25.003259425113743,121.46823177522475],"image-00024.jpg":[25.003248457333612,121.46820468003445],"image-00097.jpg":[25.00325942132736,121.46823179217805],"image-00086.jpg":[25.00325941623677,121.46823176385725],"image-00068.jpg":[25.003259421177514,121.46823176476616],"image-00018.jpg":[25.003236406128902,121.4681753181485],"image-00060.jpg":[25.003259421847883,121.46823176633214],"image-00007.jpg":[25.003203897849406,121.46809694373391],"image-00122.jpg":[25.00327547421437,121.46826927543127],"image-00022.jpg":[25.003245128644352,121.46819649985503],"image-00015.jpg":[25.003228743228004,121.46815689805388],"image-00063.jpg":[25.003259422871736,121.46823176914235],"image-00100.jpg":[25.00325942164843,121.46823179016182],"image-00037.jpg":[25.00325809600896,121.46822853784363],"image-00115.jpg":[25.003263010128347,121.46824042885117],"image-00087.jpg":[25.003259422661777,121.46823178159653],"image-00011.jpg":[25.00321709006314,121.46812882764854],"image-00084.jpg":[25.00325941600522,121.46823177132279],"image-00091.jpg":[25.003259424401033,121.46823179423119],"image-00047.jpg":[25.003259415337343,121.46823176002758],"image-00038.jpg":[25.003258395502424,121.4682292953409],"image-00101.jpg":[25.00325942162207,121.46823179010485],"image-00017.jpg":[25.003233960125797,121.46816939524999],"image-00006.jpg":[25.003200200156268,121.46808841883802],"image-00072.jpg":[25.00325941994076,121.46823177269476],"image-00036.jpg":[25.00325775250618,121.46822770631785],"image-00056.jpg":[25.003259426317953,121.46823175929174],"image-00107.jpg":[25.00325942128471,121.46823178924063],"image-00003.jpg":[25.0031885480565,121.46806107679163],"image-00092.jpg":[25.003259423911803,121.46823179383753],"image-00121.jpg":[25.00327311840689,121.46826390430948],"image-00076.jpg":[25.003259423591736,121.46823176323241],"image-00041.jpg":[25.003259101382245,121.46823099752746],"image-00082.jpg":[25.003259416604983,121.46823176745214],"image-00032.jpg":[25.003255996765677,121.46822333908796],"image-00021.jpg":[25.003243150567172,121.46819165382979],"image-00108.jpg":[25.00325942114915,121.46823178891984],"image-00048.jpg":[25.00325941901193,121.46823176307151],"image-00026.jpg":[25.003250955871113,121.46821084792143],"image-00065.jpg":[25.003259422118862,121.46823177211928],"image-00089.jpg":[25.003259418772384,121.46823177027235],"image-00029.jpg":[25.00325375635589,121.46821780276521],"image-00071.jpg":[25.0032594235917,121.4682317632323],"image-00009.jpg":[25.003210711092706,121.46811346408498],"image-00113.jpg":[25.003261118222763,121.46823585218311],"image-00051.jpg":[25.0032594201257,121.46823176688991]}