{"image-00070.jpg":[25.00325025489795,121.46824045897588],"image-00095.jpg":[25.003250258849963,121.46824048481335],"image-00034.jpg":[25.00324763935188,121.46823493517766],"image-00102.jpg":[25.003250258149215,121.46824048443224],"image-00077.jpg":[25.003250257459218,121.46824045738131],"image-00111.jpg":[25.0032507431955,121.46824154210918],"image-00117.jpg":[25.00325692029282,121.46825432058189],"image-00008.jpg":[25.00319397661091,121.46812212840237],"image-00085.jpg":[25.003250252430554,121.4682404648177],"image-00020.jpg":[25.003230348627323,121.46819809193468],"image-00069.jpg":[25.00325025538067,121.46824046152958],"image-00013.jpg":[25.00321100109003,121.4681577066698],"image-00080.jpg":[25.00325025291241,121.46824046373808],"image-00050.jpg":[25.003250255530425,121.46824046264716],"image-00066.jpg":[25.00325025929705,121.46824046535662],"image-00005.jpg":[25.003182264367336,121.46809797385241],"image-00040.jpg":[25.003249701155237,121.46823931405305],"image-00025.jpg":[25.00323980276701,121.46821815918565],"image-00019.jpg":[25.003227891393266,121.46819297054988],"image-00094.jpg":[25.003250259526588,121.46824048440092],"image-00098.jpg":[25.003250270663234,121.46824046453044],"image-00104.jpg":[25.00325025802496,121.46824048417147],"image-00054.jpg":[25.00325025841267,121.46824046219322],"image-00124.jpg":[25.00327332864556,121.4682869651962],"image-00001.jpg":[25.00317008309729,121.468073482139],"image-00031.jpg":[25.003245829570215,121.46823104503538],"image-00078.jpg":[25.003250256272636,121.46824046825736],"image-00110.jpg":[25.00325034866136,121.46824092324582],"image-00059.jpg":[25.003250254914388,121.46824046098993],"image-00090.jpg":[25.00325026167935,121.46824048931474],"image-00123.jpg":[25.00327034300168,121.46828113758276],"image-00118.jpg":[25.003258629166144,121.46825774782421],"image-00043.jpg":[25.00325019426827,121.46824028698416],"image-00064.jpg":[25.003250260485117,121.4682404680199],"image-00075.jpg":[25.00325026028697,121.46824046056085],"image-00035.jpg":[25.0032480715696,121.46823583579203],"image-00010.jpg":[25.003201129239958,121.46813710242327],"image-00046.jpg":[25.003250250991716,121.4682404668886],"image-00114.jpg":[25.003253058004926,121.46824622181134],"image-00052.jpg":[25.003250259914356,121.46824045884438],"image-00099.jpg":[25.003250258240506,121.46824048461815],"image-00058.jpg":[25.003250258606833,121.46824046311006],"image-00112.jpg":[25.003251374982437,121.46824258823165],"image-00125.jpg":[25.00327645587258,121.46829305183786],"image-00083.jpg":[25.003250252911133,121.46824046373993],"image-00039.jpg":[25.003249443541353,121.46823879405827],"image-00062.jpg":[25.003250257278516,121.46824046033458],"image-00023.jpg":[25.00323670455442,121.46821156334259],"image-00105.jpg":[25.003250258012812,121.46824048410807],"image-00028.jpg":[25.003243128060873,121.46822525427166],"image-00120.jpg":[25.003262662587442,121.46826582355135],"image-00033.jpg":[25.003247152192188,121.46823388313206],"image-00002.jpg":[25.003170811315602,121.46807489149563],"image-00079.jpg":[25.003250257103176,121.46824046703124],"image-00027.jpg":[25.00324204833292,121.46822294666276],"image-00057.jpg":[25.00325025991191,121.46824046064856],"image-00096.jpg":[25.00325025837333,121.46824048483236],"image-00004.jpg":[25.003177949803298,121.46808943320153],"image-00109.jpg":[25.003250259463318,121.46824048664617],"image-00093.jpg":[25.003250260166283,121.46824048623824],"image-00106.jpg":[25.003250257936948,121.4682404839422],"image-00045.jpg":[25.003250257263794,121.46824046722041],"image-00016.jpg":[25.003219942568883,121.468176351234],"image-00053.jpg":[25.003250259805945,121.46824047102632],"image-00103.jpg":[25.00325025809243,121.46824048431012],"image-00081.jpg":[25.003250252912803,121.46824046373898],"image-00061.jpg":[25.00325025772904,121.46824046141191],"image-00014.jpg":[25.003214088832028,121.46816423370711],"image-00012.jpg":[25.0032078161135,121.46815100840902],"image-00044.jpg":[25.003250250321702,121.46824044804782],"image-00116.jpg":[25.003255441052268,121.4682512507791],"image-00074.jpg":[25.003250260286976,121.46824046056086],"image-00119.jpg":[25.0032605548655,121.4682615170974],"image-00030.jpg":[25.00324501946314,121.46822929943244],"image-00073.jpg":[25.003250260286993,121.4682404605609],"image-00088.jpg":[25.003250256410144,121.46824045970794],"image-00049.jpg":[25.00325025762578,121.46824046091207],"image-00042.jpg":[25.003250072154255,121.46824011030975],"image-00055.jpg":[25.00325026081259,121.46824047005664],"image-00067.jpg":[25.0032502619359,121.46824047146995],"image-00024.jpg":[25.003238385115683,121.46821513100022],"image-00097.jpg":[25.003250257934475,121.46824048636037],"image-00086.jpg":[25.003250252552657,121.46824046048104],"image-00068.jpg":[25.00325025776272,121.4682404617301],"image-00018.jpg":[25.00322535125216,121.46818765790178],"image-00060.jpg":[25.003250258471475,121.46824046319531],"image-00007.jpg":[25.003190221622564,121.46811429849808],"image-00122.jpg":[25.003267596168044,121.4682756160853],"image-00022.jpg":[25.003234782080703,121.468207479216],"image-00015.jpg":[25.00321707345607,121.46817041487137],"image-00063.jpg":[25.003250259557717,121.46824046580952],"image-00100.jpg":[25.003250258219882,121.46824048456962],"image-00037.jpg":[25.003248824130484,121.46823744225779],"image-00115.jpg":[25.00325414240477,121.46824857197475],"image-00087.jpg":[25.00325025949555,121.46824047699964],"image-00011.jpg":[25.003204483744128,121.46814414019818],"image-00084.jpg":[25.00325025226393,121.46824046715756],"image-00091.jpg":[25.003250261152477,121.46824048846966],"image-00047.jpg":[25.003250251632732,121.46824045696783],"image-00038.jpg":[25.00324914846324,121.4682381500445],"image-00101.jpg":[25.003250258191446,121.46824048451606],"image-00017.jpg":[25.00322270490018,121.46818211448876],"image-00006.jpg":[25.0031862339422,121.46810630554683],"image-00072.jpg":[25.003250256438584,121.46824046873823],"image-00036.jpg":[25.00324845283133,121.46823666405237],"image-00056.jpg":[25.003250262881085,121.46824045721704],"image-00107.jpg":[25.003250257826178,121.46824048370897],"image-00003.jpg":[25.003173639383796,121.46808068407401],"image-00092.jpg":[25.003250260631468,121.46824048807247],"image-00121.jpg":[25.003265055048136,121.4682705776433],"image-00076.jpg":[25.003250260287015,121.46824046056096],"image-00041.jpg":[25.003249911298646,121.46823974330349],"image-00082.jpg":[25.003250252911926,121.46824046373683],"image-00032.jpg":[25.003246551350784,121.4682325807257],"image-00021.jpg":[25.003232641912973,121.46820294580202],"image-00108.jpg":[25.00325025767994,121.4682404834085],"image-00048.jpg":[25.003250255415082,121.46824046000856],"image-00026.jpg":[25.003241091446203,121.4682208997288],"image-00065.jpg":[25.00325025888778,121.46824046843625],"image-00089.jpg":[25.00325025522876,121.46824046646411],"image-00029.jpg":[25.00324412430639,121.46822740285134],"image-00071.jpg":[25.003250260286976,121.46824046056085],"image-00009.jpg":[25.003197588837214,121.46812975888018],"image-00113.jpg":[25.00325209222194,121.46824428784481],"image-00051.jpg":[25.003250256568258,121.46824046353157]}