{"image-00070.jpg":[24.963368623483767,121.44171385530018],"image-00095.jpg":[24.963600315282378,121.44124035511898],"image-00034.jpg":[24.962911317686665,121.44227412221622],"image-00102.jpg":[24.963643644860344,121.44111017779454],"image-00077.jpg":[24.96344334750498,121.44158657533387],"image-00111.jpg":[24.96372028563401,121.44097823016892],"image-00117.jpg":[24.963772443863622,121.44090433735435],"image-00008.jpg":[24.96263634988777,121.44267849495841],"image-00085.jpg":[24.963522579211457,121.4414361390699],"image-00020.jpg":[24.962712489896692,121.44244869486893],"image-00069.jpg":[24.963358592323175,121.44173233121779],"image-00013.jpg":[24.962666963799595,121.44257889490149],"image-00080.jpg":[24.963475005280067,121.44153225944719],"image-00050.jpg":[24.963192016823225,121.44208533706194],"image-00066.jpg":[24.96333352167946,121.44179082303836],"image-00005.jpg":[24.962611719917444,121.4427357091357],"image-00040.jpg":[24.96301976579424,121.4422063350797],"image-00025.jpg":[24.96276587748722,121.44237378945552],"image-00019.jpg":[24.96270434361354,121.44246552970345],"image-00094.jpg":[24.963593540085775,121.44125951611736],"image-00098.jpg":[24.963619585962743,121.44118296756469],"image-00104.jpg":[24.96365700919154,121.44107722512729],"image-00054.jpg":[24.963245848694218,121.44202559277076],"image-00124.jpg":[24.963790264637908,121.44080805289866],"image-00001.jpg":[24.962582501221828,121.44278463191446],"image-00031.jpg":[24.962858504011827,121.44230591470563],"image-00078.jpg":[24.963453977220073,121.44156867775641],"image-00110.jpg":[24.963710047116063,121.44099135233185],"image-00059.jpg":[24.96329327322114,121.44193231435332],"image-00090.jpg":[24.963564168191137,121.44133789770376],"image-00123.jpg":[24.963790836927902,121.44082270838051],"image-00118.jpg":[24.963778094747507,121.44089165681676],"image-00043.jpg":[24.963073141597086,121.44217184851536],"image-00064.jpg":[24.963320769463675,121.44183144350549],"image-00075.jpg":[24.963421829167373,121.44162275656747],"image-00035.jpg":[24.962929512618576,121.44226315506819],"image-00010.jpg":[24.962649642254117,121.44263871618001],"image-00046.jpg":[24.963125386130454,121.44213656503501],"image-00114.jpg":[24.963749509678706,121.44094137826558],"image-00052.jpg":[24.963220404168954,121.442056782516],"image-00099.jpg":[24.963625557818144,121.44116404929291],"image-00058.jpg":[24.963286058447604,121.44195230007973],"image-00112.jpg":[24.963730473548697,121.44096599489998],"image-00125.jpg":[24.96378912462307,121.44079248291438],"image-00083.jpg":[24.96350490986585,121.44147517229128],"image-00039.jpg":[24.963002104270796,121.44221790351143],"image-00062.jpg":[24.963310128993463,121.4418720205156],"image-00023.jpg":[24.962741851136368,121.44240116334831],"image-00105.jpg":[24.963664512787606,121.44106145104911],"image-00028.jpg":[24.962808845423837,121.44233731348493],"image-00120.jpg":[24.963786100010836,121.44086489070696],"image-00033.jpg":[24.962893378385488,121.44228499247055],"image-00002.jpg":[24.962584234375186,121.44278210147809],"image-00079.jpg":[24.963464663365134,121.4415506879098],"image-00027.jpg":[24.962793780788296,121.44234868558891],"image-00057.jpg":[24.963277934662482,121.44197151430595],"image-00096.jpg":[24.96360708691154,121.44122103763235],"image-00004.jpg":[24.962601910386553,121.44275386302147],"image-00109.jpg":[24.963699605030065,121.44100381578659],"image-00093.jpg":[24.96358638851293,121.4412789851265],"image-00106.jpg":[24.96367253572883,121.44104649429173],"image-00045.jpg":[24.963108406393406,121.44214862323672],"image-00016.jpg":[24.962683986695104,121.44252067093248],"image-00053.jpg":[24.96323423451847,121.44204130632713],"image-00103.jpg":[24.96365000414793,121.44109341630156],"image-00081.jpg":[24.963485293902956,121.44151358134542],"image-00061.jpg":[24.963305055755395,121.441892084725],"image-00014.jpg":[24.962672535820897,121.4425596134788],"image-00012.jpg":[24.96266130688975,121.44259849867228],"image-00044.jpg":[24.963090919177834,121.44216035871875],"image-00116.jpg":[24.963765847551073,121.44091679409163],"image-00074.jpg":[24.96341071056949,121.441640732156],"image-00119.jpg":[24.963782530825128,121.44087852846883],"image-00030.jpg":[24.9628414281347,121.44231601374526],"image-00073.jpg":[24.963399912781433,121.441658655582],"image-00088.jpg":[24.963548189762953,121.44137735829406],"image-00049.jpg":[24.96317611487897,121.442098799815],"image-00042.jpg":[24.963055177869567,121.44218337290906],"image-00055.jpg":[24.963257439682906,121.44200868430485],"image-00067.jpg":[24.963341065726816,121.44177150544704],"image-00024.jpg":[24.96275338641394,121.44238699140975],"image-00097.jpg":[24.96361340453206,121.44120197947558],"image-00086.jpg":[24.96353152982258,121.44141650327452],"image-00068.jpg":[24.963349391669865,121.4417514235339],"image-00018.jpg":[24.96269672374192,121.44248350160238],"image-00060.jpg":[24.963299508552375,121.44191234606618],"image-00007.jpg":[24.962628839944422,121.4426981824239],"image-00122.jpg":[24.963790408304767,121.44083689683708],"image-00022.jpg":[24.96273112244569,121.44241595864459],"image-00015.jpg":[24.96267818441958,121.44253993822201],"image-00063.jpg":[24.963315281047702,121.44185216234987],"image-00100.jpg":[24.96363137617526,121.44114527897435],"image-00037.jpg":[24.962966100613166,121.44224072704],"image-00115.jpg":[24.963758149125287,121.4409289884845],"image-00087.jpg":[24.96354008991745,121.44139697825734],"image-00011.jpg":[24.962655556527768,121.4426184756719],"image-00084.jpg":[24.96351384958622,121.44145582392866],"image-00091.jpg":[24.963571856058977,121.44131813332663],"image-00047.jpg":[24.963142936985392,121.44212449818912],"image-00038.jpg":[24.96298396649769,121.44222928187742],"image-00101.jpg":[24.96363755555834,121.44112759092975],"image-00017.jpg":[24.962690055121804,121.442501729204],"image-00006.jpg":[24.962620558531427,121.44271744981575],"image-00072.jpg":[24.963389144737363,121.44167676149257],"image-00036.jpg":[24.962947653621917,121.44225179329517],"image-00056.jpg":[24.963268600237242,121.4419902722687],"image-00107.jpg":[24.963681208368612,121.44103169397948],"image-00003.jpg":[24.96259110925557,121.44277142888677],"image-00092.jpg":[24.963579213944836,121.44129852900927],"image-00121.jpg":[24.963788699378604,121.44085086366347],"image-00076.jpg":[24.963432369000188,121.44160470946355],"image-00041.jpg":[24.963037539665276,121.44219489052779],"image-00082.jpg":[24.96349515075536,121.44149461433369],"image-00032.jpg":[24.96287573260753,121.44229557710966],"image-00021.jpg":[24.962721357544645,121.44243224670274],"image-00108.jpg":[24.963690397946348,121.44101824776114],"image-00048.jpg":[24.963159523649484,121.4421118405381],"image-00026.jpg":[24.962779492825224,121.44236062163976],"image-00065.jpg":[24.96332680829532,121.44181196621209],"image-00089.jpg":[24.963556196023568,121.44135774773714],"image-00029.jpg":[24.962822034876407,121.44232838679464],"image-00071.jpg":[24.963378848153475,121.44169497235345],"image-00009.jpg":[24.962643343479552,121.44265877058059],"image-00113.jpg":[24.963740154885535,121.44095353917712],"image-00051.jpg":[24.96320694423221,121.44207138803287]}