{"image-00070.jpg":[24.963379112618263,121.44173627548263],"image-00095.jpg":[24.963613946740928,121.44126076740221],"image-00034.jpg":[24.962908279851494,121.44230142386942],"image-00102.jpg":[24.96365706281653,121.4411302120788],"image-00077.jpg":[24.963455329286074,121.4416084294751],"image-00111.jpg":[24.96373514141925,121.44099819995174],"image-00117.jpg":[24.963788576168177,121.44092432757475],"image-00008.jpg":[24.96262629864918,121.44271013359146],"image-00085.jpg":[24.963535896696822,121.44145699481643],"image-00020.jpg":[24.96270225427862,121.44247802214124],"image-00069.jpg":[24.963368911657405,121.44175479756653],"image-00013.jpg":[24.96265672974077,121.4426093700047],"image-00080.jpg":[24.963487621461258,121.44155379910944],"image-00050.jpg":[24.963200196132295,121.44211020797538],"image-00066.jpg":[24.963343684124204,121.4418131678869],"image-00005.jpg":[24.96260141213969,121.44276799012582],"image-00040.jpg":[24.963021159472024,121.44223270841934],"image-00025.jpg":[24.962757088405418,121.44240215482498],"image-00019.jpg":[24.962693991416067,121.44249500322192],"image-00094.jpg":[24.96360719223909,121.44127990712128],"image-00098.jpg":[24.963633114986365,121.44120334648068],"image-00104.jpg":[24.96367050714206,121.4410970863166],"image-00054.jpg":[24.963255781947407,121.44204956069504],"image-00124.jpg":[24.963805495012924,121.44082781825402],"image-00001.jpg":[24.96257157248021,121.44281729837732],"image-00031.jpg":[24.962853300795825,121.44233354188346],"image-00078.jpg":[24.963466170693096,121.44159048769524],"image-00110.jpg":[24.96372464055624,121.44101120217047],"image-00059.jpg":[24.963303980571173,121.44195539681856],"image-00090.jpg":[24.963577785668658,121.44135846316766],"image-00123.jpg":[24.963806402245307,121.44084229336029],"image-00118.jpg":[24.96379429471342,121.44091149806673],"image-00043.jpg":[24.96307669189897,121.44219778717321],"image-00064.jpg":[24.963331031870048,121.44185395679361],"image-00075.jpg":[24.963433380689672,121.44164470611629],"image-00035.jpg":[24.962927229823993,121.44229027189209],"image-00010.jpg":[24.96263955515913,121.44267003087357],"image-00046.jpg":[24.963131007828252,121.44216215706157],"image-00114.jpg":[24.963765156121376,121.44096145452299],"image-00052.jpg":[24.96322956112913,121.44208120905286],"image-00099.jpg":[24.96363904522824,121.441184324467],"image-00058.jpg":[24.963296766857777,121.44197546074888],"image-00112.jpg":[24.96374560944826,121.44098605876803],"image-00125.jpg":[24.963803973738504,121.44081242318163],"image-00083.jpg":[24.963518038145775,121.44149622677938],"image-00039.jpg":[24.96300279543365,121.44224435776613],"image-00062.jpg":[24.96332059546859,121.44189473695577],"image-00023.jpg":[24.962732310641524,121.44242979320339],"image-00105.jpg":[24.96367810426477,121.44108124554194],"image-00028.jpg":[24.96280163846325,121.44236522111379],"image-00120.jpg":[24.96380220762641,121.4408846669857],"image-00033.jpg":[24.962889617232847,121.44231232020292],"image-00002.jpg":[24.962573343416466,121.44281479347654],"image-00079.jpg":[24.96347708777354,121.44157231243676],"image-00027.jpg":[24.962786005197746,121.44237664963678],"image-00057.jpg":[24.96328856321917,121.44199490120039],"image-00096.jpg":[24.963620697867132,121.4412414447455],"image-00004.jpg":[24.962591422297752,121.44278631345412],"image-00109.jpg":[24.96371394892204,121.4410232645638],"image-00093.jpg":[24.963600034054473,121.4412994620699],"image-00106.jpg":[24.96368629311277,121.44106599001675],"image-00045.jpg":[24.963113376330508,121.44217424929997],"image-00016.jpg":[24.962673555935073,121.4425508137646],"image-00053.jpg":[24.963243843231567,121.44206547296716],"image-00103.jpg":[24.963663437315297,121.44111338409012],"image-00081.jpg":[24.963498112036103,121.44153489766707],"image-00061.jpg":[24.963315642869667,121.44191482371096],"image-00014.jpg":[24.96266220839146,121.44259017242689],"image-00012.jpg":[24.962651112484462,121.44262932315227],"image-00044.jpg":[24.963095189442402,121.44218613905676],"image-00116.jpg":[24.963781872772024,121.44093682511074],"image-00074.jpg":[24.963422013775677,121.44166282579954],"image-00119.jpg":[24.963798721873534,121.44089825997771],"image-00030.jpg":[24.962835511259044,121.4423438247647],"image-00073.jpg":[24.96341098513378,121.44168087890058],"image-00088.jpg":[24.963561738459926,121.4413979305024],"image-00049.jpg":[24.963183695058174,121.44212394074623],"image-00042.jpg":[24.963058000702315,121.44220945841873],"image-00055.jpg":[24.963267685253527,121.44203235998941],"image-00067.jpg":[24.96335124262068,121.44179388455888],"image-00024.jpg":[24.96274417886184,121.44241555666389],"image-00097.jpg":[24.963626981497914,121.44122234210347],"image-00086.jpg":[24.96354495891934,121.44143715588822],"image-00068.jpg":[24.963359607554622,121.44177384662511],"image-00018.jpg":[24.962686303304885,121.44251312778795],"image-00060.jpg":[24.963310181868575,121.44193521434717],"image-00007.jpg":[24.96261874150829,121.44273011171371],"image-00122.jpg":[24.963806225069863,121.44085647821652],"image-00022.jpg":[24.962721300236755,121.44244467304497],"image-00015.jpg":[24.96266780683926,121.44257021559744],"image-00063.jpg":[24.96332559440128,121.44187517251369],"image-00100.jpg":[24.963644849930347,121.44116519242041],"image-00037.jpg":[24.962965319662306,121.44226754438814],"image-00115.jpg":[24.963774000435713,121.44094909685391],"image-00087.jpg":[24.963553587847844,121.44141762033084],"image-00011.jpg":[24.962645413403237,121.44264957711317],"image-00084.jpg":[24.963527086794148,121.44147673500393],"image-00091.jpg":[24.963585495785793,121.44133866322791],"image-00047.jpg":[24.963149261492603,121.44214988740862],"image-00038.jpg":[24.96298390607764,121.4422559788555],"image-00101.jpg":[24.96365097391865,121.44114777690324],"image-00017.jpg":[24.962679632480118,121.4425314157157],"image-00006.jpg":[24.962610384523476,121.4427495162418],"image-00072.jpg":[24.963399996364895,121.44169907489072],"image-00036.jpg":[24.962946104332364,121.44227881223831],"image-00056.jpg":[24.96327909108777,121.44201377891474],"image-00107.jpg":[24.963695127547258,121.44105120915864],"image-00003.jpg":[24.962580382006944,121.44280401880732],"image-00092.jpg":[24.963592864163864,121.44131900575519],"image-00121.jpg":[24.96380467347176,121.44087062505992],"image-00076.jpg":[24.96344412045231,121.44162664779002],"image-00041.jpg":[24.963039656597456,121.44222108515538],"image-00082.jpg":[24.963508136434374,121.44151575785403],"image-00032.jpg":[24.96287124137531,121.44232305940882],"image-00021.jpg":[24.9627112932897,121.44246134993459],"image-00108.jpg":[24.963704494985965,121.44103806943893],"image-00048.jpg":[24.963166473016354,121.44213715668896],"image-00026.jpg":[24.96277119383306,121.44238868785192],"image-00065.jpg":[24.963336983474214,121.44183467472467],"image-00089.jpg":[24.963569786437617,121.4413782842811],"image-00029.jpg":[24.962815353196667,121.44235618571787],"image-00071.jpg":[24.96338951275664,121.44171731920514],"image-00009.jpg":[24.962633293983107,121.44269025897054],"image-00113.jpg":[24.963755547095506,121.44097364498495],"image-00051.jpg":[24.963215663978154,121.44209597993589]}