{"image-00070.jpg":[24.96334172233841,121.44172544733689],"image-00095.jpg":[24.963582262110236,121.44125548643648],"image-00034.jpg":[24.96289412722064,121.44229560458913],"image-00102.jpg":[24.96363026054364,121.44112772393537],"image-00077.jpg":[24.96341746453408,121.44159833253667],"image-00111.jpg":[24.96370808593222,121.44099661516603],"image-00117.jpg":[24.963759903441787,121.44092269842372],"image-00008.jpg":[24.962620215509613,121.44270473486714],"image-00085.jpg":[24.963498866725836,121.44144825333257],"image-00020.jpg":[24.96270451215582,121.44247727463566],"image-00069.jpg":[24.963331451630054,121.44174380719521],"image-00013.jpg":[24.96265461303147,121.44260610250835],"image-00080.jpg":[24.96344957644617,121.44154401484707],"image-00050.jpg":[24.96315767589229,121.44209487412559],"image-00066.jpg":[24.963304872650937,121.4418012092558],"image-00005.jpg":[24.962594178995694,121.44276178985902],"image-00040.jpg":[24.96299557714066,121.44222299789226],"image-00025.jpg":[24.962757424458104,121.44240115156822],"image-00019.jpg":[24.962696046934017,121.44249406662361],"image-00094.jpg":[24.963574837294548,121.4412742251339],"image-00098.jpg":[24.9636035825705,121.44119931079922],"image-00104.jpg":[24.96364453937807,121.44109514558973],"image-00054.jpg":[24.96320989043626,121.44203331535934],"image-00124.jpg":[24.963782734565257,121.44082912809102],"image-00001.jpg":[24.962564635728814,121.44281087787186],"image-00031.jpg":[24.962844800412206,121.44232964594087],"image-00078.jpg":[24.963428226727665,121.44158049261944],"image-00110.jpg":[24.963698005711333,121.44100966323563],"image-00059.jpg":[24.963258826705548,121.44194004667074],"image-00090.jpg":[24.963543008513284,121.44135128904632],"image-00123.jpg":[24.963782169542124,121.44084291730758],"image-00118.jpg":[24.963765844573373,121.44091003367703],"image-00043.jpg":[24.963045591585495,121.44218621290756],"image-00064.jpg":[24.96329058348358,121.4418410892473],"image-00075.jpg":[24.96339568206735,121.44163440615671],"image-00035.jpg":[24.96291111645232,121.4422837773183],"image-00010.jpg":[24.962634913263425,121.44266544438898],"image-00046.jpg":[24.963094662563822,121.44214883742274],"image-00114.jpg":[24.963736796736317,121.4409596703187],"image-00052.jpg":[24.963184999089577,121.44206527588489],"image-00099.jpg":[24.963610264750805,121.44118070546558],"image-00058.jpg":[24.963250958043535,121.44195971962137],"image-00112.jpg":[24.96371805490358,121.44098438906498],"image-00125.jpg":[24.96378285964523,121.44081449093488],"image-00083.jpg":[24.963480314374788,121.44148694728685],"image-00039.jpg":[24.962979011743315,121.44223524580349],"image-00062.jpg":[24.96327818131741,121.44188084051771],"image-00023.jpg":[24.962734058187745,121.44242914156271],"image-00105.jpg":[24.963652361203252,121.44107950268122],"image-00028.jpg":[24.96279830942587,121.44236306541562],"image-00120.jpg":[24.96377490942371,121.44088383400039],"image-00033.jpg":[24.962877360796647,121.44230713577754],"image-00002.jpg":[24.962566364871375,121.44280837920874],"image-00079.jpg":[24.963439035253316,121.44156239388401],"image-00027.jpg":[24.962784069831084,121.44237493871975],"image-00057.jpg":[24.963242346589485,121.44197888385375],"image-00096.jpg":[24.963589693090537,121.44123656678445],"image-00004.jpg":[24.96258413828962,121.44277997361688],"image-00109.jpg":[24.963687770698513,121.4410217602426],"image-00093.jpg":[24.96356706294415,121.44129340850193],"image-00106.jpg":[24.96366056904405,121.44106433661736],"image-00045.jpg":[24.963078665547236,121.44216145762016],"image-00016.jpg":[24.96267396921729,121.44254890870783],"image-00053.jpg":[24.96319842100572,121.4420493058737],"image-00103.jpg":[24.963637134483946,121.44111120494165],"image-00081.jpg":[24.96346007782694,121.44152523615176],"image-00061.jpg":[24.96327221057023,121.44190039285492],"image-00014.jpg":[24.962660979445698,121.4425873955115],"image-00012.jpg":[24.962648180222626,121.44262563580412],"image-00044.jpg":[24.963062248854655,121.44217394172156],"image-00116.jpg":[24.963753128147825,121.44093507824005],"image-00074.jpg":[24.963384486215627,121.44165246860919],"image-00119.jpg":[24.963770738877088,121.44089706012502],"image-00030.jpg":[24.962828870876837,121.44234057264785],"image-00073.jpg":[24.963373578849193,121.44167044457637],"image-00088.jpg":[24.963525917127082,121.44139006265124],"image-00049.jpg":[24.963142555062184,121.44210905332454],"image-00042.jpg":[24.963028765119255,121.44219851496399],"image-00055.jpg":[24.963221418707203,121.44201607113365],"image-00067.jpg":[24.963312994718557,121.44178228928823],"image-00024.jpg":[24.96274535579501,121.44241479103854],"image-00097.jpg":[24.96359669788182,121.44121787657242],"image-00086.jpg":[24.963508247011294,121.44142866243658],"image-00068.jpg":[24.963321869415594,121.44176260128373],"image-00018.jpg":[24.96268796880684,121.4425119233567],"image-00060.jpg":[24.963265811344264,121.4419202890279],"image-00007.jpg":[24.962612121449354,121.44272439132439],"image-00122.jpg":[24.963780759974775,121.4408565290174],"image-00022.jpg":[24.96272343548624,121.44244406378932],"image-00015.jpg":[24.96266741512456,121.44256787444424],"image-00063.jpg":[24.9632842311407,121.44186185481901],"image-00100.jpg":[24.96361678006955,121.44116194602299],"image-00037.jpg":[24.96294531244894,121.44225972085998],"image-00115.jpg":[24.963745392786233,121.44094731688833],"image-00087.jpg":[24.96351728586846,121.4414094291335],"image-00011.jpg":[24.962641631689518,121.44264544660368],"image-00084.jpg":[24.963489668635823,121.44146770299501],"image-00091.jpg":[24.96355128579948,121.44133184981172],"image-00047.jpg":[24.963111156294488,121.44213597467294],"image-00038.jpg":[24.962962048009285,121.44224753194936],"image-00101.jpg":[24.963623586337942,121.44114495146252],"image-00017.jpg":[24.962680712641667,121.44252985806006],"image-00006.jpg":[24.962603359003108,121.4427435106679],"image-00072.jpg":[24.963362681787316,121.44168854669303],"image-00036.jpg":[24.962928092755796,121.44227167818234],"image-00056.jpg":[24.963232681672174,121.44199755860424],"image-00107.jpg":[24.963669368272523,121.44104965735312],"image-00003.jpg":[24.962573254546385,121.44279761890789],"image-00092.jpg":[24.963559256207873,121.44131256310067],"image-00121.jpg":[24.963778239713772,121.4408702233109],"image-00076.jpg":[24.96340637749847,121.44161646748304],"image-00041.jpg":[24.963012226297508,121.44221074614705],"image-00082.jpg":[24.96347021928788,121.44150626671063],"image-00032.jpg":[24.962860886200904,121.4423185275576],"image-00021.jpg":[24.962713586154777,121.44246071721523],"image-00108.jpg":[24.96367855154653,121.44103658319841],"image-00048.jpg":[24.96312684361564,121.44212275800317],"image-00026.jpg":[24.962770484734826,121.44238735915387],"image-00065.jpg":[24.963297388302408,121.44182229803762],"image-00089.jpg":[24.963534466906612,121.44137075130814],"image-00029.jpg":[24.9628106974974,121.44235358631884],"image-00071.jpg":[24.963352192865955,121.44170665374739],"image-00009.jpg":[24.96262786280771,121.44268524046558],"image-00113.jpg":[24.96372758463332,121.44097192087418],"image-00051.jpg":[24.963171963096105,121.44208027766823]}