{"image-00070.jpg":[24.185420836995664,120.6350399769799],"image-00095.jpg":[24.18584899893475,120.63517357899747],"image-00034.jpg":[24.184763927283463,120.63483956421746],"image-00102.jpg":[24.185958567974353,120.63521031893394],"image-00077.jpg":[24.185543932317525,120.63507852989828],"image-00058.jpg":[24.185208114734262,120.63497473928535],"image-00117.jpg":[24.18617583248657,120.63528007201555],"image-00008.jpg":[24.184253583415362,120.63463482053385],"image-00085.jpg":[24.185683069944716,120.63512103189584],"image-00020.jpg":[24.184479791487856,120.63475138923874],"image-00069.jpg":[24.18540361440641,120.63503433573516],"image-00013.jpg":[24.184342950224316,120.63469399316676],"image-00080.jpg":[24.18559708476761,120.63509538737205],"image-00050.jpg":[24.185064772589456,120.63492965765177],"image-00066.jpg":[24.185349579052097,120.635017716953],"image-00005.jpg":[24.184249157437883,120.6345526076642],"image-00040.jpg":[24.184881636687386,120.63487505409626],"image-00025.jpg":[24.184583109676165,120.63478494362116],"image-00019.jpg":[24.18445965000575,120.63474423932425],"image-00094.jpg":[24.185833255867802,120.63516812695593],"image-00098.jpg":[24.185896679295304,120.63518926753244],"image-00104.jpg":[24.1859893279607,120.63521991054645],"image-00054.jpg":[24.185137041724186,120.63495211041001],"image-00124.jpg":[24.186267102263063,120.63531146266666],"image-00001.jpg":[24.184391461994352,120.63444496079065],"image-00031.jpg":[24.184703520362845,120.63482138930156],"image-00078.jpg":[24.185560531272834,120.63508360615356],"image-00110.jpg":[24.18607664852465,120.63524808904639],"image-00059.jpg":[24.185224845805607,120.63497995637036],"image-00090.jpg":[24.1857681607115,120.63514731137775],"image-00123.jpg":[24.186254721064756,120.63530713620966],"image-00118.jpg":[24.186189524634894,120.63528498651303],"image-00043.jpg":[24.184937038021197,120.63489259310583],"image-00064.jpg":[24.18531279962549,120.63500732984762],"image-00075.jpg":[24.18550757066466,120.63506722981153],"image-00035.jpg":[24.1847838801352,120.63484578847876],"image-00010.jpg":[24.184288132372192,120.63466048527046],"image-00046.jpg":[24.184992724821363,120.63490876260244],"image-00114.jpg":[24.186134111853118,120.63526692062976],"image-00052.jpg":[24.18510134459504,120.63494077367713],"image-00099.jpg":[24.18591271081124,120.63519433195154],"image-00111.jpg":[24.18609120817743,120.63525274756859],"image-00112.jpg":[24.186105555646698,120.6352575127806],"image-00125.jpg":[24.186279339447978,120.63531555334139],"image-00083.jpg":[24.185648983048633,120.6351115848579],"image-00039.jpg":[24.184863116248184,120.63486918175849],"image-00062.jpg":[24.185277588031934,120.6349964820853],"image-00023.jpg":[24.184541736367386,120.63477192960855],"image-00105.jpg":[24.186004287023145,120.6352247844383],"image-00028.jpg":[24.184641900922422,120.63480260264568],"image-00120.jpg":[24.186216314642426,120.63529395604871],"image-00033.jpg":[24.18474408697974,120.63483342335667],"image-00002.jpg":[24.184384803035087,120.6344503498096],"image-00079.jpg":[24.185578087247,120.63508892623814],"image-00027.jpg":[24.184621093537626,120.63479643628668],"image-00057.jpg":[24.18519055387753,120.63496914899964],"image-00096.jpg":[24.185864748532584,120.63517873667524],"image-00004.jpg":[24.184296257897476,120.63450355974662],"image-00109.jpg":[24.18606179615426,120.63524321396079],"image-00093.jpg":[24.185817272908327,120.63516325582114],"image-00106.jpg":[24.186019106252033,120.63522969351044],"image-00045.jpg":[24.184974096703915,120.63490368290974],"image-00016.jpg":[24.18440080922024,120.63472149733761],"image-00053.jpg":[24.18511898911333,120.63494625085056],"image-00103.jpg":[24.18597450703265,120.63521447955318],"image-00081.jpg":[24.18561446862743,120.63510095692354],"image-00061.jpg":[24.1852607455644,120.63499111096806],"image-00014.jpg":[24.184362215988944,120.63470374898009],"image-00012.jpg":[24.184324246373823,120.63468364088024],"image-00044.jpg":[24.18495542270372,120.63489818364087],"image-00116.jpg":[24.18616166657703,120.6352762318607],"image-00074.jpg":[24.185490644373537,120.63506209983706],"image-00119.jpg":[24.18620290115004,120.63528939717148],"image-00030.jpg":[24.184683241381766,120.63481540555996],"image-00073.jpg":[24.185473619722544,120.6350567616127],"image-00088.jpg":[24.185734233994587,120.63513715349478],"image-00049.jpg":[24.185046685250963,120.63492426548721],"image-00042.jpg":[24.184918794675276,120.63488678865102],"image-00055.jpg":[24.18515476815936,120.63495786738716],"image-00067.jpg":[24.1853673749255,120.63502336169442],"image-00024.jpg":[24.184562258883872,120.63477838640185],"image-00097.jpg":[24.185880829185052,120.63518390750542],"image-00086.jpg":[24.185700603775793,120.63512636527945],"image-00068.jpg":[24.185385019695484,120.63502881237535],"image-00018.jpg":[24.18443972193902,120.63473709236072],"image-00060.jpg":[24.18524296557962,120.63498567397426],"image-00007.jpg":[24.184238424270433,120.63462007876893],"image-00122.jpg":[24.18624197769663,120.63530286686343],"image-00022.jpg":[24.184520711524215,120.63476500401106],"image-00015.jpg":[24.184381489962217,120.63471300879573],"image-00063.jpg":[24.18529550879786,120.63500170879473],"image-00100.jpg":[24.185928939736765,120.63519981411841],"image-00037.jpg":[24.184825139780063,120.63485752227487],"image-00115.jpg":[24.186147973863974,120.63527137062596],"image-00087.jpg":[24.18571749895171,120.63513179237296],"image-00011.jpg":[24.18430591852256,120.63467283722545],"image-00084.jpg":[24.185666051054763,120.63511583795822],"image-00091.jpg":[24.18578443168629,120.63515267849027],"image-00047.jpg":[24.185010988861215,120.63491376977126],"image-00038.jpg":[24.18484475952979,120.63486332618828],"image-00101.jpg":[24.18594455813701,120.63520504483847],"image-00017.jpg":[24.18442001417066,120.63472929059895],"image-00006.jpg":[24.18424043866387,120.6345872637206],"image-00072.jpg":[24.18545533000719,120.63505080398521],"image-00036.jpg":[24.18480457185954,120.63485171813969],"image-00056.jpg":[24.185172660773887,120.63496350227192],"image-00107.jpg":[24.186033062617867,120.63523419238958],"image-00003.jpg":[24.18435345033937,120.63447016437811],"image-00092.jpg":[24.1858009486106,120.63515809014092],"image-00121.jpg":[24.186229319327587,120.63529842620974],"image-00076.jpg":[24.185526317345335,120.6350730440885],"image-00041.jpg":[24.184900229720434,120.63488106378811],"image-00082.jpg":[24.18563101096004,120.63510561822588],"image-00032.jpg":[24.18472383364715,120.6348276278242],"image-00021.jpg":[24.184500124386584,120.63475816219973],"image-00108.jpg":[24.18604733535456,120.63523875352803],"image-00048.jpg":[24.18502923030153,120.63491885604458],"image-00026.jpg":[24.18460379221141,120.6347912034256],"image-00065.jpg":[24.185331132269418,120.63501240665424],"image-00089.jpg":[24.1857513497233,120.63514214391259],"image-00029.jpg":[24.18466252094721,120.63480915193449],"image-00071.jpg":[24.18543857449966,120.63504526152119],"image-00009.jpg":[24.184270652440254,120.63464772984992],"image-00113.jpg":[24.18611986216234,120.63526201002398],"image-00051.jpg":[24.185083288328347,120.63493507687178]}