{"image-00070.jpg":[24.185419682321356,120.63502336657953],"image-00095.jpg":[24.185844747320683,120.63515072272794],"image-00034.jpg":[24.18476658453151,120.63483205958536],"image-00102.jpg":[24.18595344674312,120.63518597197422],"image-00077.jpg":[24.185541924952954,120.63506016493974],"image-00058.jpg":[24.18520824502815,120.63496109691602],"image-00117.jpg":[24.186169957266024,120.63525337071991],"image-00008.jpg":[24.184258915958868,120.63463084165257],"image-00085.jpg":[24.185680204972506,120.63510069987939],"image-00020.jpg":[24.184483555463633,120.63474726974766],"image-00069.jpg":[24.185402738217398,120.63501808711894],"image-00013.jpg":[24.184347740312163,120.63469090850892],"image-00080.jpg":[24.18559473378504,120.63507629951519],"image-00050.jpg":[24.1850658848368,120.63491803657183],"image-00066.jpg":[24.185348985200772,120.63500218227401],"image-00005.jpg":[24.184253844460557,120.63454267351426],"image-00040.jpg":[24.184883904620012,120.63486613479638],"image-00025.jpg":[24.18458605159282,120.63477934333767],"image-00019.jpg":[24.18446361940733,120.6347404051759],"image-00094.jpg":[24.185829252904043,120.63514557652508],"image-00098.jpg":[24.185892219360237,120.63516588447857],"image-00104.jpg":[24.185984381154046,120.6351954459972],"image-00054.jpg":[24.18513766239849,120.63493945454556],"image-00124.jpg":[24.186260186340743,120.63528330845497],"image-00001.jpg":[24.184395019728868,120.63442260818438],"image-00031.jpg":[24.184706188339995,120.6348144552815],"image-00078.jpg":[24.18555854503788,120.63506511004164],"image-00110.jpg":[24.186071221293112,120.63522253980368],"image-00059.jpg":[24.18522502051348,120.63496620789374],"image-00090.jpg":[24.185764641658984,120.63512568748271],"image-00123.jpg":[24.18624797037434,120.63527919459045],"image-00118.jpg":[24.18618328535917,120.63525790740354],"image-00043.jpg":[24.1849390019038,120.63488296340421],"image-00064.jpg":[24.185312177532445,120.63499215936093],"image-00075.jpg":[24.185505858409467,120.63504942520646],"image-00035.jpg":[24.184786432953427,120.63483802599856],"image-00010.jpg":[24.184293315497833,120.63465709062356],"image-00046.jpg":[24.184994365459243,120.63489830560967],"image-00114.jpg":[24.186128296383153,120.63524061679534],"image-00052.jpg":[24.18510219411835,120.6349286006627],"image-00099.jpg":[24.18590826177308,120.6351708251898],"image-00111.jpg":[24.1860858402461,120.63522713123136],"image-00112.jpg":[24.18609997725865,120.6352316174754],"image-00125.jpg":[24.186272325436452,120.63528723098145],"image-00083.jpg":[24.185645942204022,120.63509147744429],"image-00039.jpg":[24.184865437382673,120.63486045886074],"image-00062.jpg":[24.18527725694843,120.63498186500098],"image-00023.jpg":[24.184545022433266,120.63476696331878],"image-00105.jpg":[24.1859993288675,120.63520019648482],"image-00028.jpg":[24.184644576022894,120.63479623083683],"image-00120.jpg":[24.186209888017626,120.63526653265922],"image-00033.jpg":[24.184746777152476,120.63482611913429],"image-00002.jpg":[24.184388503551347,120.63442867718123],"image-00079.jpg":[24.185576060695677,120.63507023576645],"image-00027.jpg":[24.184623772772312,120.6347902677386],"image-00057.jpg":[24.18519086735366,120.63495580224789],"image-00096.jpg":[24.185860502509936,120.63515576690298],"image-00004.jpg":[24.18430066466683,120.63448868805588],"image-00109.jpg":[24.18605649104174,120.63521787742059],"image-00093.jpg":[24.185813169777585,120.63514076612631],"image-00106.jpg":[24.186014031602223,120.63520490082803],"image-00045.jpg":[24.18497582427309,120.63489350716549],"image-00016.jpg":[24.184405142544502,120.63471817434149],"image-00053.jpg":[24.185119779492858,120.6349338757312],"image-00103.jpg":[24.185969954492432,120.63519041661581],"image-00081.jpg":[24.18561184549576,120.63508150296278],"image-00061.jpg":[24.185260621049885,120.63497680256336],"image-00014.jpg":[24.18436690649625,120.63470066914452],"image-00012.jpg":[24.184329146530082,120.63468050328498],"image-00044.jpg":[24.1849573099411,120.63488832295666],"image-00116.jpg":[24.18615551264403,120.63524945792784],"image-00074.jpg":[24.185489163291276,120.63504464321935],"image-00119.jpg":[24.186196641779375,120.63526220293673],"image-00030.jpg":[24.184685857725988,120.63480862489615],"image-00073.jpg":[24.185472208467882,120.63503950705667],"image-00088.jpg":[24.185730797331818,120.63511591725003],"image-00049.jpg":[24.185047924565747,120.63491292209648],"image-00042.jpg":[24.18492083798719,120.63487737364072],"image-00055.jpg":[24.185155267398358,120.63494497383425],"image-00067.jpg":[24.18536654917339,120.63500748741538],"image-00024.jpg":[24.184565284690777,120.63477303091805],"image-00097.jpg":[24.18587650692788,120.63516074696233],"image-00086.jpg":[24.18569757752886,120.63510573940754],"image-00068.jpg":[24.185384189899278,120.6350127802232],"image-00018.jpg":[24.18444383102617,120.63473348251921],"image-00060.jpg":[24.185242930687174,120.63497159985765],"image-00007.jpg":[24.184243888677976,120.63461566407739],"image-00122.jpg":[24.18623530475359,120.63527507932622],"image-00022.jpg":[24.184524149737893,120.63476031983811],"image-00015.jpg":[24.184385980847864,120.6347098165014],"image-00063.jpg":[24.18529509285623,120.63498684304648],"image-00100.jpg":[24.185924379997555,120.63517610441022],"image-00037.jpg":[24.184827670509996,120.63484931182523],"image-00115.jpg":[24.186142077028926,120.63524488876604],"image-00087.jpg":[24.185714227849516,120.63511082804953],"image-00011.jpg":[24.18431103962355,120.63466969773322],"image-00084.jpg":[24.185663422340166,120.63509585660384],"image-00091.jpg":[24.185780695992374,120.6351307541412],"image-00047.jpg":[24.185012535515153,120.63490303152095],"image-00038.jpg":[24.184847267810497,120.63485490787275],"image-00101.jpg":[24.185939912795376,120.63518115425616],"image-00017.jpg":[24.184424212067395,120.63472581186281],"image-00006.jpg":[24.184245614822473,120.6345803345352],"image-00072.jpg":[24.18545388665986,120.6350336619999],"image-00036.jpg":[24.184807095364533,120.63484371881574],"image-00056.jpg":[24.185173062848715,120.63495037814963],"image-00107.jpg":[24.18602790499492,120.63520922084466],"image-00003.jpg":[24.184356807759613,120.63445047004896],"image-00092.jpg":[24.185796949745324,120.63513582219228],"image-00121.jpg":[24.186222856117773,120.63527088893981],"image-00076.jpg":[24.185524381498276,120.63505489011888],"image-00041.jpg":[24.18490234439394,120.63487187161863],"image-00082.jpg":[24.18562845299096,120.63508604357393],"image-00032.jpg":[24.184726423588728,120.63482044830005],"image-00021.jpg":[24.18450377076423,120.63475379963609],"image-00108.jpg":[24.18604207051518,120.63521357770429],"image-00048.jpg":[24.18503065281176,120.63490781734777],"image-00026.jpg":[24.1846066039571,120.6347853045933],"image-00065.jpg":[24.185330597869722,120.634997109345],"image-00089.jpg":[24.18574794831244,120.63512076722266],"image-00029.jpg":[24.18466512244411,120.63480255021354],"image-00071.jpg":[24.18543741471409,120.63502847840113],"image-00009.jpg":[24.184275789979228,120.63464395386629],"image-00113.jpg":[24.18611427712121,120.63523598913807],"image-00051.jpg":[24.18508432115828,120.63492320705399]}