{"image-00070.jpg":[24.185424403318617,120.63504433199277],"image-00095.jpg":[24.185853816632388,120.63518594155698],"image-00034.jpg":[24.184765603049147,120.63483201732029],"image-00102.jpg":[24.18596417741109,120.63522560020597],"image-00077.jpg":[24.185547927482315,120.63508529718203],"image-00058.jpg":[24.18521104711097,120.63497518350738],"image-00117.jpg":[24.186183329943844,120.63530136710565],"image-00008.jpg":[24.184242924829533,120.63459871665586],"image-00085.jpg":[24.185687425922243,120.63513026701875],"image-00020.jpg":[24.184479777300453,120.63473732722233],"image-00069.jpg":[24.185407229207847,120.63503849093946],"image-00013.jpg":[24.184339404187263,120.63467176397751],"image-00080.jpg":[24.185601335428654,120.63510331324679],"image-00050.jpg":[24.18506715394531,120.63492720445561],"image-00066.jpg":[24.185352977857985,120.63502079608426],"image-00005.jpg":[24.18422036961581,120.63448429498371],"image-00040.jpg":[24.184883858916663,120.6348699073873],"image-00025.jpg":[24.184583605200768,120.63477321133402],"image-00019.jpg":[24.184459451136618,120.63472955479878],"image-00094.jpg":[24.185838048184397,120.63518018444366],"image-00098.jpg":[24.185901949871116,120.63520303381624],"image-00104.jpg":[24.18599542924163,120.63523634530395],"image-00054.jpg":[24.185139644910503,120.63495101676952],"image-00124.jpg":[24.18627510734499,120.63533502914919],"image-00001.jpg":[24.18433020569864,120.6343205968088],"image-00031.jpg":[24.184704731733955,120.63481234865765],"image-00078.jpg":[24.18556469619057,120.63509085071095],"image-00110.jpg":[24.186083359412546,120.63526673676458],"image-00059.jpg":[24.185227994438755,120.6349809541799],"image-00090.jpg":[24.185772667507763,120.63515797663621],"image-00123.jpg":[24.186262667037013,120.63533040351165],"image-00118.jpg":[24.18619693119733,120.63530639719366],"image-00043.jpg":[24.184939574747702,120.63488872102131],"image-00064.jpg":[24.185316026737286,120.63500971014517],"image-00075.jpg":[24.18551150210937,120.63507338176339],"image-00035.jpg":[24.18478565439859,120.63483867246458],"image-00010.jpg":[24.184280886026947,120.63463090770176],"image-00046.jpg":[24.184995244989516,120.63490558359138],"image-00114.jpg":[24.186141212753235,120.63528703011664],"image-00052.jpg":[24.18510377092546,120.63493889320549],"image-00099.jpg":[24.18591817052727,120.63520860755176],"image-00111.jpg":[24.186098153781323,120.63527195288006],"image-00112.jpg":[24.186112496914262,120.63527694135652],"image-00125.jpg":[24.186287429248924,120.6353394395205],"image-00083.jpg":[24.185653066511218,120.63512002248416],"image-00039.jpg":[24.184865182144307,120.63486353455505],"image-00062.jpg":[24.185280779215717,120.63499831072076],"image-00023.jpg":[24.18454213411858,120.63475944909406],"image-00105.jpg":[24.186010574888844,120.63524172006407],"image-00028.jpg":[24.18464258145111,120.63479193756453],"image-00120.jpg":[24.186223937554754,120.63531611213446],"image-00033.jpg":[24.184745603141188,120.63482536284175],"image-00002.jpg":[24.184325233324554,120.63432887578797],"image-00079.jpg":[24.185582357487874,120.63509656508086],"image-00027.jpg":[24.18462163482583,120.63478529354626],"image-00057.jpg":[24.185193468141446,120.6349693043371],"image-00096.jpg":[24.185869786156537,120.63519166233895],"image-00004.jpg":[24.184253925499853,120.63441166331623],"image-00109.jpg":[24.186068426693517,120.63526151273393],"image-00093.jpg":[24.18582182426363,120.63517474340505],"image-00106.jpg":[24.18602548940047,120.63524700241672],"image-00045.jpg":[24.184976671856216,120.63490036786101],"image-00016.jpg":[24.18439943094497,120.63470393432897],"image-00053.jpg":[24.185121530463345,120.634944789587],"image-00103.jpg":[24.18598068289574,120.63523074658914],"image-00081.jpg":[24.185618652596833,120.6351090495978],"image-00061.jpg":[24.185263948708467,120.6349927040556],"image-00014.jpg":[24.18435957396877,120.634683380519],"image-00012.jpg":[24.18431964634683,120.63465928548081],"image-00044.jpg":[24.184958038916548,120.6348946815418],"image-00116.jpg":[24.18616886033345,120.63529692774048],"image-00074.jpg":[24.185494669556416,120.63506815275178],"image-00119.jpg":[24.186210475740786,120.63531126135257],"image-00030.jpg":[24.18468426608999,120.63480582796659],"image-00073.jpg":[24.18547753537515,120.63506240813395],"image-00088.jpg":[24.185738568358513,120.63514711078784],"image-00049.jpg":[24.185049064187684,120.63492156546636],"image-00042.jpg":[24.18492120056622,120.63488245540846],"image-00055.jpg":[24.185157478714405,120.63495720213648],"image-00067.jpg":[24.1853707406731,120.63502665803153],"image-00024.jpg":[24.18456261442787,120.63476614654815],"image-00097.jpg":[24.185885987540672,120.63519725151522],"image-00086.jpg":[24.185704946274164,120.63513582483162],"image-00068.jpg":[24.185388550729268,120.63503259830871],"image-00018.jpg":[24.18443926004542,120.63472167087026],"image-00060.jpg":[24.185246101066934,120.6349869202448],"image-00007.jpg":[24.18422558540201,120.63457986762185],"image-00122.jpg":[24.186249808608427,120.6353257618979],"image-00022.jpg":[24.184520969163216,120.6347519897341],"image-00015.jpg":[24.184379542876602,120.63469416288686],"image-00063.jpg":[24.185298719116446,120.63500379742153],"image-00100.jpg":[24.185934543829006,120.63521456407454],"image-00037.jpg":[24.184827069582152,120.63485114293516],"image-00115.jpg":[24.18615516133198,120.63529181498049],"image-00087.jpg":[24.18572179963743,120.63514144821028],"image-00011.jpg":[24.18430025844322,120.63464630981542],"image-00084.jpg":[24.18567049742812,120.63512496526886],"image-00091.jpg":[24.1857889479916,120.63516361495482],"image-00047.jpg":[24.1850134519938,120.63491072163896],"image-00038.jpg":[24.184846799505248,120.63485736605516],"image-00101.jpg":[24.185950312701493,120.63522026452209],"image-00017.jpg":[24.184419083811065,120.6347127854601],"image-00006.jpg":[24.184220116949025,120.63453380805063],"image-00072.jpg":[24.18545897111335,120.63505577139846],"image-00036.jpg":[24.18480641532875,120.63484496227944],"image-00056.jpg":[24.185175467568197,120.63496323879033],"image-00107.jpg":[24.186039535862424,120.63525184406438],"image-00003.jpg":[24.184299591200602,120.63435867047741],"image-00092.jpg":[24.18580542271951,120.635169224525],"image-00121.jpg":[24.186237127533758,120.63532106838821],"image-00076.jpg":[24.18553020652797,120.63507940426868],"image-00041.jpg":[24.184902532068683,120.63487631747486],"image-00082.jpg":[24.185635323193797,120.63511409791624],"image-00032.jpg":[24.18472515287209,120.63481902941439],"image-00021.jpg":[24.184500291958617,120.63474468860761],"image-00108.jpg":[24.186053869446148,120.63525670771907],"image-00048.jpg":[24.185031624089856,120.63491592718412],"image-00026.jpg":[24.18460432614695,120.63477981172252],"image-00065.jpg":[24.18533449808278,120.63501520424074],"image-00089.jpg":[24.18575582022443,120.63515251909759],"image-00029.jpg":[24.184663363353433,120.63479902739178],"image-00071.jpg":[24.185442263916713,120.63505003214334],"image-00009.jpg":[24.184261606015852,120.63461476142248],"image-00113.jpg":[24.186126950775318,120.63528186057837],"image-00051.jpg":[24.185085701943933,120.63493291170008]}