{
    "image-00081.jpg": {
        "25.009334,121.463628": [
            59134.0, 
            59134.0, 
            60670.0, 
            59135.0, 
            59135.0, 
            59135.0, 
            60159.0, 
            60159.0, 
            60673.0, 
            58114.0, 
            58114.0, 
            60674.0, 
            58115.0, 
            58627.0, 
            59139.0, 
            59139.0, 
            60163.0, 
            57604.0, 
            58116.0, 
            60676.0, 
            60690.0, 
            60690.0, 
            61669.0, 
            63278.0, 
            56551.0, 
            56551.0, 
            56551.0, 
            56552.0, 
            57577.0, 
            56554.0, 
            57066.0, 
            55022.0, 
            65248.0, 
            61203.0, 
            63240.0, 
            64264.0, 
            60180.0, 
            60681.0, 
            64276.0, 
            60682.0, 
            59146.0, 
            59658.0, 
            58624.0, 
            58123.0, 
            63744.0, 
            69376.0, 
            59148.0, 
            59660.0, 
            62722.0, 
            63746.0, 
            60162.0, 
            62723.0, 
            61200.0, 
            68345.0, 
            61713.0, 
            59143.0, 
            59666.0, 
            60690.0
        ]
    }, 
    "image-00125.jpg": {
        "25.009373,121.463549": [
            60158.0, 
            60670.0, 
            60670.0, 
            61183.0, 
            62719.0, 
            62719.0, 
            62719.0, 
            63743.0, 
            63743.0, 
            62209.0, 
            62209.0, 
            62209.0, 
            62721.0, 
            62721.0, 
            64769.0, 
            64769.0, 
            60674.0, 
            60674.0, 
            61698.0, 
            61698.0, 
            62722.0, 
            62722.0, 
            62722.0, 
            63234.0, 
            63234.0, 
            63234.0, 
            64770.0, 
            64770.0, 
            62723.0, 
            62723.0, 
            64259.0, 
            64259.0, 
            64771.0, 
            62212.0, 
            62724.0, 
            62724.0, 
            64772.0, 
            64772.0, 
            65284.0, 
            65284.0, 
            62214.0, 
            62214.0, 
            63238.0, 
            63238.0, 
            65798.0, 
            65798.0, 
            62727.0, 
            62727.0, 
            64775.0, 
            64775.0, 
            65287.0, 
            65287.0, 
            65799.0, 
            65799.0, 
            62216.0, 
            62216.0, 
            62728.0, 
            62728.0, 
            62728.0, 
            63752.0, 
            63752.0, 
            66312.0, 
            66312.0, 
            62217.0, 
            62217.0, 
            62729.0, 
            62729.0, 
            62729.0, 
            62729.0, 
            63241.0, 
            63241.0, 
            63241.0, 
            64777.0, 
            64777.0, 
            64777.0, 
            65289.0, 
            65289.0, 
            65801.0, 
            65801.0, 
            62730.0, 
            62730.0, 
            62730.0, 
            65290.0, 
            65290.0, 
            65290.0, 
            62220.0, 
            62220.0, 
            62220.0, 
            63244.0, 
            63244.0, 
            63244.0, 
            65292.0, 
            65292.0, 
            65292.0, 
            65804.0, 
            62733.0, 
            62733.0, 
            62733.0, 
            65293.0, 
            65293.0, 
            65805.0, 
            65805.0, 
            66317.0, 
            66317.0, 
            67341.0, 
            62734.0, 
            62734.0, 
            62734.0, 
            62734.0, 
            64782.0, 
            64782.0, 
            65294.0, 
            65294.0, 
            65806.0, 
            65806.0, 
            66318.0, 
            66318.0, 
            63247.0, 
            63247.0, 
            66319.0, 
            66319.0, 
            62225.0, 
            62225.0, 
            62737.0, 
            62737.0, 
            62737.0, 
            65297.0, 
            65297.0, 
            61714.0, 
            62738.0, 
            62738.0, 
            63250.0, 
            63250.0, 
            63762.0, 
            63762.0, 
            65298.0, 
            65810.0, 
            65810.0, 
            65810.0, 
            66322.0, 
            66322.0, 
            66322.0, 
            66834.0, 
            66834.0, 
            66834.0, 
            62739.0, 
            62739.0, 
            65299.0, 
            65299.0, 
            66323.0, 
            66323.0, 
            66323.0, 
            61716.0, 
            62740.0, 
            62740.0, 
            63252.0, 
            63252.0, 
            64276.0, 
            64276.0, 
            65300.0, 
            65812.0, 
            65812.0, 
            65812.0, 
            66324.0, 
            66324.0, 
            66324.0, 
            66836.0, 
            66836.0, 
            66836.0, 
            61718.0, 
            62742.0, 
            62742.0, 
            63254.0, 
            63254.0, 
            64278.0, 
            64278.0, 
            65302.0, 
            65302.0, 
            65302.0, 
            65814.0, 
            65814.0, 
            65814.0, 
            66838.0, 
            66838.0, 
            62231.0, 
            62231.0, 
            62743.0, 
            62743.0, 
            63255.0, 
            65303.0, 
            65303.0, 
            65815.0, 
            65815.0, 
            66327.0, 
            66327.0, 
            66839.0, 
            66839.0, 
            63256.0, 
            63256.0, 
            64792.0, 
            64792.0, 
            64792.0, 
            65304.0, 
            65304.0, 
            66328.0, 
            66328.0, 
            64281.0, 
            64794.0, 
            66786.0
        ]
    }, 
    "image-00090.jpg": {
        "25.009227,121.463728": [
            59409.0, 
            59409.0, 
            62998.0, 
            62998.0, 
            64023.0, 
            64023.0, 
            64025.0, 
            64537.0, 
            62490.0, 
            62490.0, 
            64027.0, 
            64027.0, 
            62492.0, 
            62492.0, 
            61474.0, 
            61474.0, 
            62498.0, 
            62498.0, 
            62498.0, 
            64547.0, 
            64547.0, 
            64548.0, 
            64550.0, 
            64039.0, 
            64039.0, 
            64551.0, 
            65063.0, 
            57896.0, 
            57896.0, 
            58408.0, 
            58408.0, 
            58408.0, 
            61480.0, 
            61480.0, 
            62504.0, 
            62504.0, 
            62504.0, 
            63016.0, 
            63016.0, 
            64040.0, 
            64552.0, 
            65064.0, 
            61993.0, 
            61993.0, 
            63017.0, 
            63017.0, 
            65065.0, 
            65065.0, 
            61996.0, 
            63020.0, 
            63020.0, 
            63020.0
        ]
    },