{"image-00070.jpg":[24.9983681585451,121.52664588236836],"image-00095.jpg":[24.998272102639223,121.52664672972365],"image-00034.jpg":[24.998368148345698,121.52664586551296],"image-00102.jpg":[24.99820151814572,121.52664903687818],"image-00077.jpg":[24.99836648462277,121.52664580842003],"image-00058.jpg":[24.998368145676988,121.52664588393424],"image-00117.jpg":[24.998020323407122,121.5266485008609],"image-00008.jpg":[24.998368143113975,121.52664586987547],"image-00085.jpg":[24.998344134375465,121.52664570975415],"image-00020.jpg":[24.998368150541516,121.52664587355707],"image-00069.jpg":[24.9983681585451,121.52664588236836],"image-00013.jpg":[24.99836814579658,121.5266458742759],"image-00080.jpg":[24.9983628117496,121.5266457885217],"image-00050.jpg":[24.998368141515936,121.52664586398348],"image-00066.jpg":[24.9983681585451,121.52664588236836],"image-00005.jpg":[24.998368146793382,121.5266458795706],"image-00040.jpg":[24.99836814073795,121.52664586538687],"image-00025.jpg":[24.99836814761058,121.5266458733548],"image-00019.jpg":[24.998368150298116,121.52664588592488],"image-00094.jpg":[24.998280950145585,121.52664643454867],"image-00098.jpg":[24.998243476145714,121.5266474352683],"image-00104.jpg":[24.998181242935104,121.52664974226637],"image-00054.jpg":[24.99836814593209,121.52664586418626],"image-00124.jpg":[24.99792273085187,121.52664496350107],"image-00001.jpg":[24.998368140692527,121.52664587967836],"image-00031.jpg":[24.998368137017295,121.52664587623084],"image-00078.jpg":[24.998365743764424,121.52664584842583],"image-00110.jpg":[24.99811053817462,121.52665113648274],"image-00059.jpg":[24.998368144017068,121.52664585479866],"image-00090.jpg":[24.998313476520234,121.52664587308057],"image-00123.jpg":[24.997936884783606,121.52664565170542],"image-00118.jpg":[24.998006889012856,121.5266480216903],"image-00043.jpg":[24.998368154053196,121.5266458618057],"image-00064.jpg":[24.99836815872403,121.52664588210365],"image-00075.jpg":[24.9983675415785,121.52664581357556],"image-00035.jpg":[24.99836815050689,121.52664587677222],"image-00010.jpg":[24.998368140406008,121.52664587056414],"image-00046.jpg":[24.998368153537236,121.52664586731538],"image-00114.jpg":[24.9980598933624,121.52664981309127],"image-00052.jpg":[24.9983681409342,121.52664585463893],"image-00099.jpg":[24.998233344067266,121.52664776362923],"image-00111.jpg":[24.998098145234167,121.52665097965418],"image-00112.jpg":[24.99808552764858,121.5266507053424],"image-00125.jpg":[24.9979086774063,121.52664439947898],"image-00083.jpg":[24.99835321638271,121.52664577842819],"image-00039.jpg":[24.998368142283166,121.5266458616974],"image-00062.jpg":[24.998368160232573,121.52664588229484],"image-00023.jpg":[24.998368149589528,121.52664586181184],"image-00105.jpg":[24.998169932695568,121.52665007390635],"image-00028.jpg":[24.998368146618773,121.52664588742729],"image-00120.jpg":[24.99797900602718,121.52664715758874],"image-00033.jpg":[24.998368140520046,121.52664585264468],"image-00002.jpg":[24.998368148042296,121.52664587470619],"image-00079.jpg":[24.998364600773247,121.52664583699104],"image-00027.jpg":[24.998368135275648,121.52664585362564],"image-00057.jpg":[24.998368147180155,121.52664585521167],"image-00096.jpg":[24.99826282396226,121.52664697071015],"image-00004.jpg":[24.998368153383808,121.52664589196016],"image-00109.jpg":[24.998122730939123,121.52665103554786],"image-00093.jpg":[24.998289576338436,121.52664625902605],"image-00106.jpg":[24.998158392997727,121.52665036412552],"image-00045.jpg":[24.998368162665173,121.52664589176322],"image-00016.jpg":[24.998368157245118,121.52664589058283],"image-00053.jpg":[24.998368146945882,121.52664586414673],"image-00103.jpg":[24.998190513733782,121.52664945463357],"image-00081.jpg":[24.998360287112327,121.52664577525805],"image-00061.jpg":[24.998368158634076,121.52664588266434],"image-00014.jpg":[24.998368148849035,121.5266458730178],"image-00012.jpg":[24.99836814691825,121.52664587386171],"image-00044.jpg":[24.998368157459232,121.52664587283142],"image-00116.jpg":[24.998033637044742,121.52664892065303],"image-00074.jpg":[24.99836790407908,121.52664584088204],"image-00119.jpg":[24.99799290809677,121.52664768607224],"image-00030.jpg":[24.99836812310807,121.52664587779267],"image-00073.jpg":[24.998368056141402,121.52664583915674],"image-00088.jpg":[24.99832720427051,121.52664581741821],"image-00049.jpg":[24.998368154356896,121.52664587852755],"image-00042.jpg":[24.99836818145188,121.5266458840585],"image-00055.jpg":[24.998368149255068,121.52664585633404],"image-00067.jpg":[24.998368154322126,121.52664585775437],"image-00024.jpg":[24.99836815558794,121.52664587720189],"image-00097.jpg":[24.99825330137994,121.52664721950676],"image-00086.jpg":[24.998338928202273,121.52664568638309],"image-00068.jpg":[24.9983681585451,121.52664588236836],"image-00018.jpg":[24.99836814659144,121.52664588259431],"image-00060.jpg":[24.9983681605169,121.5266458826344],"image-00007.jpg":[24.998368155630306,121.5266458770569],"image-00122.jpg":[24.997950902685538,121.52664606217917],"image-00022.jpg":[24.99836815090998,121.52664587736517],"image-00015.jpg":[24.998368141052836,121.52664587539127],"image-00063.jpg":[24.998368158545112,121.5266458823684],"image-00100.jpg":[24.99822296236363,121.52664820915322],"image-00037.jpg":[24.998368151500443,121.52664585971701],"image-00115.jpg":[24.998046820748357,121.52664942235182],"image-00087.jpg":[24.998333274615433,121.52664577266343],"image-00011.jpg":[24.998368145265406,121.52664588622528],"image-00084.jpg":[24.998348920442577,121.52664576813734],"image-00091.jpg":[24.99830588389302,121.52664593014808],"image-00047.jpg":[24.998368151033777,121.52664585960744],"image-00038.jpg":[24.99836814156193,121.52664586400414],"image-00101.jpg":[24.99821231117867,121.5266485836701],"image-00017.jpg":[24.998368141249912,121.52664588834817],"image-00006.jpg":[24.998368151137587,121.52664587187502],"image-00072.jpg":[24.9983681585451,121.52664588236836],"image-00036.jpg":[24.998368135237833,121.52664586245554],"image-00056.jpg":[24.998368143287397,121.52664586267292],"image-00107.jpg":[24.998146573402657,121.526650622915],"image-00003.jpg":[24.998368140866404,121.52664587899805],"image-00092.jpg":[24.998297899654656,121.52664611277554],"image-00121.jpg":[24.99796502028121,121.52664664254993],"image-00076.jpg":[24.99836706942894,121.5266458009161],"image-00041.jpg":[24.998368150647707,121.52664586418422],"image-00082.jpg":[24.998357080117092,121.52664587263874],"image-00032.jpg":[24.998368151448,121.52664588140277],"image-00021.jpg":[24.998368141279705,121.52664587871749],"image-00108.jpg":[24.998134725478128,121.52665082171373],"image-00048.jpg":[24.99836816551702,121.5266458663917],"image-00026.jpg":[24.99836814654097,121.52664588624926],"image-00065.jpg":[24.9983681585451,121.52664588236836],"image-00089.jpg":[24.998320599562337,121.52664578886137],"image-00029.jpg":[24.998368138994543,121.52664588233003],"image-00071.jpg":[24.9983681585451,121.52664588236836],"image-00009.jpg":[24.998368140270536,121.52664586998878],"image-00113.jpg":[24.99807277964798,121.52665024865833],"image-00051.jpg":[24.998368146332083,121.5266458673223]}