{"image-00070.jpg":[24.998403658027993,121.52664882518907],"image-00095.jpg":[24.998306029828285,121.526648477253],"image-00034.jpg":[24.99840364729524,121.52664880823633],"image-00102.jpg":[24.99823437083153,121.52664989670606],"image-00077.jpg":[24.998401956047598,121.52664873038347],"image-00058.jpg":[24.998403645165105,121.52664882656559],"image-00117.jpg":[24.998050048989146,121.52664712633546],"image-00008.jpg":[24.99840363708095,121.52664881324824],"image-00085.jpg":[24.998379219066752,121.52664835621141],"image-00020.jpg":[24.998403644990365,121.52664881697532],"image-00069.jpg":[24.998403658027993,121.52664882518907],"image-00013.jpg":[24.998403640864176,121.52664881753527],"image-00080.jpg":[24.998398232562604,121.52664866333298],"image-00050.jpg":[24.998403645225533,121.52664880591476],"image-00066.jpg":[24.998403658027993,121.52664882518907],"image-00005.jpg":[24.998403641550116,121.52664882289704],"image-00040.jpg":[24.99840362981823,121.52664880942527],"image-00025.jpg":[24.998403642309484,121.52664881669313],"image-00019.jpg":[24.99840364619943,121.52664882914647],"image-00094.jpg":[24.99831499078133,121.5266482964129],"image-00098.jpg":[24.998276966021244,121.52664882268189],"image-00104.jpg":[24.998213773466567,121.52665034911772],"image-00054.jpg":[24.9984036442338,121.52664880696574],"image-00124.jpg":[24.997950817686473,121.52664237446137],"image-00001.jpg":[24.998403641066343,121.52664882210178],"image-00031.jpg":[24.99840362989125,121.52664881968019],"image-00078.jpg":[24.99840120669421,121.52664876069107],"image-00110.jpg":[24.998141933980577,121.52665086130176],"image-00059.jpg":[24.99840363725922,121.52664879826884],"image-00090.jpg":[24.998348055223964,121.52664813849474],"image-00123.jpg":[24.997965261649647,121.52664323147361],"image-00118.jpg":[24.998036310810523,121.52664649130236],"image-00043.jpg":[24.99840364966678,121.52664880509124],"image-00064.jpg":[24.99840365817675,121.52664882493102],"image-00075.jpg":[24.998403025461066,121.52664874941223],"image-00035.jpg":[24.99840365472307,121.52664881878115],"image-00010.jpg":[24.998403631957636,121.52664881424718],"image-00046.jpg":[24.998403647348304,121.52664881086167],"image-00114.jpg":[24.998090266601455,121.52664893326492],"image-00052.jpg":[24.998403637998727,121.52664879751015],"image-00099.jpg":[24.998266677628013,121.52664902391368],"image-00111.jpg":[24.998129289360676,121.52665055695599],"image-00112.jpg":[24.998116432762455,121.5266501298016],"image-00125.jpg":[24.997936506759373,121.52664163858314],"image-00083.jpg":[24.99838847193325,121.52664853489297],"image-00039.jpg":[24.998403640193207,121.52664880447603],"image-00062.jpg":[24.99840365974484,121.52664882513622],"image-00023.jpg":[24.998403640765986,121.52664880567322],"image-00105.jpg":[24.998202286149883,121.52665053917194],"image-00028.jpg":[24.99840364482347,121.52664883026313],"image-00120.jpg":[24.99800806706835,121.52664526486029],"image-00033.jpg":[24.998403636795974,121.52664879562107],"image-00002.jpg":[24.99840364745958,121.5266488173701],"image-00079.jpg":[24.99840005016637,121.52664873425506],"image-00027.jpg":[24.998403632519697,121.52664879638557],"image-00057.jpg":[24.998403640395033,121.52664879873325],"image-00096.jpg":[24.99829663169325,121.5266485983077],"image-00004.jpg":[24.998403650903317,121.5266488350017],"image-00109.jpg":[24.99815431573631,121.52665091363048],"image-00093.jpg":[24.998323759918918,121.52664822784179],"image-00106.jpg":[24.99819058237758,121.52665068246522],"image-00045.jpg":[24.998403661018283,121.52664883482146],"image-00016.jpg":[24.998403651403486,121.52664883416602],"image-00053.jpg":[24.998403640042504,121.5266488076943],"image-00103.jpg":[24.998223215857525,121.52665017369199],"image-00081.jpg":[24.998395666082857,121.52664861867925],"image-00061.jpg":[24.99840365815995,121.52664882548055],"image-00014.jpg":[24.998403643580943,121.52664881636926],"image-00012.jpg":[24.998403641849567,121.52664881715685],"image-00044.jpg":[24.998403644680163,121.52664881739705],"image-00116.jpg":[24.99806355314297,121.52664771650663],"image-00074.jpg":[24.99840339658106,121.52664878088318],"image-00119.jpg":[24.998022187761386,121.5266459685293],"image-00030.jpg":[24.998403620015292,121.52664882045438],"image-00073.jpg":[24.99840355018268,121.52664878118696],"image-00088.jpg":[24.998361996302137,121.52664825539284],"image-00049.jpg":[24.998403652087898,121.52664882153434],"image-00042.jpg":[24.99840367612745,121.5266488279167],"image-00055.jpg":[24.998403647494612,121.52664879916091],"image-00067.jpg":[24.998403646978215,121.52664880146621],"image-00024.jpg":[24.9984036539106,121.52664882013948],"image-00097.jpg":[24.99828694257929,121.52664873037867],"image-00086.jpg":[24.99837395097299,121.5266482645896],"image-00068.jpg":[24.998403658027993,121.52664882518907],"image-00018.jpg":[24.998403643070045,121.52664882567281],"image-00060.jpg":[24.998403660062085,121.5266488254757],"image-00007.jpg":[24.998403650370268,121.5266488205133],"image-00122.jpg":[24.997979501201854,121.52664381824871],"image-00022.jpg":[24.998403647054513,121.52664882054879],"image-00015.jpg":[24.998403636672045,121.52664881850205],"image-00063.jpg":[24.99840365802801,121.52664882518908],"image-00100.jpg":[24.9982561430581,121.52664933827111],"image-00037.jpg":[24.99840364594696,121.52664880313067],"image-00115.jpg":[24.99807697916289,121.52664837927666],"image-00087.jpg":[24.998368187989634,121.52664828300753],"image-00011.jpg":[24.998403638833086,121.52664882971034],"image-00084.jpg":[24.99838409407476,121.52664847275646],"image-00091.jpg":[24.99834034613882,121.52664809993635],"image-00047.jpg":[24.998403642900048,121.52664880338736],"image-00038.jpg":[24.99840363591145,121.52664880729044],"image-00101.jpg":[24.998245342563003,121.52664957701386],"image-00017.jpg":[24.99840363991092,121.52664883103967],"image-00006.jpg":[24.99840364639211,121.52664881518322],"image-00072.jpg":[24.998403658027993,121.52664882518907],"image-00036.jpg":[24.998403633346843,121.52664880510197],"image-00056.jpg":[24.998403640678635,121.52664880554283],"image-00107.jpg":[24.99817856272906,121.52665079534187],"image-00003.jpg":[24.99840363923351,121.52664882171347],"image-00092.jpg":[24.998332230683168,121.52664818344178],"image-00121.jpg":[24.9979938474693,121.52664457561778],"image-00076.jpg":[24.998402546268363,121.52664873075507],"image-00041.jpg":[24.998403646447073,121.52664880739567],"image-00082.jpg":[24.998392410990085,121.52664867561248],"image-00032.jpg":[24.99840365093254,121.5266488241167],"image-00021.jpg":[24.99840363706756,121.52664882181183],"image-00108.jpg":[24.99816651079372,121.52665084829744],"image-00048.jpg":[24.998403665359756,121.52664880924158],"image-00026.jpg":[24.998403644811123,121.52664882907285],"image-00065.jpg":[24.998403658027993,121.52664882518907],"image-00089.jpg":[24.998355278481316,121.5266481452528],"image-00029.jpg":[24.99840363493917,121.5266488253728],"image-00071.jpg":[24.998403658027993,121.52664882518907],"image-00009.jpg":[24.998403636089744,121.52664881305155],"image-00113.jpg":[24.998103405904896,121.52664952385443],"image-00051.jpg":[24.998403638794116,121.526648810957]}