{"image-00070.jpg":[24.99840427204169,121.5266285020372],"image-00095.jpg":[24.99830617242746,121.5266306656824],"image-00034.jpg":[24.998404261946497,121.52662848629431],"image-00102.jpg":[24.998234099212713,121.52663382919661],"image-00077.jpg":[24.99840256546154,121.52662845571773],"image-00058.jpg":[24.998404259058965,121.52662850363716],"image-00117.jpg":[24.998048973316436,121.52663593540574],"image-00008.jpg":[24.99840425147014,121.52662849207383],"image-00085.jpg":[24.9983797306186,121.52662868493559],"image-00020.jpg":[24.998404259267385,121.52662849534939],"image-00069.jpg":[24.99840427204169,121.5266285020372],"image-00013.jpg":[24.998404255098794,121.52662849587674],"image-00080.jpg":[24.99839882620391,121.5266284857561],"image-00050.jpg":[24.99840425996798,121.5266284833834],"image-00066.jpg":[24.99840427204169,121.5266285020372],"image-00005.jpg":[24.998404255569007,121.52662850099438],"image-00040.jpg":[24.998404244320454,121.52662848939315],"image-00025.jpg":[24.998404256585093,121.52662849510364],"image-00019.jpg":[24.998404259988064,121.52662850663108],"image-00094.jpg":[24.998315185284838,121.52663027024802],"image-00098.jpg":[24.998276950010347,121.52663173064838],"image-00104.jpg":[24.998213380956276,121.5266347827287],"image-00054.jpg":[24.998404258920807,121.52662848526296],"image-00124.jpg":[24.997949442192876,121.52663397068926],"image-00001.jpg":[24.998404255123244,121.52662849935793],"image-00031.jpg":[24.998404243980943,121.5266284985116],"image-00078.jpg":[24.99840181114975,121.52662850302607],"image-00110.jpg":[24.998141163277776,121.52663709970668],"image-00059.jpg":[24.998404252259235,121.52662847798175],"image-00090.jpg":[24.99834842064014,121.52662927511712],"image-00123.jpg":[24.997963923126683,121.52663440524888],"image-00118.jpg":[24.998035192588066,121.52663569729347],"image-00043.jpg":[24.99840426445332,121.52662848378833],"image-00064.jpg":[24.998404272201665,121.5266285017939],"image-00075.jpg":[24.998403639411418,121.52662844720425],"image-00035.jpg":[24.998404268988477,121.52662849528434],"image-00010.jpg":[24.998404246277286,121.52662849352296],"image-00046.jpg":[24.998404261885444,121.52662848959977],"image-00114.jpg":[24.998089317272676,121.5266366215132],"image-00052.jpg":[24.998404253038778,121.52662847663734],"image-00099.jpg":[24.99826660224777,121.52663218274058],"image-00111.jpg":[24.99812846810834,121.52663714173066],"image-00112.jpg":[24.99811556493807,121.52663707016535],"image-00125.jpg":[24.99793509005913,121.52663364275244],"image-00083.jpg":[24.99838902225217,121.526628614554],"image-00039.jpg":[24.998404254961198,121.52662848305741],"image-00062.jpg":[24.99840427376923,121.52662850194295],"image-00023.jpg":[24.99840425547842,121.5266284852505],"image-00105.jpg":[24.998201828760504,121.52663525507552],"image-00028.jpg":[24.998404258563017,121.5266285073551],"image-00120.jpg":[24.998006858517112,121.52663524080646],"image-00033.jpg":[24.998404251906,121.52662847499926],"image-00002.jpg":[24.99840426173977,121.52662849487666],"image-00079.jpg":[24.99840064995478,121.52662850668956],"image-00027.jpg":[24.998404247578733,121.52662847566842],"image-00057.jpg":[24.9984042553916,121.52662847835438],"image-00096.jpg":[24.99829672265346,121.52663101543146],"image-00004.jpg":[24.998404264478715,121.52662851181745],"image-00109.jpg":[24.998153604471906,121.5266368347356],"image-00093.jpg":[24.998324000839716,121.5266299809812],"image-00106.jpg":[24.998190060963072,121.52663568598985],"image-00045.jpg":[24.9984042746523,121.5266285112815],"image-00016.jpg":[24.998404265010674,121.52662851154824],"image-00053.jpg":[24.99840425467165,121.52662848687805],"image-00103.jpg":[24.998222877497,121.5266343721162],"image-00081.jpg":[24.998396248779002,121.52662850904842],"image-00061.jpg":[24.99840427216247,121.52662850230371],"image-00014.jpg":[24.998404257876103,121.5266284947621],"image-00012.jpg":[24.99840425610431,121.52662849551696],"image-00044.jpg":[24.998404258928176,121.52662849690611],"image-00116.jpg":[24.998062520530702,121.52663615437561],"image-00074.jpg":[24.998404011097495,121.5266284671453],"image-00119.jpg":[24.998021020733688,121.52663554875502],"image-00030.jpg":[24.998404234030243,121.52662849883106],"image-00073.jpg":[24.998404165449422,121.52662846365882],"image-00088.jpg":[24.998362426277836,121.52662903166504],"image-00049.jpg":[24.998404266218763,121.52662849898701],"image-00042.jpg":[24.99840429011268,121.52662850497228],"image-00055.jpg":[24.99840426251601,121.52662847779749],"image-00067.jpg":[24.998404261895107,121.52662848088335],"image-00024.jpg":[24.99840426810822,121.52662849752843],"image-00097.jpg":[24.998286979943753,121.52663138980043],"image-00086.jpg":[24.9983744400907,121.52662872896903],"image-00068.jpg":[24.99840427204169,121.5266285020372],"image-00018.jpg":[24.998404256985683,121.5266285033175],"image-00060.jpg":[24.998404274074247,121.52662850225232],"image-00007.jpg":[24.998404264530034,121.52662849853412],"image-00122.jpg":[24.99797820956307,121.52663459914768],"image-00022.jpg":[24.9984042611984,121.52662849842054],"image-00015.jpg":[24.998404250847265,121.52662849680199],"image-00063.jpg":[24.9984042720417,121.52662850203723],"image-00100.jpg":[24.998256002480414,121.52663274720547],"image-00037.jpg":[24.9984042607934,121.52662848220046],"image-00115.jpg":[24.998075986336417,121.52663643573837],"image-00087.jpg":[24.99836864766734,121.52662889626498],"image-00011.jpg":[24.99840425255893,121.52662850770622],"image-00084.jpg":[24.998384625136268,121.52662866926886],"image-00091.jpg":[24.998340674793358,121.52662943423255],"image-00047.jpg":[24.998404257717276,121.52662848292431],"image-00038.jpg":[24.998404250538385,121.52662848639075],"image-00101.jpg":[24.99824513856036,121.52663324551861],"image-00017.jpg":[24.998404253595112,121.52662850813172],"image-00006.jpg":[24.998404260750302,121.52662849348977],"image-00072.jpg":[24.99840427204169,121.5266285020372],"image-00036.jpg":[24.99840424805568,121.52662848377658],"image-00056.jpg":[24.99840425540478,121.5266284841403],"image-00107.jpg":[24.99817797691505,121.5266361010453],"image-00003.jpg":[24.99840425329432,121.52662849935106],"image-00092.jpg":[24.99833251556445,121.52662972077319],"image-00121.jpg":[24.997992596294818,121.52663495123217],"image-00076.jpg":[24.998403158597124,121.52662844164576],"image-00041.jpg":[24.998404261123948,121.52662848601781],"image-00082.jpg":[24.998392975179282,121.52662864548316],"image-00032.jpg":[24.99840426495485,121.52662850118318],"image-00021.jpg":[24.998404251109985,121.52662849990438],"image-00108.jpg":[24.99816586285878,121.52663646065574],"image-00048.jpg":[24.998404280060715,121.52662848669027],"image-00026.jpg":[24.998404258599248,121.52662850621637],"image-00065.jpg":[24.99840427204169,121.5266285020372],"image-00089.jpg":[24.9983556795277,121.52662909959683],"image-00029.jpg":[24.99840424882603,121.5266285033048],"image-00071.jpg":[24.99840427204169,121.5266285020372],"image-00009.jpg":[24.99840425048468,121.5266284916155],"image-00113.jpg":[24.99810249790158,121.52663683932147],"image-00051.jpg":[24.998404253283105,121.52662849010133]}