{
    "image-00084.jpg": {
        "25.044914,121.557828": [
            63193.0, 
            57591.0, 
            68350.0, 
            63196.0, 
            66780.0, 
            67804.0, 
            59652.0, 
            64778.0, 
            66832.0, 
            65748.0, 
            64301.0, 
            62184.0, 
            67798.0
        ]
    }, 
    "image-00074.jpg": {
        "25.044817,121.557826": [
            65233.0, 
            67281.0, 
            60151.0, 
            66807.0, 
            66815.0, 
            64221.0, 
            64222.0, 
            66270.0, 
            68318.0, 
            57626.0, 
            58650.0, 
            57629.0, 
            67812.0, 
            62755.0, 
            56100.0, 
            62757.0, 
            59687.0, 
            66260.0, 
            67284.0, 
            55079.0, 
            63718.0, 
            67814.0, 
            57135.0, 
            66793.0, 
            66287.0, 
            62730.0, 
            61707.0, 
            62732.0, 
            62722.0, 
            62749.0
        ]
    }, 
    "image-00119.jpg": {
        "25.044968,121.557831": [
            67279.0, 
            67279.0, 
            68303.0, 
            61660.0, 
            61660.0, 
            62172.0, 
            64732.0, 
            64732.0, 
            64732.0, 
            61149.0, 
            61149.0, 
            63709.0, 
            63709.0, 
            64733.0, 
            64733.0, 
            64733.0, 
            63198.0, 
            63199.0, 
            63199.0, 
            65249.0, 
            66841.0, 
            66841.0, 
            67354.0, 
            67354.0, 
            66332.0, 
            66332.0, 
            67356.0, 
            68380.0, 
            61142.0, 
            61654.0, 
            61654.0, 
            65750.0, 
            67281.0, 
            67281.0, 
            67281.0, 
            68305.0, 
            68305.0, 
            65239.0, 
            65239.0, 
            62168.0, 
            62168.0, 
            62680.0, 
            62680.0, 
            62680.0, 
            67809.0, 
            68328.0, 
            66275.0, 
            67299.0, 
            68836.0
        ]
    }, 
    "image-00056.jpg": {
        "25.044503,121.557818": [
            59087.0, 
            57053.0, 
            53473.0, 
            53475.0, 
            58596.0, 
            68847.0, 
            59092.0, 
            52445.0, 
            53469.0, 
            58121.0, 
            64265.0, 
            59145.0, 
            57097.0, 
            61147.0, 
            58070.0, 
            57046.0, 
            59147.0, 
            55006.0, 
            60638.0, 
            65755.0, 
            65763.0, 
            56528.0, 
            57044.0, 
            69365.0, 
            57092.0, 
            59612.0, 
            61148.0, 
            60636.0, 
            60189.0, 
            57554.0, 
            56070.0, 
            57094.0, 
            58577.0, 
            57552.0
        ]
    }, 
    "image-00005.jpg": {
        "25.043959,121.557804": [
            65271.0, 
            63234.0, 
            64260.0, 
            64262.0, 
            63238.0, 
            64264.0, 
            63241.0, 
            65246.0, 
            64269.0, 
            63248.0, 
            63206.0, 
            57065.0, 
            62697.0, 
            57066.0, 
            58602.0, 
            61163.0, 
            62699.0, 
            64753.0, 
            65777.0, 
            68340.0, 
            56550.0, 
            61204.0, 
            62228.0, 
            63252.0, 
            58598.0, 
            56045.0, 
            60683.0, 
            62219.0, 
            65280.0, 
            61186.0, 
            62210.0, 
            58626.0, 
            56552.0, 
            60164.0, 
            59140.0, 
            63236.0, 
            61200.0, 
            59664.0, 
            60645.0, 
            61190.0, 
            60166.0, 
            66269.0, 
            56043.0, 
            61202.0, 
            63250.0
        ]
    }, 
    "image-00122.jpg": {
        "25.045185,121.557837": [
            60111.0, 
            59087.0, 
            65298.0, 
            52521.0, 
            55081.0, 
            59689.0, 
            54569.0, 
            65322.0, 
            57642.0, 
            57130.0, 
            56107.0, 
            52524.0, 
            57132.0, 
            57644.0, 
            56108.0, 
            66771.0, 
            54574.0, 
            57646.0, 
            58671.0, 
            55050.0, 
            66773.0, 
            54576.0, 
            53553.0, 
            57137.0, 
            54028.0, 
            53004.0, 
            54040.0, 
            55070.0, 
            56094.0, 
            65312.0, 
            65749.0, 
            55066.0, 
            56090.0, 
            53539.0, 
            66320.0, 
            56092.0, 
            59686.0, 
            57638.0, 
            54566.0, 
            53967.0, 
            54991.0, 
            64209.0, 
            57640.0, 
            53544.0
        ]
    }, 
    "image-00118.jpg": {
        "25.045131,121.557838": [
            66846.0, 
            65822.0, 
            56026.0, 
            58580.0, 
            57556.0, 
            64788.0, 
            63754.0, 
            69342.0, 
            62730.0, 
            65301.0, 
            68351.0, 
            61141.0, 
            60629.0, 
            61653.0, 
            66828.0, 
            65804.0, 
            57111.0, 
            67291.0, 
            68382.0, 
            57112.0, 
            63705.0, 
            61657.0, 
            66829.0, 
            65805.0, 
            57559.0, 
            64799.0, 
            66848.0, 
            64782.0, 
            65824.0, 
            69340.0, 
            66773.0, 
            65749.0, 
            69353.0, 
            67362.0, 
            63185.0, 
            66777.0, 
            67801.0, 
            65753.0, 
            65232.0, 
            66319.0, 
            60186.0, 
            61722.0, 
            64784.0, 
            65808.0, 
            64212.0, 
            67284.0, 
            65236.0, 
            65819.0, 
            68380.0, 
            63703.0, 
            61143.0, 
            62679.0, 
            61655.0, 
            63772.0, 
            62748.0, 
            62672.0
        ]
    }
}