{"image-00084.jpg":{"25.044914,121.557828":[-9.868743896484375,19.020957946777344,1.3165006637573242,-1081043130964246500,9748093070489944000,1950903201020510200,-1.3866183757781982,56.48457336425781,-3.4712531566619873,-28.307418823242188,59.85100555419922,4.067553997039795,-28.212116241455078,59.64950180053711,-1.619836449623108,-28.18498992919922,59.59215545654297,-3.238506555557251,485365939064274940,9879849747869598000,1467304726897885200,11.110846519470215,90.0843505859375,2.2282025814056396,18.110631942749023,91.04829406738281,-2.2788987159729004,-9.947938919067383,16.59713363647461,-6.847590157121886e-7,27.5726375579834,44.747554779052734,1.9359134435653687,-2892142466440364000,9534117112608457000,857973043689947100,-9.46179485321045,16.702404022216797,-0.9430513978004456]},"image-00074.jpg":{"25.044817,121.557826":[-12.307279586791992,6.984547138214111,0.2620735466480255,-12.233563423156738,6.874057292938232,-0.781566321849823,-1206097597777838000,9835348114246992000,1345823535435612200,-6.1438307762146,35.59956741333008,-1.1469680070877075,-2.7254104614257812,84.35318756103516,-2.3358538150787354,-12.144222259521484,13.978045463562012,1.0083649158477783,-12.122344970703125,14.738165855407715,1.0334171056747437,-12.026113510131836,14.527684211730957,-0.34145045280456543,-11.931343078613281,14.320396423339844,-1.6954395771026611,16.418781280517578,42.361305236816406,11.090367317199707,16.404592514038086,42.316627502441406,9.666296005249023,18.85000991821289,43.0615348815918,11.377202987670898,-10.705326080322266,16.852819442749023,-1.4477519989013672,24.01811981201172,44.331939697265625,4.448108196258545,11.19135570526123,14.605321884155273,6.632591247558594,11.555668830871582,14.57380485534668,2.0694069862365723,11.706283569335938,13.343360900878906,4.007252216339111,-12.224717140197754,8.350258827209473,-0.2755991220474243,-12.185998916625977,8.287324905395508,-0.8244520425796509,11.547266960144043,13.027993202209473,7.027139186859131,-28.508312225341797,70.94783782958984,4.244990825653076,-11.702162742614746,21.98476219177246,-1.7016668319702148,14.484878540039062,12.780580520629883,5.905941009521484,-27.89198875427246,79.89232635498047,-2.3253564834594727,-8.164422988891602,23.65897560119629,-0.4330369830131531,10.84425163269043,90.47897338867188,7.515711307525635,12.134860038757324,90.72669982910156,10.07414436340332,13.422980308532715,90.8827896118164,7.568693161010742,129351882240950270,9972063589067915000,735662270704517100,18.767845153808594,42.832420349121094,4.201206207275391]},"image-00119.jpg":{"25.044968,121.557831":[-27.626296997070312,48.809200286865234,-1.8856735229492188,-27.626296997070312,48.809200286865234,-1.8856735229492188,-27.080705642700195,47.97705078125,-3.0841567516326904,-26.473403930664062,66.1424331665039,6.4900593757629395,-26.473403930664062,66.1424331665039,6.4900593757629395,-26.479265213012695,66.15552520751953,5.675736427307129,-26.50844383239746,66.22071838378906,1.6196837425231934,-26.50844383239746,66.22071838378906,1.6196837425231934,-26.50844383239746,66.22071838378906,1.6196837425231934,-26.439374923706055,68.099365234375,7.504696846008301,-26.439374923706055,68.099365234375,7.504696846008301,-26.469118118286133,68.1680679321289,3.3281612396240234,-26.469118118286133,68.1680679321289,3.3281612396240234,-26.480966567993164,68.19544219970703,1.6637802124023438,-26.480966567993164,68.19544219970703,1.6637802124023438,-26.480966567993164,68.19544219970703,1.6637802124023438,-26.433856964111328,70.2377700805664,4.2782487869262695,-6.541319370269775,23.284847259521484,1.1455872058868408,-6.541319370269775,23.284847259521484,1.1455872058868408,-6.318353652954102,23.992464065551758,0.23592324554920197,10.953533172607422,36.90102767944336,-0.8013819456100464,10.953533172607422,36.90102767944336,-0.8013819456100464,11.134501457214355,36.21152114868164,-1.1805481910705566,11.134501457214355,36.21152114868164,-1.1805481910705566,11.483550071716309,34.920143127441406,-0.3799806833267212,11.483550071716309,34.920143127441406,-0.3799806833267212,11.480592727661133,34.91239929199219,-1.1400322914123535,11.47763442993164,34.90464401245117,-1.901051640510559,-27.75568199157715,58.3055419921875,6.590264320373535,-27.76205062866211,58.31735610961914,5.854305744171143,-27.76205062866211,58.31735610961914,5.854305744171143,-27.812713623046875,58.41132736206055,-0.00005234845957602374,-27.67884635925293,51.27507400512695,-1.9632831811904907,-27.67884635925293,51.27507400512695,-1.9632831811904907,-27.67884635925293,51.27507400512695,-1.9632831811904907,-25.74684715270996,48.16446304321289,-3.0497727394104004,-25.74684715270996,48.16446304321289,-3.0497727394104004,-27.840993881225586,60.041259765625,0.7485635280609131,-27.840993881225586,60.041259765625,0.7485635280609131,-26.577783584594727,59.207008361816406,5.139230251312256,-26.577783584594727,59.207008361816406,5.139230251312256,-26.583293914794922,59.217857360839844,4.403061389923096,-26.583293914794922,59.217857360839844,4.403061389923096,-26.583293914794922,59.217857360839844,4.403061389923096,-6.320172309875488,23.997299194335938,-0.9447567462921143,-6.493989944458008,30.724517822265625,-1.5779396295547485,-6.0801472663879395,24.74349021911621,-0.24363604187965393,-6.080839157104492,24.745479583740234,-0.7312389612197876,-5.956427574157715,25.141714096069336,-1.489146113395691]},"image-00056.jpg":{"25.044503,121.557818":[-5280224272487285000,8342389444610884000,1588638583802036200,-3741891781629837300,9039273658190660000,2071176716398624800,-3221874458738295000,9010695701717320000,2902909434055360500,-30.408964157104492,40.12588882446289,27.406063079833984,-30.289587020874023,43.42239761352539,16.214555740356445,-7.392522811889648,-15.055851936340332,-2.291426181793213,-4758724807921500000,8650476451004416000,1588641057703198700,-3631778166009233400,8773264412036301000,3136878086742606000,-3660128523575623700,8841751891818840000,2902908334543732700,17.8840274810791,88.77616119384766,25.30642318725586,9.294161796569824,30.954811096191406,2.8534140586853027,17.881288528442383,88.75772857666016,21.866910934448242,17.886791229248047,88.79473114013672,28.778474807739258,-4025744177357652000,9087262942696571000,1102285145857065000,-4525682768658563000,8727405981065019000,1830459261340090400,-4503640034422817000,8684898311779385000,2071173830180601900,21.35981559753418,89.29572296142578,22.041423797607422,-3588596221217865700,8979198541872234000,2548719080475459600,-3683241632381010000,9216026199669604000,1224170957598359600,-4050422990720991000,9142979045166678000,63520561430528,-30.45270347595215,40.258609771728516,0.00043713790364563465,-5116625188611424000,8307788913196401000,2191069525875622000,-4715422191728984000,8571757465769607000,2071173142985834500,-4.833132266998291,-17.733253479003906,-2.4168450832366943,9.40685749053955,87.48252868652344,28.29312515258789,-3895297842960400400,9092496068288971000,1467368086255435800,-3913926043836088300,9135980653655884000,1102285558173925400,-3908305340394897400,9122859081890005000,1224170132964638700,4.713283061981201,-29.254165649414062,2.4125993251800537,-4936786317993312000,8474779440688136000,1950961612575735800,1074500212145258500,9669867216220193000,2310650074050330600,12.764512062072754,88.001953125,28.47240447998047,-5063500635047985000,8452098165074559000,1709676946956222500,-5143281198759412000,8351072287935431000,1950960925380968400]},