{
    "image-00058.jpg": {
        "24.212575,120.646904": [
            68825.0, 
            68825.0, 
            68826.0, 
            68828.0, 
            68828.0, 
            68828.0, 
            67294.0, 
            67294.0, 
            68318.0, 
            68318.0, 
            68319.0, 
            68319.0, 
            68322.0, 
            68322.0, 
            69346.0, 
            69346.0, 
            69346.0, 
            62164.0, 
            69864.0, 
            69353.0, 
            69353.0, 
            67797.0, 
            57580.0, 
            57580.0, 
            60653.0, 
            60653.0, 
            62189.0, 
            66797.0, 
            61678.0, 
            68823.0, 
            68823.0, 
            66776.0, 
            67288.0, 
            67288.0, 
            68824.0, 
            68824.0, 
            68824.0, 
            66278.0, 
            56556.0, 
            69351.0, 
            69345.0, 
            66793.0, 
            69343.0, 
            65259.0, 
            57579.0
        ]
    }, 
    "image-00067.jpg": {
        "24.212643,120.646982": [
            64749.0, 
            68349.0, 
            65757.0, 
            66813.0, 
            71433.0, 
            71379.0, 
            70355.0, 
            70867.0, 
            69841.0, 
            67850.0, 
            65255.0, 
            66284.0, 
            64748.0, 
            65260.0, 
            63212.0, 
            69333.0, 
            70869.0, 
            69899.0, 
            71435.0, 
            67851.0, 
            69399.0, 
            70423.0, 
            70935.0, 
            66273.0, 
            61144.0, 
            74457.0, 
            75481.0, 
            73945.0, 
            65768.0, 
            67283.0, 
            68307.0, 
            70425.0, 
            70937.0, 
            66785.0, 
            65249.0, 
            70426.0, 
            69916.0, 
            66271.0, 
            62687.0, 
            74455.0, 
            72407.0, 
            72919.0, 
            73943.0, 
            66299.0, 
            65765.0, 
            69327.0, 
            70351.0, 
            70870.0, 
            63723.0, 
            65259.0, 
            63211.0, 
            66311.0
        ]
    }, 
    "image-00050.jpg": {
        "24.212507,120.646823": [
            65758.0, 
            70927.0, 
            71953.0, 
            70929.0, 
            69906.0, 
            71443.0, 
            70419.0, 
            72468.0, 
            70940.0, 
            71965.0, 
            72479.0, 
            69919.0, 
            69919.0, 
            71398.0, 
            71398.0, 
            71911.0, 
            71911.0, 
            72423.0, 
            72423.0, 
            71401.0, 
            61162.0, 
            61169.0, 
            61169.0, 
            61681.0, 
            61681.0, 
            61682.0, 
            62195.0, 
            65267.0, 
            65782.0, 
            66291.0
        ]
    }, 
    "image-00089.jpg": {
        "24.212769,120.647131": [
            61663.0, 
            61663.0, 
            62175.0, 
            62205.0, 
            65299.0, 
            66813.0, 
            66278.0, 
            65801.0, 
            66302.0, 
            67840.0, 
            61153.0, 
            62177.0, 
            66806.0, 
            65794.0, 
            66317.0, 
            65293.0, 
            64287.0, 
            64289.0, 
            65295.0, 
            59103.0, 
            66805.0, 
            66834.0
        ]
    }
}