{
    "image-00090.jpg": {
        "25.010792,121.389491": [
            64503.0, 
            58872.0, 
            58872.0, 
            65016.0, 
            65016.0, 
            58873.0, 
            64505.0, 
            64505.0, 
            63482.0, 
            63482.0, 
            63482.0, 
            62460.0, 
            62460.0, 
            62460.0, 
            62460.0, 
            64508.0, 
            64508.0, 
            64509.0, 
            63486.0, 
            63486.0, 
            57864.0, 
            57864.0, 
            61458.0, 
            60438.0, 
            60439.0, 
            56855.0, 
            57880.0, 
            58392.0, 
            58904.0, 
            60440.0, 
            60440.0, 
            59929.0, 
            56857.0, 
            56857.0, 
            60443.0, 
            69091.0, 
            69091.0, 
            69603.0, 
            69603.0, 
            70627.0, 
            65569.0, 
            69604.0, 
            69604.0, 
            69094.0, 
            69094.0, 
            69094.0, 
            73772.0, 
            68583.0, 
            69095.0, 
            69095.0, 
            68584.0, 
            68585.0, 
            65514.0, 
            62445.0, 
            58329.0
        ]
    }, 
    "image-00036.jpg": {
        "25.009686,121.389221": [
            69839.0, 
            69839.0, 
            63738.0, 
            63738.0, 
            69850.0, 
            69850.0, 
            70362.0, 
            70362.0, 
            63230.0, 
            63230.0, 
            63231.0, 
            63231.0, 
            67282.0, 
            68306.0, 
            68818.0, 
            69842.0, 
            69842.0, 
            68828.0, 
            68828.0, 
            68828.0, 
            70364.0, 
            70876.0, 
            68831.0, 
            69843.0, 
            69843.0, 
            67297.0, 
            64230.0, 
            67816.0, 
            68842.0, 
            68842.0, 
            66798.0, 
            66798.0, 
            66798.0, 
            69847.0, 
            69848.0, 
            67293.0, 
            69342.0, 
            66770.0, 
            67304.0, 
            69335.0, 
            68312.0
        ]
    }, 
    "image-00089.jpg": {
        "25.010880,121.389513": [
            65018.0, 
            65018.0, 
            65020.0, 
            65020.0, 
            63486.0, 
            64510.0, 
            64511.0, 
            62978.0, 
            62978.0, 
            69086.0, 
            68575.0, 
            54294.0, 
            54294.0, 
            57375.0, 
            58911.0, 
            58911.0, 
            58913.0, 
            58913.0, 
            58913.0, 
            63975.0, 
            63975.0, 
            70631.0, 
            64488.0, 
            64488.0, 
            65001.0, 
            65001.0, 
            65513.0, 
            65513.0, 
            65514.0, 
            65516.0, 
            65521.0, 
            62484.0, 
            62444.0, 
            68072.0, 
            68584.0, 
            62958.0, 
            66537.0, 
            62447.0, 
            68581.0
        ]
    }, 
    "image-00050.jpg": {
        "25.009850,121.389300": [
            65753.0, 
            65753.0, 
            65753.0, 
            65753.0, 
            66265.0, 
            66265.0, 
            66265.0, 
            66265.0, 
            66777.0, 
            66267.0, 
            66267.0, 
            66267.0, 
            65234.0, 
            60166.0, 
            60166.0, 
            62726.0, 
            61703.0, 
            65245.0, 
            65245.0, 
            65245.0, 
            66269.0, 
            66269.0, 
            66781.0, 
            66781.0, 
            66781.0, 
            61704.0, 
            62728.0, 
            61194.0, 
            65758.0, 
            65758.0, 
            66270.0, 
            66270.0, 
            67294.0, 
            61203.0, 
            60180.0, 
            57623.0, 
            58135.0, 
            68836.0, 
            62181.0, 
            69350.0, 
            69350.0, 
            68840.0, 
            66796.0, 
            66796.0, 
            69356.0, 
            69356.0, 
            68333.0, 
            68333.0, 
            68845.0, 
            68845.0, 
            68845.0, 
            66798.0, 
            68334.0, 
            68334.0, 
            68846.0, 
            68846.0, 
            69358.0, 
            69358.0, 
            69359.0
        ]
    }, 
    "image-00054.jpg": {
        "25.010031,121.389293": [
            61959.0, 
            65501.0, 
            65501.0, 
            65501.0, 
            61960.0, 
            65548.0, 
            65502.0, 
            65502.0, 
            65502.0, 
            66014.0, 
            66014.0, 
            64525.0, 
            65037.0, 
            65037.0, 
            58894.0, 
            65038.0, 
            66064.0, 
            61407.0, 
            57876.0, 
            57366.0, 
            57366.0, 
            61409.0, 
            61409.0, 
            66017.0, 
            66017.0, 
            66529.0, 
            66529.0, 
            58903.0, 
            58903.0, 
            58903.0, 
            58904.0, 
            58904.0, 
            56856.0, 
            58905.0, 
            56858.0, 
            66018.0, 
            66018.0, 
            66530.0, 
            66530.0, 
            66530.0, 
            60956.0, 
            61468.0, 
            56860.0, 
            60957.0, 
            60957.0, 
            59934.0, 
            60958.0, 
            60958.0, 
            57376.0, 
            57376.0, 
            59936.0, 
            59936.0, 
            60960.0, 
            60960.0, 
            61471.0, 
            56863.0, 
            56863.0, 
            61411.0, 
            66531.0, 
            66531.0, 
            66531.0, 
            66531.0, 
            58913.0, 
            58913.0, 
            58913.0, 
            57378.0, 
            57378.0, 
            59938.0, 
            59938.0, 
            57379.0, 
            57379.0, 
            57891.0, 
            54307.0, 
            54307.0, 
            60963.0, 
            57380.0, 
            57380.0, 
            57892.0, 
            57892.0, 
            59940.0, 
            60452.0, 
            54820.0, 
            54820.0, 
            56356.0, 
            61412.0, 
            61412.0, 
            57894.0, 
            57894.0, 
            70182.0, 
            56871.0, 
            61926.0, 
            64998.0, 
            64998.0, 
            61415.0, 
            61415.0, 
            61911.0, 
            61423.0, 
            63471.0, 
            64998.0, 
            66012.0, 
            65500.0, 
            65503.0
        ]
    }, 
    "image-00088.jpg": {
        "25.010705,121.389470": [
            58872.0, 
            58872.0, 
            60410.0, 
            60410.0, 
            60410.0, 
            64506.0, 
            65018.0, 
            63484.0, 
            64508.0, 
            65020.0, 
            65020.0, 
            64509.0, 
            63486.0, 
            63486.0, 
            64510.0, 
            64510.0, 
            64511.0, 
            62466.0, 
            62467.0, 
            59914.0, 
            59914.0, 
            60428.0, 
            60428.0, 
            61974.0, 
            61974.0, 
            61974.0, 
            61464.0, 
            61464.0, 
            61464.0, 
            60953.0, 
            60953.0, 
            60953.0, 
            61465.0, 
            61465.0, 
            61467.0, 
            68646.0
        ]
    },