{"image-00070.jpg":[25.027723182937333,121.30089255183469],"image-00095.jpg":[25.02796758175449,121.30083695186549],"image-00034.jpg":[25.02708571008126,121.30105666221702],"image-00102.jpg":[25.02799280445838,121.30083168530328],"image-00077.jpg":[25.02781470416815,121.30087063662887],"image-00111.jpg":[25.028004072483938,121.30082927278312],"image-00117.jpg":[25.028005871268416,121.30082888896393],"image-00008.jpg":[25.026488737653516,121.30122521979327],"image-00085.jpg":[25.027898688408595,121.30085159883794],"image-00020.jpg":[25.026778998862127,121.30114404877143],"image-00069.jpg":[25.027707661193812,121.30089636580495],"image-00013.jpg":[25.02660962756869,121.30119036860432],"image-00080.jpg":[25.027849010287987,121.30086280188249],"image-00050.jpg":[25.027377548981406,121.3009789512952],"image-00066.jpg":[25.027660616264946,121.30090822252464],"image-00005.jpg":[25.02641658845926,121.3012460474985],"image-00040.jpg":[25.02720455173884,121.30102470300976],"image-00025.jpg":[25.026895306916327,121.3011105835155],"image-00019.jpg":[25.02675402757452,121.30115080264021],"image-00094.jpg":[25.027962262891172,121.30083804124595],"image-00098.jpg":[25.02798044828137,121.3008342868986],"image-00104.jpg":[25.02799707199656,121.30083077150434],"image-00054.jpg":[25.027446419165933,121.30096125684372],"image-00124.jpg":[25.028005980925958,121.30082886583747],"image-00001.jpg":[25.026351190269192,121.30126504759343],"image-00031.jpg":[25.02702488866287,121.30107348007378],"image-00078.jpg":[25.027827361971102,121.30086776218195],"image-00110.jpg":[25.028003478492607,121.3008293928219],"image-00059.jpg":[25.027530397776573,121.30093997214547],"image-00090.jpg":[25.02793826301458,121.3008430647189],"image-00123.jpg":[25.02800598097122,121.30082886599824],"image-00118.jpg":[25.028005909521113,121.30082887973396],"image-00043.jpg":[25.027257685064264,121.30101061061572],"image-00064.jpg":[25.027624288755064,121.30091729596307],"image-00075.jpg":[25.02779066307913,121.30087632996273],"image-00035.jpg":[25.027107971978136,121.30105040977242],"image-00010.jpg":[25.026538458127867,121.30121077815323],"image-00046.jpg":[25.027312853478797,121.30099600761302],"image-00114.jpg":[25.028005232037387,121.30082902129567],"image-00052.jpg":[25.02741395862666,121.30096958701601],"image-00099.jpg":[25.027984313857313,121.3008334789566],"image-00058.jpg":[25.027510508425316,121.30094461346016],"image-00112.jpg":[25.02800459957802,121.30082916830472],"image-00125.jpg":[25.02800598090822,121.3008288656586],"image-00083.jpg":[25.027881722563354,121.3008553559458],"image-00039.jpg":[25.02718472328246,121.30103003745754],"image-00062.jpg":[25.027589454404215,121.3009258567875],"image-00023.jpg":[25.026847540514613,121.30112445596313],"image-00105.jpg":[25.027998760911814,121.30083040995163],"image-00028.jpg":[25.026962277577812,121.30109143291051],"image-00120.jpg":[25.02800594447564,121.3008288720549],"image-00033.jpg":[25.027068759268108,121.30106124498789],"image-00002.jpg":[25.026356231699005,121.30126360556719],"image-00079.jpg":[25.027839554407077,121.300864956813],"image-00027.jpg":[25.026938921939795,121.30109817180272],"image-00057.jpg":[25.02749714208866,121.30094807400114],"image-00096.jpg":[25.02797250039044,121.30083594742166],"image-00004.jpg":[25.026390936317398,121.3012535243448],"image-00109.jpg":[25.028002927636628,121.30082952242029],"image-00093.jpg":[25.027956454531655,121.30083923368727],"image-00106.jpg":[25.027999842571123,121.30083017241819],"image-00045.jpg":[25.027293947329085,121.30100110058636],"image-00016.jpg":[25.026684449034157,121.30116972095215],"image-00053.jpg":[25.027432075411113,121.3009649417368],"image-00103.jpg":[25.027995097005423,121.3008312044218],"image-00081.jpg":[25.0278605198099,121.30086019746963],"image-00061.jpg":[25.027570518597813,121.30093038368038],"image-00014.jpg":[25.02663458241964,121.30118338009186],"image-00012.jpg":[25.026589392913362,121.30119616994855],"image-00044.jpg":[25.0272757752196,121.30100596176146],"image-00116.jpg":[25.028005758716663,121.30082890341393],"image-00074.jpg":[25.027776906107803,121.30087961105386],"image-00119.jpg":[25.028005901646107,121.30082887191058],"image-00030.jpg":[25.027003204832386,121.30107967019285],"image-00073.jpg":[25.02776374632818,121.30088264524079],"image-00088.jpg":[25.027922932612793,121.30084637400454],"image-00049.jpg":[25.027363202286875,121.30098270779659],"image-00042.jpg":[25.02724245701375,121.30101461682395],"image-00055.jpg":[25.027463598886417,121.30095679266208],"image-00067.jpg":[25.027674490733464,121.30090468793466],"image-00024.jpg":[25.02687115315741,121.30111768870275],"image-00097.jpg":[25.027976189033037,121.30083517032162],"image-00086.jpg":[25.027907605283303,121.30084965541235],"image-00068.jpg":[25.027691324826403,121.30090045415116],"image-00018.jpg":[25.026729083564472,121.3011575597003],"image-00060.jpg":[25.027551021792323,121.30093499592213],"image-00007.jpg":[25.026468147997758,121.30123116827475],"image-00122.jpg":[25.028005980961485,121.3008288661374],"image-00022.jpg":[25.026823288621234,121.30113141144012],"image-00015.jpg":[25.026659138259177,121.30117643282674],"image-00063.jpg":[25.027605111349697,121.30092197294496],"image-00100.jpg":[25.027987691261977,121.30083277224209],"image-00037.jpg":[25.027147489567813,121.30103984046208],"image-00115.jpg":[25.0280055436306,121.30082896137455],"image-00087.jpg":[25.02791630305545,121.30084778826102],"image-00011.jpg":[25.026563595537187,121.3012035296879],"image-00084.jpg":[25.027889401554344,121.30085363562416],"image-00091.jpg":[25.027945175358912,121.30084160347664],"image-00047.jpg":[25.027326902258228,121.30099229319873],"image-00038.jpg":[25.027162908457086,121.30103575223194],"image-00101.jpg":[25.027990122985525,121.30083225415234],"image-00017.jpg":[25.02670418096076,121.3011641900059],"image-00006.jpg":[25.026442541442297,121.30123853342174],"image-00072.jpg":[25.02774976787327,121.30088604975245],"image-00036.jpg":[25.027128914597245,121.30104469743304],"image-00056.jpg":[25.02748032416301,121.30095244889036],"image-00107.jpg":[25.028001054409604,121.30082992640014],"image-00003.jpg":[25.026370733456275,121.30125944914593],"image-00092.jpg":[25.027951565663894,121.30084025806931],"image-00121.jpg":[25.028005980742424,121.30082886637285],"image-00076.jpg":[25.027801708598584,121.30087365861522],"image-00041.jpg":[25.027224164633928,121.30101953701023],"image-00082.jpg":[25.02787156090518,121.300857656002],"image-00032.jpg":[25.027046863091584,121.30106733011348],"image-00021.jpg":[25.02679880885838,121.3011383784962],"image-00108.jpg":[25.02800208262216,121.3008296951018],"image-00048.jpg":[25.027345038538403,121.30098745067586],"image-00026.jpg":[25.02691512612793,121.30110495332569],"image-00065.jpg":[25.027642898619703,121.30091266097722],"image-00089.jpg":[25.027930865287335,121.30084465272354],"image-00029.jpg":[25.026984840464735,121.30108496629029],"image-00071.jpg":[25.027735261137803,121.30088958460473],"image-00009.jpg":[25.026513677691774,121.3012180291114],"image-00113.jpg":[25.028005030949387,121.30082905836223],"image-00051.jpg":[25.027395809023986,121.30097420376225]}