{"image-00070.jpg":[25.028138528909118,121.30084396895148],"image-00095.jpg":[25.028281192275426,121.30081908305837],"image-00034.jpg":[25.027664163208385,121.30094350586097],"image-00102.jpg":[25.028293339239244,121.30081738498453],"image-00077.jpg":[25.02819776214132,121.3008326801837],"image-00111.jpg":[25.02829920477225,121.30081648296793],"image-00117.jpg":[25.028300138361445,121.30081634009525],"image-00008.jpg":[25.027136337260348,121.30106485511334],"image-00085.jpg":[25.028246544767796,121.30082421580752],"image-00020.jpg":[25.027389162868772,121.30100716168315],"image-00069.jpg":[25.02812802188261,121.30084604230728],"image-00013.jpg":[25.027247223954937,121.3010389339062],"image-00080.jpg":[25.02821798363695,121.30082912211873],"image-00050.jpg":[25.02789560170752,121.30089312437705],"image-00066.jpg":[25.02809442721185,121.30085291172165],"image-00005.jpg":[25.027070033645145,121.30108036859006],"image-00040.jpg":[25.027760124547978,121.30092241016051],"image-00025.jpg":[25.027494936764814,121.30098250630954],"image-00019.jpg":[25.027368692124515,121.301011693914],"image-00094.jpg":[25.028278733111236,121.30081940598853],"image-00098.jpg":[25.02828726481656,121.30081825841732],"image-00104.jpg":[25.028295537316254,121.3008170502259],"image-00054.jpg":[25.02794683327043,121.30088238417898],"image-00124.jpg":[25.02830020065157,121.30081632986551],"image-00001.jpg":[25.02700938095419,121.30109462200346],"image-00031.jpg":[25.027612549326594,121.30095514838594],"image-00078.jpg":[25.02820515419058,121.300831391553],"image-00110.jpg":[25.028298919860358,121.3008165216788],"image-00059.jpg":[25.028006981614915,121.30087004072368],"image-00090.jpg":[25.028267089929408,121.30082104970148],"image-00123.jpg":[25.02830019972344,121.30081633018249],"image-00118.jpg":[25.028300171950004,121.3008163327586],"image-00043.jpg":[25.02780184130662,121.30091337439721],"image-00064.jpg":[25.028068790972593,121.30085810691713],"image-00075.jpg":[25.028182585895593,121.30083551766216],"image-00035.jpg":[25.027683705275074,121.30093903004288],"image-00010.jpg":[25.027182488089796,121.30105400820504],"image-00046.jpg":[25.027844998158223,121.30090404588918],"image-00114.jpg":[25.028299839876556,121.30081638010319],"image-00052.jpg":[25.02792280879051,121.3008874079743],"image-00099.jpg":[25.02828912388082,121.30081799873759],"image-00058.jpg":[25.027994886655673,121.30087223630196],"image-00112.jpg":[25.02829944917214,121.30081645158012],"image-00125.jpg":[25.028300201674504,121.30081632951976],"image-00083.jpg":[25.028237158574882,121.30082576675738],"image-00039.jpg":[25.02774443064248,121.300925837033],"image-00062.jpg":[25.028045155920804,121.30086277649829],"image-00023.jpg":[25.027451083307948,121.30099278410142],"image-00105.jpg":[25.02829642548979,121.30081691238243],"image-00028.jpg":[25.02755593313759,121.30096831074756],"image-00120.jpg":[25.028300184653265,121.30081633153252],"image-00033.jpg":[25.02765047504062,121.30094652080132],"image-00002.jpg":[25.027013683101394,121.30109363860242],"image-00079.jpg":[25.028212519184766,121.3008300695704],"image-00027.jpg":[25.027534475786812,121.30097333013927],"image-00057.jpg":[25.02798520809038,121.30087424907245],"image-00096.jpg":[25.028283444416292,121.30081879160213],"image-00004.jpg":[25.027045961068044,121.30108604815375],"image-00109.jpg":[25.028298602991967,121.30081657739916],"image-00093.jpg":[25.028276046246784,121.30081975970691],"image-00106.jpg":[25.028297030967543,121.30081681189344],"image-00045.jpg":[25.027829886826318,121.30090735836596],"image-00016.jpg":[25.02731131933032,121.30102444426163],"image-00053.jpg":[25.02793620719542,121.3008846080022],"image-00103.jpg":[25.028294496684193,121.30081721439907],"image-00081.jpg":[25.028224595532134,121.30082798485606],"image-00061.jpg":[25.02803297515256,121.30086508842379],"image-00014.jpg":[25.027268995004054,121.30103396122527],"image-00012.jpg":[25.027228942712647,121.30104318284106],"image-00044.jpg":[25.027815442202204,121.30091051063133],"image-00116.jpg":[25.028300120798008,121.30081633474333],"image-00074.jpg":[25.02817373893071,121.30083719475263],"image-00119.jpg":[25.028300211983936,121.30081631814406],"image-00030.jpg":[25.027593070088678,121.30095966255737],"image-00073.jpg":[25.02816581728614,121.30083861493581],"image-00088.jpg":[25.028259186199183,121.30082226075606],"image-00049.jpg":[25.027884572935623,121.30089548336295],"image-00042.jpg":[25.027790071830868,121.30091590137806],"image-00055.jpg":[25.027959880438473,121.30087961438414],"image-00067.jpg":[25.02810446002037,121.30085084002874],"image-00024.jpg":[25.027472340773066,121.30098784873049],"image-00097.jpg":[25.02828522935505,121.3008185391297],"image-00086.jpg":[25.02825131528951,121.30082345594738],"image-00068.jpg":[25.028116455777305,121.30084839153767],"image-00018.jpg":[25.027348315314548,121.3010162025993],"image-00060.jpg":[25.02802054699722,121.30086742390843],"image-00007.jpg":[25.02711744517309,121.30106927475495],"image-00122.jpg":[25.0283001989501,121.30081633044193],"image-00022.jpg":[25.02742915022803,121.30099788376316],"image-00015.jpg":[25.02729132025135,121.30102878559913],"image-00063.jpg":[25.028055860499435,121.30086064520216],"image-00100.jpg":[25.028290768303535,121.30081776573041],"image-00037.jpg":[25.027715138763554,121.30093216908003],"image-00115.jpg":[25.028299973051105,121.30081636531258],"image-00087.jpg":[25.02825577257097,121.30082277923509],"image-00011.jpg":[25.02720565964175,121.30104858421993],"image-00084.jpg":[25.028241507190135,121.30082503055951],"image-00091.jpg":[25.028270522010338,121.30082054971504],"image-00047.jpg":[25.02785607704679,121.30090164518202],"image-00038.jpg":[25.02772751328225,121.30092946812958],"image-00101.jpg":[25.028291984172554,121.30081758638792],"image-00017.jpg":[25.02732832447828,121.30102057280541],"image-00006.jpg":[25.02709409484727,121.30107472084012],"image-00072.jpg":[25.028156410652098,121.30084045859931],"image-00036.jpg":[25.02770125091924,121.30093510644123],"image-00056.jpg":[25.027972465151482,121.30087695297043],"image-00107.jpg":[25.028297619488,121.30081673051583],"image-00003.jpg":[25.02702732494117,121.30109043468256],"image-00092.jpg":[25.028273686763185,121.30082009117537],"image-00121.jpg":[25.028300197793207,121.30081633081117],"image-00076.jpg":[25.02818986431477,121.30083411080201],"image-00041.jpg":[25.02777531010606,121.30091914609159],"image-00082.jpg":[25.028231279832536,121.30082678311382],"image-00032.jpg":[25.02763170557899,121.30095077481609],"image-00021.jpg":[25.02740712956217,121.30100298374815],"image-00108.jpg":[25.028298172736697,121.30081664026801],"image-00048.jpg":[25.02787053738116,121.30089848824997],"image-00026.jpg":[25.02751316828525,121.30097826094209],"image-00065.jpg":[25.02808183813993,121.30085547389358],"image-00089.jpg":[25.02826327161331,121.30082163328173],"image-00029.jpg":[25.027576180227488,121.30096361397986],"image-00071.jpg":[25.028146709470136,121.30084235437698],"image-00009.jpg":[25.02715937319776,121.30105946027692],"image-00113.jpg":[25.028299742125625,121.30081639274846],"image-00051.jpg":[25.027909509371774,121.30089016799162]}