{"image-00070.jpg":[25.02773721104928,121.3008392550617],"image-00095.jpg":[25.027923670074504,121.30079906424996],"image-00034.jpg":[25.027246620437985,121.30097953873843],"image-00102.jpg":[25.02794281288788,121.30079581454793],"image-00077.jpg":[25.02780728326493,121.30082219551414],"image-00111.jpg":[25.027951367468614,121.30079419911817],"image-00117.jpg":[25.027952732422403,121.30079394178735],"image-00008.jpg":[25.026784237835844,121.30114027109815],"image-00085.jpg":[25.027871331036454,121.30080845630282],"image-00020.jpg":[25.027008849613935,121.30106340462787],"image-00069.jpg":[25.027725300099917,121.30084230250608],"image-00013.jpg":[25.026878018510693,121.30110632043352],"image-00080.jpg":[25.02783346009871,121.30081648274513],"image-00050.jpg":[25.027471749729884,121.30091032489887],"image-00066.jpg":[25.02768914720636,121.30085216060542],"image-00005.jpg":[25.02672825940249,121.30116057418655],"image-00040.jpg":[25.0273383637445,121.30095075563688],"image-00025.jpg":[25.027099110977485,121.30103111019417],"image-00019.jpg":[25.02698957258164,121.30106956874855],"image-00094.jpg":[25.027919639029502,121.30079971513649],"image-00098.jpg":[25.027933431072768,121.3007974502404],"image-00104.jpg":[25.027946054914217,121.3007952131441],"image-00054.jpg":[25.02752472809081,121.30089515850915],"image-00124.jpg":[25.027952814965147,121.30079392357845],"image-00001.jpg":[25.02667748332139,121.30117916000361],"image-00031.jpg":[25.027199567550124,121.30099513992047],"image-00078.jpg":[25.02781693637972,121.30082010985214],"image-00110.jpg":[25.027950919340544,121.30079427719498],"image-00059.jpg":[25.02758933135988,121.3008775432871],"image-00090.jpg":[25.027901423293002,121.30080283868007],"image-00123.jpg":[25.02795281496504,121.30079392390564],"image-00118.jpg":[25.027952760974355,121.3007939307818],"image-00043.jpg":[25.0273793498937,121.30093831141102],"image-00064.jpg":[25.027661260633295,121.30085968009195],"image-00075.jpg":[25.027788886700186,121.3008265396721],"image-00035.jpg":[25.027263852531906,121.30097359020638],"image-00010.jpg":[25.026822835520655,121.30112612198637],"image-00046.jpg":[25.027421899504645,121.30092544537952],"image-00114.jpg":[25.027952247242098,121.30079402058792],"image-00052.jpg":[25.027499753761482,121.30090225765659],"image-00099.jpg":[25.027936365643612,121.30079695374118],"image-00058.jpg":[25.027574118836434,121.30088096874624],"image-00112.jpg":[25.02795176445043,121.30079413251404],"image-00125.jpg":[25.027952814987497,121.30079392321795],"image-00083.jpg":[25.027858412950355,121.30081107002694],"image-00039.jpg":[25.02732302694209,121.30095541652432],"image-00062.jpg":[25.02763453359012,121.30086654282917],"image-00023.jpg":[25.027061988581476,121.30104448993],"image-00105.jpg":[25.027947336287557,121.30079496699634],"image-00028.jpg":[25.027150992699006,121.30101241322544],"image-00120.jpg":[25.027952788135803,121.3007939283037],"image-00033.jpg":[25.027233517847932,121.30098363202298],"image-00002.jpg":[25.026681414923925,121.30117788099187],"image-00079.jpg":[25.027826238404636,121.30081801134256],"image-00027.jpg":[25.027132873655855,121.3010189846868],"image-00057.jpg":[25.027563794870296,121.30088378150751],"image-00096.jpg":[25.027927397679438,121.30079847054787],"image-00004.jpg":[25.02670835090521,121.30116797677658],"image-00109.jpg":[25.027950495672517,121.30079436350206],"image-00093.jpg":[25.027915235170678,121.30080042509138],"image-00106.jpg":[25.02794815785566,121.3007947961996],"image-00045.jpg":[25.027407284558226,121.30092995133941],"image-00016.jpg":[25.026935820223606,121.3010868407654],"image-00053.jpg":[25.027513690513768,121.30089829793431],"image-00103.jpg":[25.027944549607216,121.30079549666189],"image-00081.jpg":[25.02784224076751,121.30081463003881],"image-00061.jpg":[25.02762003408252,121.30087004320049],"image-00014.jpg":[25.026897333089757,121.30109970169325],"image-00012.jpg":[25.026862319034365,121.30111189605498],"image-00044.jpg":[25.027393253712752,121.30093426446919],"image-00116.jpg":[25.027952650064787,121.30079394472403],"image-00074.jpg":[25.027778357930373,121.30082908562059],"image-00119.jpg":[25.027952757713642,121.30079391726366],"image-00030.jpg":[25.027182752562,121.30100107936391],"image-00073.jpg":[25.02776831105988,121.30083133514506],"image-00088.jpg":[25.02788975893956,121.30080498873039],"image-00049.jpg":[25.027460695999206,121.30091360584983],"image-00042.jpg":[25.0273676094762,121.30094181213929],"image-00055.jpg":[25.027537954924483,121.30089128271032],"image-00067.jpg":[25.027699824688803,121.30084921734257],"image-00024.jpg":[25.027080313802955,121.30103801568063],"image-00097.jpg":[25.027930201242352,121.30079799508013],"image-00086.jpg":[25.02787811314688,121.30080713853741],"image-00068.jpg":[25.0277127573235,121.30084569649006],"image-00018.jpg":[25.026970302861525,121.30107568898728],"image-00060.jpg":[25.02760512896789,121.30087362213898],"image-00007.jpg":[25.026768257006534,121.30114604965453],"image-00122.jpg":[25.027952814930217,121.30079392417667],"image-00022.jpg":[25.027043172643896,121.30105118121526],"image-00015.jpg":[25.026916307881567,121.30109282546451],"image-00063.jpg":[25.027646564477095,121.30086344076807],"image-00100.jpg":[25.027938928389688,121.30079651144054],"image-00037.jpg":[25.027294361186648,121.30096420011566],"image-00115.jpg":[25.027952481637644,121.3007939852721],"image-00087.jpg":[25.027884726113154,121.30080592527497],"image-00011.jpg":[25.026842326930094,121.30111901268144],"image-00084.jpg":[25.027864264779158,121.3008098528013],"image-00091.jpg":[25.027906672780333,121.30080191163199],"image-00047.jpg":[25.027432723983125,121.30092212743737],"image-00038.jpg":[25.0273062303103,121.30096046926144],"image-00101.jpg":[25.02794077719053,121.3007961836312],"image-00017.jpg":[25.026951114498736,121.30108170262974],"image-00006.jpg":[25.026748392241085,121.30115318885863],"image-00072.jpg":[25.02775760056002,121.30083407050341],"image-00036.jpg":[25.02728001951145,121.300968278118],"image-00056.jpg":[25.027550840678273,121.3008875602037],"image-00107.jpg":[25.0279490722466,121.30079463427424],"image-00003.jpg":[25.026692617572767,121.30117364521398],"image-00092.jpg":[25.027911522709015,121.30080105537434],"image-00121.jpg":[25.027952814724934,121.30079392457282],"image-00076.jpg":[25.027797350517034,121.30082443697898],"image-00041.jpg":[25.02735348670195,121.30094623808827],"image-00082.jpg":[25.02785066378401,121.30081272366374],"image-00032.jpg":[25.02721657381671,121.30098931611462],"image-00021.jpg":[25.027024206921425,121.30105791059563],"image-00108.jpg":[25.0279498590434,121.3007944846338],"image-00048.jpg":[25.027446716896993,121.30091779856417],"image-00026.jpg":[25.027114422786727,121.30102547799052],"image-00065.jpg":[25.027675544809753,121.30085585921745],"image-00089.jpg":[25.027895801228254,121.30080388270531],"image-00029.jpg":[25.027168509154365,121.3010062558392],"image-00071.jpg":[25.027746478695665,121.30083688137739],"image-00009.jpg":[25.0268035714953,121.30113319665234],"image-00113.jpg":[25.02795209814278,121.30079404943464],"image-00051.jpg":[25.027485806604027,121.30090618899754]}