{
    "image-00114.jpg": {
        "25.001996,121.349031": [
            64506.0, 
            64506.0, 
            64506.0, 
            65018.0, 
            65018.0, 
            66554.0, 
            66554.0, 
            66556.0, 
            66556.0, 
            66556.0, 
            62461.0, 
            62461.0, 
            64509.0, 
            66557.0, 
            66557.0, 
            66557.0, 
            66557.0, 
            64510.0, 
            64510.0, 
            66047.0, 
            66047.0, 
            67071.0, 
            66548.0, 
            65014.0, 
            65526.0
        ]
    }, 
    "image-00079.jpg": {
        "25.001548,121.349102": [
            66551.0, 
            66551.0, 
            66551.0, 
            66551.0, 
            66009.0, 
            66041.0, 
            66041.0, 
            66041.0, 
            66041.0, 
            63452.0, 
            63452.0, 
            67037.0, 
            67549.0, 
            69085.0, 
            69085.0, 
            64478.0, 
            64478.0, 
            64478.0, 
            66527.0, 
            67039.0, 
            67551.0, 
            65505.0, 
            66017.0, 
            66529.0, 
            67041.0, 
            67553.0, 
            65506.0, 
            65506.0, 
            66018.0, 
            66018.0, 
            68578.0, 
            68578.0, 
            68578.0, 
            64995.0, 
            64995.0, 
            64995.0, 
            68579.0, 
            68579.0, 
            68579.0, 
            67620.0, 
            67620.0, 
            64996.0, 
            64996.0, 
            64996.0, 
            66601.0, 
            66601.0, 
            65510.0, 
            65510.0, 
            65510.0, 
            66022.0, 
            66022.0, 
            67558.0, 
            61996.0, 
            61996.0, 
            61996.0, 
            62508.0, 
            62508.0, 
            62508.0, 
            62508.0, 
            62509.0, 
            62509.0, 
            62509.0, 
            63463.0, 
            63463.0, 
            63463.0, 
            63463.0, 
            64999.0, 
            64999.0, 
            64999.0, 
            64999.0, 
            63464.0, 
            63464.0, 
            65000.0, 
            65000.0, 
            65000.0, 
            65000.0, 
            66536.0, 
            66536.0, 
            67560.0, 
            67049.0, 
            67561.0, 
            65514.0, 
            65514.0, 
            65516.0, 
            65516.0, 
            66028.0, 
            64493.0, 
            65005.0, 
            65005.0, 
            65517.0, 
            65517.0, 
            66543.0, 
            66543.0, 
            66543.0, 
            66033.0, 
            66033.0, 
            66033.0, 
            66035.0, 
            66035.0, 
            66035.0, 
            66035.0, 
            66008.0, 
            65526.0, 
            65526.0, 
            66038.0, 
            66038.0, 
            66038.0, 
            66038.0, 
            63454.0, 
            63969.0, 
            64481.0, 
            63457.0, 
            66014.0, 
            67105.0, 
            67105.0, 
            64473.0, 
            68580.0, 
            65571.0, 
            67567.0, 
            63967.0, 
            66015.0, 
            63455.0, 
            67042.0, 
            64482.0
        ]
    }, 
    "image-00104.jpg": {
        "25.001503,121.349020": [
            67068.0, 
            68607.0, 
            68607.0, 
            66563.0, 
            66563.0, 
            66563.0, 
            67090.0, 
            66070.0, 
            66070.0, 
            66070.0, 
            65559.0, 
            64497.0, 
            66033.0, 
            67059.0, 
            65526.0, 
            66574.0
        ]
    }, 
    "image-00050.jpg": {
        "25.001456,121.348953": [
            67576.0, 
            65529.0, 
            67065.0, 
            67065.0, 
            67065.0, 
            66554.0, 
            66554.0, 
            66554.0, 
            67068.0, 
            67068.0, 
            67068.0, 
            67068.0, 
            67069.0, 
            67069.0, 
            67069.0, 
            67071.0, 
            67071.0, 
            67074.0, 
            65540.0, 
            65540.0, 
            64518.0, 
            64518.0, 
            65542.0, 
            62441.0, 
            65009.0, 
            65009.0, 
            65521.0, 
            65521.0, 
            65521.0, 
            66545.0, 
            66545.0, 
            67057.0, 
            67059.0, 
            67059.0, 
            67571.0, 
            67571.0, 
            59866.0, 
            60378.0, 
            65509.0, 
            66556.0, 
            64477.0, 
            61403.0, 
            59355.0, 
            63451.0, 
            66558.0, 
            66528.0, 
            67070.0, 
            66535.0, 
            67047.0, 
            67584.0, 
            67565.0, 
            67048.0, 
            67560.0, 
            63449.0, 
            62952.0, 
            67566.0, 
            67572.0, 
            66563.0, 
            59868.0, 
            61404.0, 
            60380.0, 
            70105.0, 
            58832.0, 
            65513.0, 
            67551.0, 
            66538.0, 
            67050.0, 
            67562.0, 
            67554.0, 
            65506.0, 
            59864.0, 
            60376.0, 
            59352.0, 
            61912.0, 
            66555.0, 
            65019.0, 
            64997.0, 
            67557.0
        ]
    },