{
    "image-00057.jpg": {
        "22.758151,121.149532": [
            64759.0, 
            64759.0, 
            64759.0, 
            70918.0, 
            70407.0, 
            70408.0, 
            70408.0, 
            71436.0, 
            70925.0, 
            58601.0, 
            58601.0, 
            59113.0, 
            59113.0, 
            60137.0, 
            64233.0, 
            64233.0, 
            64233.0, 
            65257.0, 
            65257.0, 
            60650.0, 
            60650.0, 
            64234.0, 
            64234.0, 
            64234.0, 
            64746.0, 
            64746.0, 
            64746.0, 
            65258.0, 
            65258.0, 
            59116.0, 
            63212.0, 
            63212.0, 
            64236.0, 
            64236.0, 
            64236.0, 
            64236.0, 
            59117.0, 
            59117.0, 
            64237.0, 
            64237.0, 
            64237.0, 
            64237.0, 
            66285.0, 
            57582.0, 
            57582.0, 
            58606.0, 
            58606.0, 
            58606.0, 
            59118.0, 
            59118.0, 
            65775.0, 
            70383.0, 
            60145.0, 
            60145.0, 
            60657.0, 
            60657.0, 
            60657.0, 
            61681.0, 
            61681.0, 
            62193.0, 
            62193.0, 
            62705.0, 
            62705.0, 
            64753.0, 
            65777.0, 
            62707.0, 
            62707.0, 
            61684.0, 
            62198.0, 
            64246.0, 
            64758.0, 
            60116.0, 
            67301.0, 
            65279.0, 
            64781.0, 
            61145.0, 
            63220.0, 
            59601.0, 
            63702.0, 
            62166.0
        ]
    }, 
    "image-00096.jpg": {
        "22.757813,121.149225": [
            60122.0, 
            57562.0, 
            52954.0, 
            58580.0, 
            57556.0, 
            52453.0, 
            53477.0, 
            61163.0, 
            52448.0, 
            60640.0, 
            61664.0, 
            65248.0, 
            63200.0, 
            55526.0, 
            56550.0, 
            64276.0, 
            60635.0, 
            53979.0, 
            61659.0, 
            58086.0, 
            59603.0, 
            53971.0, 
            60627.0, 
            63191.0, 
            55511.0, 
            64215.0, 
            56535.0, 
            54503.0, 
            62695.0, 
            60647.0, 
            61671.0, 
            60638.0, 
            62674.0, 
            55515.0, 
            64219.0, 
            64731.0, 
            65755.0, 
            59605.0, 
            52949.0, 
            60117.0, 
            52967.0, 
            63713.0, 
            56545.0, 
            55009.0, 
            65249.0, 
            56033.0, 
            56552.0, 
            55528.0, 
            57064.0, 
            53470.0, 
            62174.0, 
            61662.0, 
            52958.0, 
            56027.0, 
            58088.0, 
            62696.0, 
            60136.0, 
            54497.0, 
            53977.0, 
            60121.0, 
            61657.0, 
            53987.0, 
            63208.0, 
            64232.0, 
            58067.0, 
            59607.0, 
            58583.0, 
            53975.0, 
            60119.0, 
            52951.0, 
            56035.0, 
            61155.0, 
            62179.0, 
            58588.0, 
            60124.0, 
            59100.0, 
            61141.0, 
            61653.0, 
            52969.0, 
            52449.0, 
            60641.0, 
            62177.0, 
            62689.0, 
            54993.0, 
            63193.0, 
            54489.0, 
            56025.0, 
            55513.0, 
            62681.0, 
            56528.0, 
            64212.0, 
            53476.0, 
            55012.0, 
            62172.0, 
            52956.0, 
            61140.0, 
            62676.0, 
            62164.0, 
            59618.0, 
            54498.0, 
            59608.0, 
            52952.0, 
            57050.0, 
            59621.0, 
            54487.0, 
            61143.0, 
            63717.0, 
            61157.0, 
            62693.0, 
            63698.0, 
            57554.0, 
            55517.0, 
            63709.0, 
            64733.0, 
            54493.0, 
            65245.0, 
            56534.0, 
            63714.0, 
            62690.0, 
            65298.0
        ]
    }, 
    "image-00084.jpg": {
        "22.757991,121.149388": [
            52953.0, 
            52953.0, 
            53465.0, 
            53465.0, 
            53465.0, 
            53466.0, 
            53466.0, 
            70919.0, 
            52958.0, 
            52958.0, 
            69911.0, 
            69911.0, 
            69913.0, 
            69913.0, 
            69914.0, 
            69914.0, 
            57577.0, 
            57065.0, 
            57065.0, 
            57579.0, 
            58091.0, 
            57066.0, 
            57066.0, 
            58092.0, 
            57581.0, 
            57581.0, 
            60653.0, 
            60653.0, 
            60653.0, 
            56557.0, 
            56557.0, 
            59118.0, 
            59118.0, 
            60142.0, 
            60142.0, 
            62190.0, 
            59119.0, 
            59119.0, 
            60143.0, 
            60143.0, 
            60143.0, 
            64753.0, 
            65777.0, 
            65777.0, 
            60146.0, 
            60146.0, 
            60146.0, 
            61170.0, 
            61170.0, 
            61170.0, 
            62194.0, 
            62194.0, 
            62194.0, 
            62706.0, 
            62706.0, 
            65778.0, 
            66290.0, 
            66290.0, 
            52952.0, 
            63743.0, 
            63233.0, 
            69920.0, 
            68896.0, 
            69916.0
        ]
    }, 
    "image-00052.jpg": {
        "22.758220,121.149594": [
            65783.0, 
            65244.0, 
            60141.0, 
            60141.0, 
            61165.0, 
            62189.0, 
            60142.0, 
            60142.0, 
            60142.0, 
            60142.0, 
            60654.0, 
            60654.0, 
            65774.0, 
            65774.0, 
            60655.0, 
            60655.0, 
            61167.0, 
            61679.0, 
            61679.0, 
            62191.0, 
            62191.0, 
            62191.0, 
            63215.0, 
            64239.0, 
            60657.0, 
            60657.0, 
            61681.0, 
            62193.0, 
            58610.0, 
            58610.0, 
            60146.0, 
            60146.0, 
            62708.0, 
            61174.0, 
            65270.0, 
            65236.0
        ]
    },