{"image-00070.jpg":[25.0054499328343,121.49604538879267],"image-00095.jpg":[25.006012118796768,121.49574135650191],"image-00034.jpg":[25.004926887399197,121.49624993704754],"image-00102.jpg":[25.006165318701914,121.49566389406857],"image-00077.jpg":[25.005602320527558,121.49596303266358],"image-00058.jpg":[25.005211658506255,121.49616885270692],"image-00117.jpg":[25.006502377291497,121.4954948009883],"image-00008.jpg":[25.00449851981022,121.4964197546286],"image-00085.jpg":[25.005784066265054,121.49586317939733],"image-00020.jpg":[25.00469076892054,121.49635005769875],"image-00069.jpg":[25.00542878567964,121.49605706202476],"image-00013.jpg":[25.004581097052977,121.49639072759379],"image-00080.jpg":[25.00566955163909,121.4959261907052],"image-00050.jpg":[25.005114362636736,121.49619306942532],"image-00066.jpg":[25.00536718991094,121.4960895257428],"image-00005.jpg":[25.004447409349098,121.49643700092238],"image-00040.jpg":[25.005029204222964,121.49620449876441],"image-00025.jpg":[25.004772838058376,121.49631651826368],"image-00019.jpg":[25.004675230806587,121.49635630770464],"image-00094.jpg":[25.005990119374253,121.49575239288338],"image-00098.jpg":[25.006077390468693,121.49570824726044],"image-00104.jpg":[25.00621086920377,121.49564072752955],"image-00054.jpg":[25.00514938554675,121.49619309846877],"image-00124.jpg":[25.00664529084403,121.49542738813815],"image-00001.jpg":[25.004398451224798,121.49645259674648],"image-00031.jpg":[25.004875654547988,121.49627243120368],"image-00078.jpg":[25.005624526588754,121.49595078007337],"image-00110.jpg":[25.00634805062313,121.49557114121845],"image-00059.jpg":[25.005230141847104,121.49615980777065],"image-00090.jpg":[25.00589935023785,121.49580030396652],"image-00123.jpg":[25.006625659540124,121.49543689446291],"image-00118.jpg":[25.006524481549143,121.49548395005752],"image-00043.jpg":[25.005069544087732,121.49618850112779],"image-00064.jpg":[25.005326533407178,121.49611094421664],"image-00075.jpg":[25.005558555797787,121.49598641472699],"image-00035.jpg":[25.004946773669158,121.49624101989153],"image-00010.jpg":[25.004532125861747,121.4964079702727],"image-00046.jpg":[25.00510023832825,121.49618087335955],"image-00114.jpg":[25.006436867233454,121.49552709171476],"image-00052.jpg":[25.005128512205864,121.4961951119507],"image-00099.jpg":[25.00609946427952,121.49569715112816],"image-00111.jpg":[25.006370645784965,121.49555981935364],"image-00112.jpg":[25.00639293567163,121.49554871780205],"image-00125.jpg":[25.006663722246884,121.49541909627496],"image-00083.jpg":[25.005737720721065,121.49588883615246],"image-00039.jpg":[25.005013737894952,121.49621126596023],"image-00062.jpg":[25.00528703834246,121.49613130336262],"image-00023.jpg":[25.004738847722777,121.49633089178907],"image-00105.jpg":[25.006234161727438,121.4956287492655],"image-00028.jpg":[25.004824088800124,121.4962945470568],"image-00120.jpg":[25.006567439351468,121.49546303819443],"image-00033.jpg":[25.004910090298644,121.496257335288],"image-00002.jpg":[25.004401364141273,121.4964516419897],"image-00079.jpg":[25.00564699593423,121.49593870543751],"image-00027.jpg":[25.004806355728146,121.49630233388683],"image-00057.jpg":[25.00519404830451,121.49617713138865],"image-00096.jpg":[25.006033998055265,121.49573027575823],"image-00004.jpg":[25.00443027376005,121.49644243481583],"image-00109.jpg":[25.006325439929352,121.49558253900705],"image-00093.jpg":[25.005967402962092,121.49576437350797],"image-00106.jpg":[25.006257572194293,121.49561667473805],"image-00045.jpg":[25.00509618757902,121.49617863685165],"image-00016.jpg":[25.00462851099265,121.49637407160111],"image-00053.jpg":[25.005138564423717,121.49619453692813],"image-00103.jpg":[25.006188124243742,121.4956521914498],"image-00081.jpg":[25.005692212330775,121.49591379268375],"image-00061.jpg":[25.005267648416474,121.49614114240208],"image-00014.jpg":[25.004596915231367,121.49638510938591],"image-00012.jpg":[25.00456491433187,121.49639650965833],"image-00044.jpg":[25.00507268206596,121.49619157512785],"image-00116.jpg":[25.006480383601478,121.49550564217901],"image-00074.jpg":[25.005536218734694,121.49599853667178],"image-00119.jpg":[25.006546063254937,121.4954734392025],"image-00030.jpg":[25.004858620402754,121.4962797872099],"image-00073.jpg":[25.005514341649754,121.49601061171538],"image-00088.jpg":[25.00585458229752,121.49582416014852],"image-00049.jpg":[25.005111066961465,121.49618954310289],"image-00042.jpg":[25.005048549353077,121.49619959487478],"image-00055.jpg":[25.005161683508167,121.49619005600758],"image-00067.jpg":[25.005387270495486,121.49607917477465],"image-00024.jpg":[25.00475560820797,121.49632383323558],"image-00097.jpg":[25.006055476750234,121.4957194674607],"image-00086.jpg":[25.005807449313146,121.49585009615879],"image-00068.jpg":[25.0054078894214,121.49606821407336],"image-00018.jpg":[25.004659719619056,121.49636234206456],"image-00060.jpg":[25.00524876531173,121.49615061388627],"image-00007.jpg":[25.004481607386182,121.49642562739652],"image-00122.jpg":[25.00660666929806,121.49544540499903],"image-00022.jpg":[25.004722447852235,121.49633764877474],"image-00015.jpg":[25.004613003523186,121.49637922648354],"image-00063.jpg":[25.005306619560145,121.49612121372017],"image-00100.jpg":[25.00612116074862,121.49568612827915],"image-00037.jpg":[25.00497991327837,121.4962261367633],"image-00115.jpg":[25.00645846345995,121.49551654527158],"image-00087.jpg":[25.00583100764844,121.49583702629721],"image-00011.jpg":[25.00454879290624,121.49640239271778],"image-00084.jpg":[25.005760381320123,121.49587647517481],"image-00091.jpg":[25.005922062503565,121.49578823977475],"image-00047.jpg":[25.005103157480132,121.4961839450452],"image-00038.jpg":[25.004996636601405,121.49621854996222],"image-00101.jpg":[25.006142865344223,121.49567528061783],"image-00017.jpg":[25.004644506508356,121.49636784096003],"image-00006.jpg":[25.00446516594989,121.49643090884832],"image-00072.jpg":[25.005492853752237,121.49602220984174],"image-00036.jpg":[25.004963668511976,121.49623346966621],"image-00056.jpg":[25.00517726786943,121.49618423824725],"image-00107.jpg":[25.006280012543147,121.49560545840245],"image-00003.jpg":[25.00441296434559,121.49644787758574],"image-00092.jpg":[25.005944570122118,121.495776409379],"image-00121.jpg":[25.006587648649443,121.49545359749808],"image-00076.jpg":[25.00558035687907,121.49597491855738],"image-00041.jpg":[25.005046133971813,121.4961966335458],"image-00082.jpg":[25.005714775882268,121.49590149229294],"image-00032.jpg":[25.00489307278518,121.49626478593856],"image-00021.jpg":[25.004706451314455,121.49634397916762],"image-00108.jpg":[25.006302810091668,121.49559391408397],"image-00048.jpg":[25.00510639775253,121.49618727782993],"image-00026.jpg":[25.004789857703553,121.49630928732395],"image-00065.jpg":[25.005346704779633,121.49610032552363],"image-00089.jpg":[25.005877132152765,121.4958120916834],"image-00029.jpg":[25.004841610364778,121.49628700849004],"image-00071.jpg":[25.005471217692605,121.49603397519101],"image-00009.jpg":[25.0045152126551,121.49641402290521],"image-00113.jpg":[25.00641501559526,121.49553770994791],"image-00051.jpg":[25.005120625412637,121.49619455354983]}