{"image-00070.jpg":[25.005195406710754,121.49613477700201],"image-00095.jpg":[25.00561653818842,121.49586493545377],"image-00034.jpg":[25.00460652441334,121.49636935658968],"image-00102.jpg":[25.005745673227892,121.4957922086799],"image-00077.jpg":[25.005310262512737,121.49606141872215],"image-00058.jpg":[25.0050012148998,121.49624886340744],"image-00117.jpg":[25.006032714257607,121.49563265360575],"image-00008.jpg":[25.00413426895638,121.49656024834925],"image-00085.jpg":[25.005441932020123,121.49597407042188],"image-00020.jpg":[25.00436148407604,121.4964764008603],"image-00069.jpg":[25.005179973751606,121.49614505246024],"image-00013.jpg":[25.00423416262035,121.49652442164442],"image-00080.jpg":[25.00535939099937,121.4960290544353],"image-00050.jpg":[25.00486023364871,121.49628823650701],"image-00066.jpg":[25.005131230340723,121.49617462793452],"image-00005.jpg":[25.004070498486914,121.49658232415966],"image-00040.jpg":[25.00470778159996,121.4963224427],"image-00025.jpg":[25.004449670942744,121.49643952182021],"image-00019.jpg":[25.004344691326533,121.49648329978123],"image-00094.jpg":[25.005597569445765,121.49587544320532],"image-00098.jpg":[25.005671142816606,121.4958339867239],"image-00104.jpg":[25.00578340971967,121.49577068496794],"image-00054.jpg":[25.004931404591844,121.49627654011587],"image-00124.jpg":[25.006164342804215,121.49556624616417],"image-00001.jpg":[25.004007131621226,121.49660325831485],"image-00031.jpg":[25.004554874393616,121.4963929131934],"image-00078.jpg":[25.00532633833137,121.4960506872124],"image-00110.jpg":[25.005898187680007,121.49570563317468],"image-00059.jpg":[25.00501758942793,121.49624013711312],"image-00090.jpg":[25.005526466898853,121.49591882180292],"image-00123.jpg":[25.00614695237332,121.49557539137905],"image-00118.jpg":[25.00605202945143,121.49562228357325],"image-00043.jpg":[25.004753855796153,121.49630381634],"image-00064.jpg":[25.005099061119612,121.49619413634534],"image-00075.jpg":[25.005276344328884,121.49608253138808],"image-00035.jpg":[25.00462579910821,121.49636029655282],"image-00010.jpg":[25.004174783929447,121.4965457585869],"image-00046.jpg":[25.004798486113625,121.49629134777169],"image-00114.jpg":[25.005975371343627,121.49566358787543],"image-00052.jpg":[25.00489433327926,121.49628384363956],"image-00099.jpg":[25.00568984820693,121.49582354754546],"image-00111.jpg":[25.005917465809205,121.49569493924858],"image-00112.jpg":[25.005936777546328,121.49568435395017],"image-00125.jpg":[25.006182231188898,121.4955578064118],"image-00083.jpg":[25.00540899005567,121.49599632661011],"image-00039.jpg":[25.00469235424766,121.49632945925902],"image-00062.jpg":[25.00506662710232,121.49621301653714],"image-00023.jpg":[25.004414347043674,121.49645490312548],"image-00105.jpg":[25.005802146612048,121.49575974245633],"image-00028.jpg":[25.004501966757484,121.4964163528588],"image-00120.jpg":[25.006089887407487,121.4956022164711],"image-00033.jpg":[25.004589670874086,121.49637707606217],"image-00002.jpg":[25.00401077814943,121.49660202967077],"image-00079.jpg":[25.005343359884957,121.49603991983473],"image-00027.jpg":[25.00448414389643,121.49642448573076],"image-00057.jpg":[25.00498481265653,121.49625708539116],"image-00096.jpg":[25.00563494459432,121.49585454153478],"image-00004.jpg":[25.00404819167852,121.49658967246445],"image-00109.jpg":[25.00587895104532,121.49571639564702],"image-00093.jpg":[25.005579600454773,121.49588635735796],"image-00106.jpg":[25.005821177449153,121.49574862115254],"image-00045.jpg":[25.004784656992644,121.49629222198979],"image-00016.jpg":[25.004291676271286,121.49650380074613],"image-00053.jpg":[25.004913048812945,121.49628046175371],"image-00103.jpg":[25.00576432705058,121.49578140179624],"image-00081.jpg":[25.00537599806178,121.49601815075428],"image-00061.jpg":[25.00505018871085,121.49622230181387],"image-00014.jpg":[25.00425319648536,121.49651752884411],"image-00012.jpg":[25.004214555803582,121.49653156917495],"image-00044.jpg":[25.004767760088022,121.49630349527955],"image-00116.jpg":[25.0060135014067,121.49564302383075],"image-00074.jpg":[25.00525972987043,121.49609325669374],"image-00119.jpg":[25.006071082661578,121.4956121825412],"image-00030.jpg":[25.004537387773798,121.49640072129141],"image-00073.jpg":[25.00524407492758,121.49610376072289],"image-00088.jpg":[25.005492067280684,121.49594022399341],"image-00049.jpg":[25.00484399972223,121.49628886490311],"image-00042.jpg":[25.004737053340264,121.4963140075925],"image-00055.jpg":[25.004949385615895,121.49627152122795],"image-00067.jpg":[25.00514770165031,121.49616503669552],"image-00024.jpg":[25.00443169112406,121.49644738372973],"image-00097.jpg":[25.00565319756573,121.49584434914934],"image-00086.jpg":[25.00545822091325,121.49596280546564],"image-00068.jpg":[25.005163895250487,121.49615507157401],"image-00018.jpg":[25.004327525020088,121.49649009840174],"image-00060.jpg":[25.00503394226159,121.49623130510264],"image-00007.jpg":[25.004113721100335,121.49656753350578],"image-00122.jpg":[25.006128204759715,121.49558417427684],"image-00022.jpg":[25.004396788191695,121.496462314051],"image-00015.jpg":[25.004271843378973,121.49651059819385],"image-00063.jpg":[25.005082751622908,121.49620364336762],"image-00100.jpg":[25.005708184054253,121.49581316473127],"image-00037.jpg":[25.00465859428821,121.49634489935292],"image-00115.jpg":[25.00599455788353,121.49565339685309],"image-00087.jpg":[25.005475058792978,121.49595142072754],"image-00011.jpg":[25.004195759900206,121.49653854390493],"image-00084.jpg":[25.005425633383837,121.49598545354854],"image-00091.jpg":[25.005544060659048,121.49590795429114],"image-00047.jpg":[25.004812923446337,121.49629070466703],"image-00038.jpg":[25.004674661268524,121.49633723002384],"image-00101.jpg":[25.005726918906117,121.49580283947087],"image-00017.jpg":[25.004309133887787,121.49649687848289],"image-00006.jpg":[25.004091961932286,121.49657480966542],"image-00072.jpg":[25.005227855207952,121.49611409651182],"image-00036.jpg":[25.004642470035936,121.49635251188005],"image-00056.jpg":[25.00496734278099,121.49626470466279],"image-00107.jpg":[25.005840526763503,121.49573795300572],"image-00003.jpg":[25.00402554945379,121.49659708267576],"image-00092.jpg":[25.00556182320499,121.49589720598377],"image-00121.jpg":[25.00610875552754,121.49559283604131],"image-00076.jpg":[25.005293684927445,121.49607202065414],"image-00041.jpg":[25.004723624388138,121.49631462280168],"image-00082.jpg":[25.00539264276808,121.49600730442037],"image-00032.jpg":[25.004572515471292,121.49638487470843],"image-00021.jpg":[25.004379235011335,121.49646939594388],"image-00108.jpg":[25.005859683307946,121.49572713368082],"image-00048.jpg":[25.00482836928962,121.49629012978735],"image-00026.jpg":[25.004466930224233,121.4964319506702],"image-00065.jpg":[25.005115054131796,121.49618445399452],"image-00089.jpg":[25.00550924582204,121.49592943986212],"image-00029.jpg":[25.00451986410974,121.49640839140807],"image-00071.jpg":[25.00521171248706,121.496124534258],"image-00009.jpg":[25.004154810172093,121.49655303243323],"image-00113.jpg":[25.00595594314032,121.49567384072958],"image-00051.jpg":[25.00487703761564,121.49628631328741]}