{"image-00070.jpg":[25.005178932013745,121.49611216204856],"image-00095.jpg":[25.00558066496075,121.49586074583269],"image-00034.jpg":[25.00462318853232,121.49630748689736],"image-00102.jpg":[25.005703591034244,121.49579486925886],"image-00077.jpg":[25.005288599115595,121.4960440270838],"image-00058.jpg":[25.0049936988638,121.4962161111469],"image-00117.jpg":[25.00597665328622,121.49565059948726],"image-00008.jpg":[25.00417823710868,121.49646848813035],"image-00085.jpg":[25.005414222169744,121.49596198976934],"image-00020.jpg":[25.00439178194466,121.49639946813409],"image-00069.jpg":[25.00516415639445,121.49612174024693],"image-00013.jpg":[25.004272084601006,121.49643929003864],"image-00080.jpg":[25.005335498262095,121.49601372293435],"image-00050.jpg":[25.00486202748287,121.49624555243585],"image-00066.jpg":[25.005117634719998,121.4961488797598],"image-00005.jpg":[25.004118328911908,121.49648620840352],"image-00040.jpg":[25.004718967747504,121.49626661165686],"image-00025.jpg":[25.004474965264706,121.49636812206445],"image-00019.jpg":[25.004375977895318,121.49640535004366],"image-00094.jpg":[25.0055625753323,121.49587016742319],"image-00098.jpg":[25.005632623648776,121.49583262993833],"image-00104.jpg":[25.00573946189806,121.49577522322824],"image-00054.jpg":[25.004927936041934,121.49623930020982],"image-00124.jpg":[25.006101407697805,121.4955915584773],"image-00001.jpg":[25.004058846018534,121.49650272607892],"image-00031.jpg":[25.00457428870714,121.49632783393854],"image-00078.jpg":[25.005303963317687,121.49603397508193],"image-00110.jpg":[25.00584868131514,121.49571613130196],"image-00059.jpg":[25.005009271762805,121.4962083106029],"image-00090.jpg":[25.005494811047598,121.49591018380889],"image-00123.jpg":[25.006084924251287,121.49559978829372],"image-00118.jpg":[25.00599499043508,121.49564125810926],"image-00043.jpg":[25.00476270186569,121.49625141012861],"image-00064.jpg":[25.00508693766325,121.4961667880672],"image-00075.jpg":[25.005256187151137,121.49606346772073],"image-00035.jpg":[25.004641388041204,121.49629950447803],"image-00010.jpg":[25.004216256034024,121.49645662445326],"image-00046.jpg":[25.00480441055375,121.49624212524729],"image-00114.jpg":[25.0059221221965,121.49567835927661],"image-00052.jpg":[25.00489364329127,121.4962440216565],"image-00099.jpg":[25.005650412673532,121.49582317163927],"image-00111.jpg":[25.005867020032547,121.49570646660021],"image-00112.jpg":[25.005885409812176,121.49569696280243],"image-00125.jpg":[25.00611831778624,121.49558414451536],"image-00083.jpg":[25.00538280548711,121.49598300168373],"image-00039.jpg":[25.004704407017144,121.49627273743117],"image-00062.jpg":[25.005056011742788,121.49618396564122],"image-00023.jpg":[25.004441618650237,121.49638134267825],"image-00105.jpg":[25.00575723774864,121.49576511733616],"image-00028.jpg":[25.00452430683454,121.49634804567071],"image-00120.jpg":[25.006030896281068,121.49562319343872],"image-00033.jpg":[25.004607235238975,121.49631416884989],"image-00002.jpg":[25.004062258632146,121.49650173137272],"image-00079.jpg":[25.005320194241456,121.49602396448412],"image-00027.jpg":[25.00450744311419,121.49635508762378],"image-00057.jpg":[25.004978133070907,121.49622337499852],"image-00096.jpg":[25.005598189392874,121.4958513286195],"image-00004.jpg":[25.004097376896244,121.49649197900091],"image-00109.jpg":[25.0058303549868,121.49572583889122],"image-00093.jpg":[25.005545422402268,121.49588018071424],"image-00106.jpg":[25.00577535064115,121.49575493611653],"image-00045.jpg":[25.004791623538495,121.49624174760385],"image-00016.jpg":[25.004326143172555,121.49642252742888],"image-00053.jpg":[25.004910926109606,121.4962419453157],"image-00103.jpg":[25.005721333970254,121.49578498146262],"image-00081.jpg":[25.00535134982501,121.49600351851875],"image-00061.jpg":[25.005040326465576,121.4961923247312],"image-00014.jpg":[25.00428997775528,121.49643366741893],"image-00012.jpg":[25.004253606714286,121.4964450642301],"image-00044.jpg":[25.004775514135122,121.49625236782984],"image-00116.jpg":[25.005958389862723,121.49565991851573],"image-00074.jpg":[25.005240337119975,121.49607347750863],"image-00119.jpg":[25.006013070395692,121.49563217908846],"image-00030.jpg":[25.004557739557946,121.49633453853676],"image-00073.jpg":[25.00522540707034,121.49608337859272],"image-00088.jpg":[25.00546202848493,121.49593002927662],"image-00049.jpg":[25.004846872335737,121.49624442004077],"image-00042.jpg":[25.004746614086162,121.49626068057376],"image-00055.jpg":[25.0049447531177,121.49623558537468],"image-00067.jpg":[25.005133336363564,121.49614014671444],"image-00024.jpg":[25.00445796124311,121.49637484128779],"image-00097.jpg":[25.005615564332654,121.49584211790324],"image-00086.jpg":[25.005429770574573,121.49595131987644],"image-00068.jpg":[25.005148820303468,121.49613101318005],"image-00018.jpg":[25.004359854098468,121.49641111826544],"image-00060.jpg":[25.005024840412553,121.49620041002748],"image-00007.jpg":[25.004158954669848,121.49647443042281],"image-00122.jpg":[25.00606715751558,121.49560741628466],"image-00022.jpg":[25.004425038504074,121.49638763526556],"image-00015.jpg":[25.004307456063355,121.49642787221703],"image-00063.jpg":[25.005071392531924,121.4961754504903],"image-00100.jpg":[25.005667904864588,121.49581381210854],"image-00037.jpg":[25.004672500262544,121.49628617397312],"image-00115.jpg":[25.00594036770926,121.49566925569965],"image-00087.jpg":[25.005445861785223,121.49594062155785],"image-00011.jpg":[25.004235972643556,121.49645086731547],"image-00084.jpg":[25.005398678101496,121.49597281683351],"image-00091.jpg":[25.005511583190913,121.49590013367317],"image-00047.jpg":[25.004817929146526,121.49624309845298],"image-00038.jpg":[25.004687691293647,121.49627941602984],"image-00101.jpg":[25.005685752777033,121.49580453877194],"image-00017.jpg":[25.004342495214463,121.49641658037537],"image-00006.jpg":[25.004138407420626,121.49648001265616],"image-00072.jpg":[25.005209923691734,121.49609297860619],"image-00036.jpg":[25.004657173540842,121.49629273011956],"image-00056.jpg":[25.004961628910998,121.49622990852185],"image-00107.jpg":[25.00579378052787,121.49574534836812],"image-00003.jpg":[25.00407611315113,121.4964977851835],"image-00092.jpg":[25.005528509201593,121.49589023543798],"image-00121.jpg":[25.006048777842516,121.49561488934921],"image-00076.jpg":[25.005272757291017,121.49605385666861],"image-00041.jpg":[25.004733965419927,121.49625967828658],"image-00082.jpg":[25.00536723325429,121.49599337983403],"image-00032.jpg":[25.004591005016334,121.4963209157479],"image-00021.jpg":[25.004408522771495,121.49639363954174],"image-00108.jpg":[25.005812014045663,121.49573553722882],"image-00048.jpg":[25.004832314962528,121.49624414972303],"image-00026.jpg":[25.00449119215726,121.4963614934221],"image-00065.jpg":[25.00510220055551,121.49615790661704],"image-00089.jpg":[25.00547839996835,121.4959200078092],"image-00029.jpg":[25.004541211740108,121.4963411666476],"image-00071.jpg":[25.005194501199092,121.49610268850478],"image-00009.jpg":[25.004197530675203,121.49646265269004],"image-00113.jpg":[25.005903673216032,121.49568754172242],"image-00051.jpg":[25.004877656089413,121.49624515494334]}