{
    "image-00016.jpg": {
        "25.071553,121.610322": [
            66809.0, 
            65278.0, 
            65791.0, 
            66815.0, 
            64257.0, 
            62722.0, 
            65282.0, 
            62211.0, 
            64262.0, 
            64776.0, 
            64265.0, 
            64236.0
        ]
    }, 
    "image-00030.jpg": {
        "25.071380,121.610149": [
            58615.0, 
            58615.0, 
            57592.0, 
            57592.0, 
            57592.0, 
            57592.0, 
            58104.0, 
            58104.0, 
            63224.0, 
            63224.0, 
            58105.0, 
            58105.0, 
            62201.0, 
            66297.0, 
            66297.0, 
            66297.0, 
            57595.0, 
            57595.0, 
            60666.0, 
            60666.0, 
            63226.0, 
            63226.0, 
            63226.0, 
            63226.0, 
            57596.0, 
            57596.0, 
            57596.0, 
            58620.0, 
            58620.0, 
            58620.0, 
            58620.0, 
            62716.0, 
            62716.0, 
            66812.0, 
            66812.0, 
            66812.0, 
            63229.0, 
            63229.0, 
            65277.0, 
            65277.0, 
            65277.0, 
            56574.0, 
            56574.0, 
            57086.0, 
            57086.0, 
            58623.0, 
            58623.0, 
            59135.0, 
            60159.0, 
            60159.0, 
            63231.0, 
            57087.0, 
            58625.0, 
            60673.0, 
            60673.0, 
            65794.0, 
            65794.0, 
            66306.0, 
            66306.0, 
            61699.0, 
            61699.0, 
            66307.0, 
            66307.0, 
            66307.0, 
            57604.0, 
            62724.0, 
            62724.0, 
            62724.0, 
            66308.0, 
            62217.0, 
            62217.0, 
            62217.0, 
            66825.0, 
            66825.0, 
            62220.0, 
            62220.0, 
            66322.0, 
            66322.0, 
            66324.0, 
            66324.0, 
            66324.0, 
            60181.0, 
            59160.0, 
            67353.0, 
            67353.0, 
            67353.0, 
            62755.0, 
            62755.0, 
            60202.0, 
            60202.0, 
            60202.0, 
            60202.0, 
            63276.0, 
            63276.0, 
            60206.0, 
            60206.0, 
            61231.0, 
            58099.0, 
            58099.0, 
            58099.0, 
            60660.0, 
            60660.0, 
            64244.0, 
            64244.0, 
            64244.0, 
            57590.0, 
            57590.0, 
            57590.0, 
            57590.0, 
            60150.0, 
            60150.0, 
            60171.0, 
            58627.0
        ]
    }, 
    "image-00042.jpg": {
        "25.071309,121.610100": [
            57594.0, 
            57594.0, 
            57594.0, 
            66810.0, 
            58108.0, 
            65279.0, 
            65279.0, 
            65279.0, 
            65794.0, 
            65794.0, 
            58121.0, 
            66314.0, 
            60684.0, 
            60684.0, 
            58637.0, 
            60173.0, 
            60173.0, 
            64781.0, 
            64781.0, 
            60175.0, 
            66324.0, 
            66324.0, 
            65303.0, 
            67352.0, 
            67352.0, 
            68376.0, 
            68376.0, 
            68889.0, 
            66335.0, 
            66337.0, 
            66337.0, 
            68897.0, 
            68897.0, 
            63266.0, 
            63266.0, 
            65314.0, 
            65314.0, 
            65826.0, 
            65826.0, 
            65826.0, 
            63267.0, 
            63267.0, 
            66851.0, 
            62756.0, 
            62756.0, 
            62758.0, 
            62758.0, 
            65318.0, 
            65318.0, 
            66854.0, 
            66854.0, 
            62759.0, 
            62759.0, 
            65831.0, 
            65831.0, 
            66343.0, 
            66343.0, 
            66855.0, 
            67879.0, 
            67879.0, 
            65832.0, 
            65832.0, 
            66856.0, 
            66856.0, 
            63273.0, 
            66345.0, 
            66345.0, 
            66345.0, 
            66345.0, 
            66346.0, 
            66346.0, 
            66346.0, 
            66346.0, 
            69418.0, 
            64813.0, 
            64813.0, 
            58609.0, 
            56563.0, 
            55549.0, 
            56574.0, 
            59634.0, 
            65840.0, 
            57596.0
        ]
    }, 
    "image-00041.jpg": {
        "25.071432,121.610202": [
            62717.0, 
            62717.0, 
            64765.0, 
            65789.0, 
            65789.0, 
            65789.0, 
            65789.0, 
            63233.0, 
            66305.0, 
            66305.0, 
            62722.0, 
            62722.0, 
            62722.0, 
            66306.0, 
            66306.0, 
            65283.0, 
            65283.0, 
            65283.0, 
            65795.0, 
            65795.0, 
            65795.0, 
            65284.0, 
            65284.0, 
            65284.0, 
            65796.0, 
            65796.0, 
            65796.0, 
            66308.0, 
            65798.0, 
            65798.0, 
            65798.0, 
            65799.0, 
            65799.0, 
            61661.0, 
            61661.0, 
            66312.0, 
            64265.0, 
            64265.0, 
            60641.0, 
            59106.0, 
            65763.0, 
            65764.0, 
            65764.0, 
            66278.0, 
            61160.0, 
            66282.0, 
            61166.0, 
            61678.0, 
            61678.0, 
            64753.0, 
            66291.0, 
            66804.0, 
            66804.0
        ]
    }
}