{"image-00016.jpg":{"25.071553,121.610322":[-5.4777374267578125,63.60969543457031,-1.5673099756240845,-245393609291989000,9996235252692943000,122715204285890560,-122715298775171070,9999246815041421000,-137000878080,-0.7413627505302429,60.40863800048828,-1.4830619096755981,122632216927797250,9992471624391066000,368072065837695000,244747405692502000,9969900849696080000,735645571871670300,245393884169895940,9996235252692943000,122715212875825150,366715165409804300,9956374657651180000,857973181128900600,735147218226380800,9966147116998853000,368072065837695000,979876447617286100,9948849600070680000,245411957392277500,1101475424262684700,9932334935421485000,368072237636386800,-12.67225456237793,50.59047317504883,1.920923113822937]},"image-00030.jpg":{"25.071380,121.610149":[-267432014200700930,9849153582245347000,1709579227860304000,-267432014200700930,9849153582245347000,1709579227860304000,-145879423202099200,9806776205087605000,1950863481162956800,-145879423202099200,9806776205087605000,1950863481162956800,-145879423202099200,9806776205087605000,1950863481162956800,-145879423202099200,9806776205087605000,1950863481162956800,-146224549594136580,9829974800922050000,1830359205781962800,-146224549594136580,9829974800922050000,1830359205781962800,-148457434371850240,9980079028834402000,613167192082481200,-148457434371850240,9980079028834402000,613167192082481200,-25584624113549310,9831028133061460000,1830359068343009300,-25584624113549310,9831028133061460000,1830359068343009300,-25928588716933120,9963094872720146000,857932705357103100,-0.5103906393051147,67.95777130126953,-0.5157413482666016,-0.5103906393051147,67.95777130126953,-0.5157413482666016,-0.5103906393051147,67.95777130126953,-0.5157413482666016,215179218739265540,9805499672087757000,1950863893479817200,215179218739265540,9805499672087757000,1950863893479817200,95965392052158460,9924335988329415000,1224066641432674300,95965392052158460,9924335988329415000,1224066641432674300,96510758409469950,9980716745578512000,613167054643527700,96510758409469950,9980716745578512000,613167054643527700,96510758409469950,9980716745578512000,613167054643527700,96510758409469950,9980716745578512000,613167054643527700,335491199844483100,9802120872855601000,1950863481162956800,335491199844483100,9802120872855601000,1950863481162956800,335491199844483100,9802120872855601000,1950863481162956800,337028282740375550,9847017231152579000,1709579227860304000,337028282740375550,9847017231152579000,1709579227860304000,337028282740375550,9847017231152579000,1709579227860304000,337028282740375550,9847017231152579000,1709579227860304000,341137432571281400,9967070706766184000,735605508416733200,341137432571281400,9967070706766184000,735605508416733200,0.8066933751106262,61.239253997802734,-0.866963803768158,0.8066933751106262,61.239253997802734,-0.866963803768158,0.8066933751106262,61.239253997802734,-0.866963803768158,463807470981087200,9970401127486718000,613166985924051000,463807470981087200,9970401127486718000,613166985924051000,464647016828370940,9988446312321778000,122675020571869180,464647016828370940,9988446312321778000,122675020571869180,464647016828370940,9988446312321778000,122675020571869180,572961453468811260,9740191979932746000,2190973318608191500,572961453468811260,9740191979932746000,2190973318608191500,574497127615430660,9766299883534287000,2071074461817241600,574497127615430660,9766299883534287000,2071074461817241600,699240948034437100,9827939604899037000,1709579227860304000,699240948034437100,9827939604899037000,1709579227860304000,700677047659266000,9848126638385005000,1588541689339838500,703232793718554600,9884046583752819000,1345766910586781700,703232793718554600,9884046583752819000,1345766910586781700,708353700405444600,9956016216860525000,613167054643527700,694301323327176700,9758514241698005000,2071074599256195000,940220018140905500,9807819641622364000,1709579502738210800,947092446850842600,9879507799753360000,1224066916310581200,947092446850842600,9879507799753360000,1224066916310581200,4.829898834228516,74.26846313476562,-0.0002485369914211333,4.829898834228516,74.26846313476562,-0.0002485369914211333,3.908008575439453,65.75328063964844,-0.491529643535614,3.908008575439453,65.75328063964844,-0.491529643535614,1192503923206783000,9880145516497470000,980131534314930200,1192503923206783000,9880145516497470000,980131534314930200,4.373865127563477,65.51309967041016,-0.48925304412841797,4.373865127563477,65.51309967041016,-0.48925304412841797,4.373865127563477,65.51309967041016,-0.48925304412841797,1294651027328336000,9722036843934908000,1950863893479817200,1316438125110624300,9885639776101466000,735605645855686700,1316438125110624300,9885639776101466000,735605645855686700,1316438125110624300,9885639776101466000,735605645855686700,4.835297584533691,65.2736587524414,-0.4870484471321106,1918272307248234500,9776716656695837000,857933942307684400,1918272307248234500,9776716656695837000,857933942307684400,1918272307248234500,9776716656695837000,857933942307684400,6.052728652954102,58.844356536865234,-0.8230510950088501,6.052728652954102,58.844356536865234,-0.8230510950088501,2276826072722964500,9699484760937595000,857934011027161100,2276826072722964500,9699484760937595000,857934011027161100,11.464847564697266,63.748878479003906,-0.48638853430747986,11.464847564697266,63.748878479003906,-0.48638853430747986,12.38060474395752,63.42208480834961,-0.4860759377479553,12.38060474395752,63.42208480834961,-0.4860759377479553,12.38060474395752,63.42208480834961,-0.4860759377479553,3313958832442441700,9338445824306184000,1345769384487944200,4.605440616607666,38.56605911254883,2.1835644245147705,4.784763336181641,38.56422805786133,-0.5023830533027649,4.784763336181641,38.56422805786133,-0.5023830533027649,4.784763336181641,38.56422805786133,-0.5023830533027649,6.497181415557861,38.20313262939453,1.0370198488235474,6.497181415557861,38.20313262939453,1.0370198488235474,8.072671890258789,38.37195587158203,2.041956901550293,8.072671890258789,38.37195587158203,2.041956901550293,8.072671890258789,38.37195587158203,2.041956901550293,8.072671890258789,38.37195587158203,2.041956901550293,8.4529390335083,38.26877975463867,0.9318311214447021,8.4529390335083,38.26877975463867,0.9318311214447021,9.166543006896973,38.5948600769043,2.153287410736084,9.166543006896973,38.5948600769043,2.153287410736084,9.571237564086914,38.798912048339844,1.8034645318984985,-748730035120111600,9802509000460206000,1830359205781962800,-748730035120111600,9802509000460206000,1830359205781962800,-748730035120111600,9802509000460206000,1830359205781962800,-634373816444780500,9904505196610847000,1224066503993720800,-634373816444780500,9904505196610847000,1224066503993720800,-638747742419550200,9972791465765503000,368031899303542800,-638747742419550200,9972791465765503000,368031899303542800,-638747742419550200,9972791465765503000,368031899303542800,-386505687515004900,9800241807483732000,1950863481162956800,-386505687515004900,9800241807483732000,1950863481162956800,-386505687515004900,9800241807483732000,1950863481162956800,-386505687515004900,9800241807483732000,1950863481162956800,-390492963353919500,9901334205076340000,1345767048025735200,-390492963353919500,9901334205076340000,1345767048025735200,2145911758689140700,9673881533173203000,1345767872659456000,1180632083844825000,9781792002369650000,1709579365299257300]},