{
    "image-00055.jpg": {
        "24.114370,120.654198": [
            64220.0, 
            61196.0, 
            66851.0, 
            66778.0, 
            67290.0, 
            62682.0, 
            61658.0, 
            68325.0, 
            63709.0, 
            61661.0, 
            63707.0, 
            64219.0, 
            69841.0, 
            62161.0, 
            62686.0, 
            67820.0, 
            63698.0, 
            69339.0, 
            65243.0, 
            68840.0, 
            68851.0, 
            65755.0, 
            66777.0, 
            67801.0, 
            67304.0, 
            65768.0, 
            62163.0, 
            67828.0, 
            63196.0, 
            66780.0, 
            67292.0, 
            62684.0, 
            66793.0, 
            67823.0, 
            68340.0, 
            67284.0, 
            63204.0, 
            64746.0, 
            63700.0, 
            65748.0, 
            65242.0, 
            65253.0, 
            64722.0, 
            65245.0, 
            68815.0, 
            62159.0, 
            67312.0, 
            68336.0
        ]
    }, 
    "image-00083.jpg": {
        "24.114117,120.653879": [
            66266.0, 
            69850.0, 
            61218.0, 
            61218.0, 
            61730.0, 
            61730.0, 
            61730.0, 
            61730.0, 
            62754.0, 
            62754.0, 
            63266.0, 
            64290.0, 
            64290.0, 
            61219.0, 
            61731.0, 
            61731.0, 
            61731.0, 
            62243.0, 
            62243.0, 
            62755.0, 
            62755.0, 
            64291.0, 
            64291.0, 
            61736.0, 
            61736.0, 
            69336.0, 
            69848.0, 
            64730.0, 
            64723.0, 
            68307.0, 
            66264.0, 
            69330.0, 
            65761.0, 
            66776.0, 
            66275.0, 
            66259.0, 
            67799.0, 
            67299.0, 
            67811.0, 
            68828.0, 
            69340.0, 
            69333.0, 
            64725.0, 
            67297.0, 
            66260.0, 
            69332.0, 
            64728.0, 
            66778.0, 
            69335.0, 
            65239.0, 
            63238.0, 
            65746.0, 
            63750.0, 
            66262.0, 
            66774.0
        ]
    }, 
    "image-00072.jpg": {
        "24.114251,120.654048": [
            72958.0, 
            62227.0, 
            67347.0, 
            67347.0, 
            64276.0, 
            66836.0, 
            67860.0, 
            67860.0, 
            67860.0, 
            67860.0, 
            65301.0, 
            65301.0, 
            65301.0, 
            62231.0, 
            64792.0, 
            65304.0, 
            62233.0, 
            62233.0, 
            62745.0, 
            62745.0, 
            63258.0, 
            64795.0, 
            64796.0, 
            64796.0, 
            62750.0, 
            63262.0, 
            63262.0, 
            64286.0, 
            64286.0, 
            64286.0, 
            64286.0, 
            61727.0, 
            61727.0, 
            63263.0, 
            63263.0, 
            63263.0, 
            61729.0, 
            64289.0, 
            64289.0, 
            64801.0, 
            64801.0, 
            64801.0, 
            61730.0, 
            61219.0, 
            61219.0, 
            61219.0, 
            62243.0, 
            62755.0, 
            63267.0, 
            63267.0, 
            64803.0, 
            64803.0, 
            61220.0, 
            61220.0, 
            61220.0, 
            61220.0, 
            63268.0, 
            65316.0, 
            65316.0, 
            65316.0, 
            66340.0, 
            66340.0, 
            68305.0, 
            59669.0, 
            63256.0, 
            60185.0, 
            66281.0, 
            68380.0
        ]
    }, 
    "image-00079.jpg": {
        "24.114178,120.653956": [
            61702.0, 
            63239.0, 
            63239.0, 
            63239.0, 
            62231.0, 
            62231.0, 
            62743.0, 
            62743.0, 
            63255.0, 
            63255.0, 
            64279.0, 
            64279.0, 
            64791.0, 
            64791.0, 
            65303.0, 
            65303.0, 
            65303.0, 
            66327.0, 
            66327.0, 
            62232.0, 
            62744.0, 
            62744.0, 
            63256.0, 
            63256.0, 
            64280.0, 
            64280.0, 
            64792.0, 
            64792.0, 
            64792.0, 
            64792.0, 
            65304.0, 
            65304.0, 
            65304.0, 
            65816.0, 
            65816.0, 
            66328.0, 
            66328.0, 
            64281.0, 
            64281.0, 
            63258.0, 
            64282.0, 
            64282.0, 
            65306.0, 
            68834.0, 
            63260.0, 
            63260.0, 
            64284.0, 
            64796.0, 
            65308.0, 
            65308.0, 
            67356.0, 
            67356.0, 
            68380.0, 
            66333.0, 
            67870.0, 
            67870.0, 
            68894.0, 
            68894.0, 
            68894.0, 
            61215.0, 
            61215.0, 
            66787.0, 
            68835.0, 
            68835.0, 
            60707.0, 
            62244.0, 
            62244.0, 
            65764.0, 
            62246.0, 
            62246.0, 
            63270.0, 
            63270.0, 
            63270.0, 
            62247.0, 
            62759.0, 
            62759.0, 
            62760.0, 
            62760.0, 
            63272.0, 
            61737.0, 
            62249.0, 
            62249.0, 
            62761.0, 
            62761.0, 
            62761.0, 
            68393.0, 
            66278.0, 
            66790.0, 
            66790.0, 
            67302.0, 
            67302.0, 
            68838.0, 
            61738.0, 
            61738.0, 
            62250.0, 
            62250.0, 
            62250.0, 
            62762.0, 
            62762.0, 
            62762.0, 
            68394.0, 
            61740.0, 
            61740.0, 
            62764.0, 
            62764.0, 
            62764.0, 
            64812.0, 
            68327.0, 
            68327.0, 
            67304.0, 
            66281.0, 
            66793.0, 
            67285.0, 
            69349.0
        ]
    },