{"image-00070.jpg":[24.245785114164306,120.54323092443772],"image-00095.jpg":[24.245938771766603,120.54281120126473],"image-00034.jpg":[24.245417192389766,120.54422508017788],"image-00102.jpg":[24.245989675687436,120.54267545748829],"image-00077.jpg":[24.245831742846192,120.54310300604037],"image-00058.jpg":[24.245691938408193,120.54348575192955],"image-00117.jpg":[24.246073471128877,120.54244882505165],"image-00008.jpg":[24.24514009293366,120.54497402422157],"image-00085.jpg":[24.24588087800547,120.54296906464616],"image-00020.jpg":[24.2452627026841,120.54464188261873],"image-00069.jpg":[24.24577670468974,120.54325325401737],"image-00013.jpg":[24.245193958134664,120.54482920342068],"image-00080.jpg":[24.245849318094436,120.54305445236919],"image-00050.jpg":[24.245623161782056,120.54367073689869],"image-00066.jpg":[24.24575605836453,120.54331031498742],"image-00005.jpg":[24.245105128327435,120.54506819322566],"image-00040.jpg":[24.245501471108405,120.54399761694194],"image-00025.jpg":[24.245310598126526,120.54451358086226],"image-00019.jpg":[24.245253068482757,120.54466811282302],"image-00094.jpg":[24.245931929925824,120.54282947246188],"image-00098.jpg":[24.2459606795485,120.54275229522864],"image-00104.jpg":[24.24600164277858,120.54264346146192],"image-00054.jpg":[24.24565574614599,120.54358239143161],"image-00124.jpg":[24.24610278288285,120.54236739366888],"image-00001.jpg":[24.24507145618636,120.54515723772477],"image-00031.jpg":[24.245379090725663,120.54432865682314],"image-00078.jpg":[24.24583775761812,120.54308669529006],"image-00110.jpg":[24.246034046659215,120.54255652653279],"image-00059.jpg":[24.245701086344233,120.54346124863856],"image-00090.jpg":[24.245907765661485,120.5428943812926],"image-00123.jpg":[24.24609875127604,120.5423786089832],"image-00118.jpg":[24.246078587203144,120.54243506583688],"image-00043.jpg":[24.245548029158044,120.54387238067339],"image-00064.jpg":[24.245738926626654,120.5433566650722],"image-00075.jpg":[24.245819687054237,120.54313671806965],"image-00035.jpg":[24.245424202064115,120.54420437343806],"image-00010.jpg":[24.245159912558485,120.54491918950839],"image-00046.jpg":[24.245587285796084,120.54376724846864],"image-00114.jpg":[24.24605757402383,120.54249249682834],"image-00052.jpg":[24.245640389581048,120.54362422017792],"image-00099.jpg":[24.245968680985452,120.5427313926553],"image-00111.jpg":[24.246039902020204,120.5425407606744],"image-00112.jpg":[24.246044805027775,120.54252700738144],"image-00125.jpg":[24.246107167591013,120.54235544465323],"image-00083.jpg":[24.245868834946695,120.54300155205485],"image-00039.jpg":[24.245483696719567,120.54404430297245],"image-00062.jpg":[24.245725228556996,120.54339422981319],"image-00023.jpg":[24.245294046530827,120.54455835279995],"image-00105.jpg":[24.246007329535512,120.54262832840483],"image-00028.jpg":[24.2453372279443,120.54444068394895],"image-00120.jpg":[24.246086464353954,120.5424126205227],"image-00033.jpg":[24.245407756872417,120.54425144800682],"image-00002.jpg":[24.245072455373247,120.54515444472435],"image-00079.jpg":[24.24584277537629,120.54307212529889],"image-00027.jpg":[24.24532918554394,120.54446297188039],"image-00057.jpg":[24.245680891290032,120.54351469754855],"image-00096.jpg":[24.245945971669222,120.54279226379117],"image-00004.jpg":[24.245095184788866,120.54509501943961],"image-00109.jpg":[24.246028746437666,120.54257095780989],"image-00093.jpg":[24.245926244759197,120.54284512233461],"image-00106.jpg":[24.246012443366183,120.54261456616948],"image-00045.jpg":[24.245573330974707,120.54380474065297],"image-00016.jpg":[24.245221372278664,120.54475421569927],"image-00053.jpg":[24.245648362753382,120.54360255696619],"image-00103.jpg":[24.245995355971488,120.54265998007274],"image-00081.jpg":[24.245855744971724,120.54303699066217],"image-00061.jpg":[24.245719233400084,120.54341227119903],"image-00014.jpg":[24.24520420498684,120.54480145094502],"image-00012.jpg":[24.245180584666485,120.54486355008868],"image-00044.jpg":[24.245558333860725,120.54384469625073],"image-00116.jpg":[24.24606903405093,120.54246137287419],"image-00074.jpg":[24.245812213369668,120.5431567412246],"image-00119.jpg":[24.246082973291294,120.54242291190516],"image-00030.jpg":[24.245363767055984,120.54437052338821],"image-00073.jpg":[24.245804153204485,120.5431780259855],"image-00088.jpg":[24.24589699020241,120.54292477666702],"image-00049.jpg":[24.245614875667858,120.54369288575654],"image-00042.jpg":[24.24553047114027,120.54391908028927],"image-00055.jpg":[24.245665822616964,120.5435556689649],"image-00067.jpg":[24.24576372080625,120.54328965254416],"image-00024.jpg":[24.245301684721095,120.54453737778957],"image-00097.jpg":[24.245953346767525,120.54277187704365],"image-00086.jpg":[24.245885942281383,120.5429547406876],"image-00068.jpg":[24.245770346308717,120.54327127926598],"image-00018.jpg":[24.24524229332173,120.54469717008945],"image-00060.jpg":[24.245710744223747,120.54343552246527],"image-00007.jpg":[24.24512830537955,120.54500656832718],"image-00122.jpg":[24.246095988446385,120.54238701744107],"image-00022.jpg":[24.245281991576334,120.54458987632293],"image-00015.jpg":[24.245213018107044,120.54477744578227],"image-00063.jpg":[24.24573302079305,120.54337323331546],"image-00100.jpg":[24.245976107015768,120.54271174197052],"image-00037.jpg":[24.24546019403685,120.5441086249042],"image-00115.jpg":[24.24606394049596,120.54247551448596],"image-00087.jpg":[24.24589116182901,120.54294071054217],"image-00011.jpg":[24.245168572463463,120.54489511456777],"image-00084.jpg":[24.24587509434308,120.54298484825819],"image-00091.jpg":[24.245913760114377,120.54287828976305],"image-00047.jpg":[24.245595747389427,120.54374440953453],"image-00038.jpg":[24.245471162667876,120.54407893848688],"image-00101.jpg":[24.24598313096514,120.54269304693813],"image-00017.jpg":[24.24523262430424,120.54472393116689],"image-00006.jpg":[24.245116610545896,120.54503749567142],"image-00072.jpg":[24.24579789964182,120.5431951836328],"image-00036.jpg":[24.245444391276468,120.5441511371501],"image-00056.jpg":[24.245672767205157,120.54353667745055],"image-00107.jpg":[24.246017450298243,120.5426013561661],"image-00003.jpg":[24.24507991820235,120.54513455839466],"image-00092.jpg":[24.245920161043298,120.54286124857249],"image-00121.jpg":[24.246091082150897,120.54240007734259],"image-00076.jpg":[24.24582509098924,120.54312107070524],"image-00041.jpg":[24.24551407736944,120.54396350954293],"image-00082.jpg":[24.245862861691318,120.54301794502715],"image-00032.jpg":[24.2453939583737,120.54428799806871],"image-00021.jpg":[24.245272581231262,120.54461530762558],"image-00108.jpg":[24.246023229159825,120.54258582180655],"image-00048.jpg":[24.245605779402986,120.54371770568463],"image-00026.jpg":[24.24531922998433,120.54449028615328],"image-00065.jpg":[24.245746525370024,120.54333598233013],"image-00089.jpg":[24.245903199696354,120.54290799554065],"image-00029.jpg":[24.245345419680735,120.54441777042135],"image-00071.jpg":[24.2457912354443,120.54321364036883],"image-00009.jpg":[24.245151030431227,120.54494420892718],"image-00113.jpg":[24.24605191733795,120.54250813735592],"image-00051.jpg":[24.24563208210125,120.54364673999766]}