{"image-00070.jpg":[24.24577814566672,120.54319105519465],"image-00095.jpg":[24.245924340790815,120.54277508415204],"image-00034.jpg":[24.245429402020573,120.54417983657888],"image-00102.jpg":[24.2459723849765,120.54263946630525],"image-00077.jpg":[24.24582257652287,120.5430644587662],"image-00058.jpg":[24.245689500748373,120.54344344702722],"image-00117.jpg":[24.246051857707794,120.54241410014296],"image-00008.jpg":[24.24516670819066,120.54492467786272],"image-00085.jpg":[24.245869291676577,120.54293162671817],"image-00020.jpg":[24.245283060604184,120.54459457073185],"image-00069.jpg":[24.245770227833038,120.54321338614596],"image-00013.jpg":[24.24521768310257,120.5447803962224],"image-00080.jpg":[24.245839360336618,120.54301652136792],"image-00050.jpg":[24.245624415197828,120.54362770966728],"image-00066.jpg":[24.2457505129564,120.54326970964262],"image-00005.jpg":[24.245133597869657,120.54501844461996],"image-00040.jpg":[24.245509270846107,120.54395349781268],"image-00025.jpg":[24.24532832264625,120.54446659999064],"image-00019.jpg":[24.245273906228654,120.54462059200354],"image-00094.jpg":[24.245917885433926,120.54279332296571],"image-00098.jpg":[24.245945079884553,120.54271638995641],"image-00104.jpg":[24.24598368466569,120.54260753439874],"image-00054.jpg":[24.245655331566283,120.54353994733336],"image-00124.jpg":[24.24607992519548,120.5423338213659],"image-00001.jpg":[24.245101923856506,120.54510763274587],"image-00031.jpg":[24.245393227710466,120.54428262739815],"image-00078.jpg":[24.245828283111305,120.54304825737867],"image-00110.jpg":[24.246014338556733,120.54252084567503],"image-00059.jpg":[24.24569814297837,120.54341900908258],"image-00090.jpg":[24.24589502762981,120.54285800748804],"image-00123.jpg":[24.24607606373248,120.54234487209176],"image-00118.jpg":[24.246056700927483,120.54240039173192],"image-00043.jpg":[24.245553340877464,120.54382874318478],"image-00064.jpg":[24.245734271419643,120.54331578469262],"image-00075.jpg":[24.24581100487826,120.54309762451925],"image-00035.jpg":[24.245436252794374,120.54415983037183],"image-00010.jpg":[24.24518564172785,120.5448705703671],"image-00046.jpg":[24.245590454638865,120.54372384820113],"image-00114.jpg":[24.246036695473908,120.54245731029664],"image-00052.jpg":[24.24564073916654,120.5435814352485],"image-00099.jpg":[24.245952576433105,120.54269536576031],"image-00111.jpg":[24.246019882915576,120.54250514530784],"image-00112.jpg":[24.24602459100606,120.54249163241673],"image-00125.jpg":[24.246084096156867,120.54232196672177],"image-00083.jpg":[24.245857880333837,120.54296395970027],"image-00039.jpg":[24.245492577176748,120.54400038182703],"image-00062.jpg":[24.245721216508894,120.54335297081592],"image-00023.jpg":[24.245312641689363,120.54451109644036],"image-00105.jpg":[24.245989046387376,120.54259240702649],"image-00028.jpg":[24.245353676575068,120.54439440852207],"image-00120.jpg":[24.246064315203082,120.54237843902798],"image-00033.jpg":[24.24542035913741,120.54420576754104],"image-00002.jpg":[24.245102878654198,120.5451048899386],"image-00079.jpg":[24.24583316214468,120.54303409740528],"image-00027.jpg":[24.245345997512132,120.54441637867981],"image-00057.jpg":[24.245679136609336,120.54347253596325],"image-00096.jpg":[24.24593110446793,120.5427560770489],"image-00004.jpg":[24.245124175695583,120.54504514178096],"image-00109.jpg":[24.24600929904165,120.54253516605843],"image-00093.jpg":[24.245912459624858,120.54280879655616],"image-00106.jpg":[24.245993889642406,120.54257869727917],"image-00045.jpg":[24.245577256496933,120.5437612040735],"image-00016.jpg":[24.245243774630918,120.54470611918798],"image-00053.jpg":[24.245648308314884,120.54355993172399],"image-00103.jpg":[24.24597778281415,120.54262411708994],"image-00081.jpg":[24.245845460237735,120.54299918982002],"image-00061.jpg":[24.245715325385785,120.54337029224274],"image-00014.jpg":[24.24522740889226,120.54475280870281],"image-00012.jpg":[24.245205205811345,120.54481516591851],"image-00044.jpg":[24.245563101196947,120.54380114082008],"image-00116.jpg":[24.246047575781013,120.54242640786458],"image-00074.jpg":[24.245803950077885,120.54311758497587],"image-00119.jpg":[24.246060895238614,120.54238840219529],"image-00030.jpg":[24.245378641171843,120.54432412359891],"image-00073.jpg":[24.24579637282915,120.54313891333413],"image-00088.jpg":[24.245884650861058,120.54288782947057],"image-00049.jpg":[24.245616586790987,120.54364982208303],"image-00042.jpg":[24.245536785352222,120.54387543764909],"image-00055.jpg":[24.245664824404265,120.54351320016929],"image-00067.jpg":[24.24575776824173,120.54324914832145],"image-00024.jpg":[24.245319916550727,120.54449035259269],"image-00097.jpg":[24.245938159550516,120.54273593952145],"image-00086.jpg":[24.245874169418357,120.54291758998033],"image-00068.jpg":[24.24576410215607,120.54323103268078],"image-00018.jpg":[24.24526368912577,120.54464952435498],"image-00060.jpg":[24.24570724922674,120.54339330473016],"image-00007.jpg":[24.24515544901836,120.54495682092491],"image-00122.jpg":[24.246073329780266,120.54235292709548],"image-00022.jpg":[24.245301330771028,120.54454280808002],"image-00015.jpg":[24.24523578069993,120.54472900277644],"image-00063.jpg":[24.24572859368072,120.54333207069674],"image-00100.jpg":[24.245959566084725,120.54267568372839],"image-00037.jpg":[24.245470197681836,120.54406409220594],"image-00115.jpg":[24.24604270341079,120.54244034722562],"image-00087.jpg":[24.245879103432546,120.5429036171951],"image-00011.jpg":[24.24519392537142,120.54484685564691],"image-00084.jpg":[24.245863788383698,120.54294727692401],"image-00091.jpg":[24.245900694925485,120.54284197037897],"image-00047.jpg":[24.245598470749822,120.5437011262886],"image-00038.jpg":[24.245480602603884,120.54403457945119],"image-00101.jpg":[24.245966192255125,120.54265699282028],"image-00017.jpg":[24.245254436944588,120.5446759453618],"image-00006.jpg":[24.245144442918882,120.54498780437093],"image-00072.jpg":[24.245790414323817,120.54315589234082],"image-00036.jpg":[24.245455236446702,120.54410644243345],"image-00056.jpg":[24.245671426303343,120.54349439588131],"image-00107.jpg":[24.24599860291935,120.54256544631326],"image-00003.jpg":[24.24510991182244,120.54508502864647],"image-00092.jpg":[24.245906728381705,120.5428249413867],"image-00121.jpg":[24.246068704772753,120.54236597922761],"image-00076.jpg":[24.245816261609527,120.54308239460306],"image-00041.jpg":[24.24552123041299,120.54391958301747],"image-00082.jpg":[24.245852189554864,120.54298017912387],"image-00032.jpg":[24.245407364029244,120.54424236681771],"image-00021.jpg":[24.24529240651966,120.54456810542857],"image-00108.jpg":[24.24600407173051,120.54254996811588],"image-00048.jpg":[24.245607934331915,120.54367443023621],"image-00026.jpg":[24.24533649806004,120.54444342552533],"image-00065.jpg":[24.245741491281805,120.54329526421627],"image-00089.jpg":[24.245890536556384,120.54287114029464],"image-00029.jpg":[24.245361520101707,120.54437189399916],"image-00071.jpg":[24.245784034482718,120.54317411279737],"image-00009.jpg":[24.245177103969972,120.5448951139063],"image-00113.jpg":[24.246031293348764,120.54247274633164],"image-00051.jpg":[24.24563285170687,120.5436038149987]}