{"image-00070.jpg":[24.245568961775888,120.54354685362253],"image-00095.jpg":[24.245760485876357,120.54305537857724],"image-00034.jpg":[24.245141249804934,120.54466662832803],"image-00102.jpg":[24.24581436839265,120.54291022543431],"image-00077.jpg":[24.24562865017151,120.5433948158123],"image-00058.jpg":[24.245451421318233,120.54384748101299],"image-00117.jpg":[24.245912126569376,120.54265455550288],"image-00008.jpg":[24.24481865117634,120.54551082519332],"image-00085.jpg":[24.245689120285036,120.54323908467461],"image-00020.jpg":[24.24496325114164,120.54513387042812],"image-00069.jpg":[24.24556024469822,120.5435704953594],"image-00013.jpg":[24.244879148912148,120.54535080802053],"image-00080.jpg":[24.24565216008317,120.54333563951977],"image-00050.jpg":[24.24537388188324,120.54405234886114],"image-00066.jpg":[24.245532507876216,120.54364023273797],"image-00005.jpg":[24.244778935313885,120.54561551669883],"image-00040.jpg":[24.245238302890385,120.54441183445871],"image-00025.jpg":[24.24501577851063,120.54499392020585],"image-00019.jpg":[24.244951466450807,120.54516427185332],"image-00094.jpg":[24.245753107855595,120.54307514090254],"image-00098.jpg":[24.245785022060666,120.54299042377632],"image-00104.jpg":[24.245827334533644,120.54287554744486],"image-00054.jpg":[24.245412682154644,120.54395147581795],"image-00124.jpg":[24.245952389111302,120.54255392421051],"image-00001.jpg":[24.24474522170304,120.5457079728912],"image-00031.jpg":[24.245094982936276,120.54478623897258],"image-00078.jpg":[24.24563582741396,120.54337616726441],"image-00110.jpg":[24.245863050280757,120.54278053594163],"image-00059.jpg":[24.245461473521072,120.54382071299605],"image-00090.jpg":[24.245726117947545,120.54314665381236],"image-00123.jpg":[24.24594679894079,120.54256786227441],"image-00118.jpg":[24.245917868010714,120.54263936517307],"image-00043.jpg":[24.245290724296154,120.5442732813313],"image-00064.jpg":[24.245512377320008,120.543692772029],"image-00075.jpg":[24.245611472923446,120.54343734378077],"image-00035.jpg":[24.245154521219067,120.54463583504642],"image-00010.jpg":[24.244845442731897,120.54544357801618],"image-00046.jpg":[24.245333472190666,120.54415914212194],"image-00114.jpg":[24.245891688700684,120.54270655097744],"image-00052.jpg":[24.245393830439305,120.54400006075645],"image-00099.jpg":[24.245792283669726,120.5429698367216],"image-00111.jpg":[24.24586968488309,120.54276303301461],"image-00112.jpg":[24.24587682881974,120.54274544391062],"image-00125.jpg":[24.245957743888507,120.54254010438589],"image-00083.jpg":[24.245675305987447,120.54327539448116],"image-00039.jpg":[24.24522156072874,120.54445868959094],"image-00062.jpg":[24.245494928717207,120.54373727546755],"image-00023.jpg":[24.244996239066136,120.54504484965048],"image-00105.jpg":[24.245833283475505,120.54285946117864],"image-00028.jpg":[24.24504944514142,120.54490787138911],"image-00120.jpg":[24.24593025013919,120.54260943929275],"image-00033.jpg":[24.245127717956727,120.54470007896728],"image-00002.jpg":[24.24474669029875,120.54570436381428],"image-00079.jpg":[24.245644541091746,120.54335557778955],"image-00027.jpg":[24.24503837413925,120.54493553072712],"image-00057.jpg":[24.245441187407657,120.54387628686509],"image-00096.jpg":[24.245767358978068,120.54303622908884],"image-00004.jpg":[24.24476751544211,120.54564552055959],"image-00109.jpg":[24.245856604094868,120.54279719231229],"image-00093.jpg":[24.245745702688925,120.54309391310775],"image-00106.jpg":[24.24583903630729,120.5428442523024],"image-00045.jpg":[24.245317825146376,120.54420055245131],"image-00016.jpg":[24.244913676057667,120.54526246656948],"image-00053.jpg":[24.245403470982456,120.54397510703703],"image-00103.jpg":[24.24582135984436,120.5428922197812],"image-00081.jpg":[24.24565994404693,120.54331550033443],"image-00061.jpg":[24.24548253909437,120.54376553372612],"image-00014.jpg":[24.24489118844441,120.54531938905811],"image-00012.jpg":[24.24486890443297,120.54538171431065],"image-00044.jpg":[24.24530210968772,120.54424301990576],"image-00116.jpg":[24.245905474698848,120.54267081467417],"image-00074.jpg":[24.245603176642103,120.54345937003175],"image-00119.jpg":[24.24592382487013,120.54262443172713],"image-00030.jpg":[24.245075919070587,120.54483518138993],"image-00073.jpg":[24.245595185109337,120.54348135785887],"image-00088.jpg":[24.245710038126322,120.5431860064678],"image-00049.jpg":[24.245364975273823,120.54407622612163],"image-00042.jpg":[24.245272465001136,120.54432274526476],"image-00055.jpg":[24.245422923624442,120.54392352727123],"image-00067.jpg":[24.245541324772713,120.54361707829493],"image-00024.jpg":[24.245006145849604,120.5450197044677],"image-00097.jpg":[24.24577713688948,120.54301156239939],"image-00086.jpg":[24.24569683186531,120.5432203032521],"image-00068.jpg":[24.245550405273985,120.54359436755712],"image-00018.jpg":[24.24493922504815,120.54519653564438],"image-00060.jpg":[24.24547168279901,120.54379319713647],"image-00007.jpg":[24.24480299095833,120.54555031173061],"image-00122.jpg":[24.245940909235117,120.54258121470505],"image-00022.jpg":[24.244985348656517,120.5450757676736],"image-00015.jpg":[24.244902040667526,120.5452914446206],"image-00063.jpg":[24.245503839122613,120.54371383229532],"image-00100.jpg":[24.24579971939073,120.54294944530888],"image-00037.jpg":[24.245191945560986,120.54453445179315],"image-00115.jpg":[24.24589845879418,120.54268833882776],"image-00087.jpg":[24.245702741033917,120.54320470825226],"image-00011.jpg":[24.24485751440537,120.54541351941376],"image-00084.jpg":[24.245681979829204,120.54325745645882],"image-00091.jpg":[24.245732804104957,120.54312892995522],"image-00047.jpg":[24.245343253514324,120.54413349082328],"image-00038.jpg":[24.24520481030174,120.54450085999642],"image-00101.jpg":[24.245807040202347,120.54292962754894],"image-00017.jpg":[24.24492629026358,120.54522908691243],"image-00006.jpg":[24.24479133841754,120.54558231660266],"image-00072.jpg":[24.245587168172534,120.54350177040035],"image-00036.jpg":[24.24517416670348,120.54458145251188],"image-00056.jpg":[24.245431736167244,120.54390102315037],"image-00107.jpg":[24.245843876538444,120.54283082536858],"image-00003.jpg":[24.244754652361856,120.54568296599531],"image-00092.jpg":[24.245739551513836,120.54311072780212],"image-00121.jpg":[24.245935751373334,120.54259514066725],"image-00076.jpg":[24.24562064575498,120.54341556295897],"image-00041.jpg":[24.24525302682209,120.54437334180795],"image-00082.jpg":[24.245667622697216,120.54329494003753],"image-00032.jpg":[24.24511382570453,120.54473810600685],"image-00021.jpg":[24.2449744415037,120.5451043461688],"image-00108.jpg":[24.245850351989116,120.54281368491851],"image-00048.jpg":[24.245353726511148,120.54410515508773],"image-00026.jpg":[24.245025765292976,120.5449677366999],"image-00065.jpg":[24.245521650137142,120.54366883372114],"image-00089.jpg":[24.245717267520693,120.54316708729195],"image-00029.jpg":[24.24506136876483,120.54487850252525],"image-00071.jpg":[24.24557823824215,120.54352423348688],"image-00009.jpg":[24.24483215213638,120.54547608551509],"image-00113.jpg":[24.24588406850196,120.54272569659156],"image-00051.jpg":[24.245384015664044,120.54402563345191]}