{
    "image-00080.jpg": {
        "24.799796,120.990977": [
            68119.0, 
            66082.0
        ]
    }, 
    "image-00103.jpg": {
        "24.799917,120.991062": [
            65036.0, 
            61974.0, 
            61974.0, 
            62487.0, 
            62487.0, 
            65047.0, 
            65559.0, 
            61976.0, 
            65048.0, 
            65048.0, 
            61977.0, 
            62491.0, 
            65563.0, 
            65563.0, 
            66076.0, 
            61982.0, 
            62494.0, 
            65057.0, 
            65569.0, 
            65569.0, 
            65569.0, 
            59382.0, 
            59382.0
        ]
    }, 
    "image-00066.jpg": {
        "24.799876,120.990817": [
            67043.0, 
            65508.0, 
            65508.0, 
            67044.0, 
            65510.0, 
            65510.0, 
            67115.0, 
            67115.0, 
            67117.0, 
            67117.0, 
            67118.0, 
            67118.0, 
            62441.0, 
            65513.0, 
            66025.0, 
            62442.0, 
            66540.0, 
            66540.0, 
            66540.0, 
            66540.0, 
            66541.0, 
            66541.0, 
            66541.0, 
            66541.0, 
            67053.0, 
            67053.0, 
            67053.0, 
            67054.0, 
            66031.0, 
            66031.0
        ]
    }, 
    "image-00086.jpg": {
        "24.799849,120.991015": []
    }, 
    "image-00010.jpg": {
        "24.799972,120.990501": [
            60380.0, 
            60892.0, 
            60892.0, 
            54237.0, 
            58845.0, 
            60381.0, 
            61917.0, 
            61917.0, 
            62941.0, 
            57822.0, 
            57822.0, 
            61918.0, 
            61918.0, 
            62943.0, 
            62943.0, 
            63455.0, 
            63455.0, 
            63967.0, 
            63967.0, 
            61409.0, 
            61409.0, 
            62945.0, 
            62945.0, 
            62945.0, 
            64993.0, 
            64993.0, 
            61410.0, 
            63458.0, 
            63458.0, 
            61411.0, 
            63459.0, 
            63459.0, 
            64483.0, 
            64483.0, 
            68130.0, 
            68130.0, 
            68642.0, 
            66083.0, 
            66083.0, 
            66083.0, 
            66083.0, 
            67619.0, 
            67619.0, 
            68131.0, 
            68131.0, 
            66596.0, 
            66596.0, 
            66596.0, 
            67108.0, 
            67108.0, 
            67108.0, 
            68132.0, 
            68132.0, 
            67622.0, 
            65576.0, 
            67112.0, 
            68137.0, 
            66022.0, 
            66022.0, 
            66604.0, 
            68140.0, 
            68140.0, 
            68140.0, 
            68140.0, 
            65581.0, 
            65581.0, 
            68141.0, 
            68141.0, 
            68653.0, 
            68653.0, 
            62440.0, 
            62952.0, 
            59369.0, 
            61418.0, 
            65002.0, 
            66026.0, 
            66026.0, 
            66538.0, 
            60396.0, 
            61420.0, 
            66540.0, 
            60911.0, 
            67055.0, 
            61425.0, 
            67060.0, 
            67102.0, 
            68128.0, 
            66082.0, 
            66595.0, 
            67611.0
        ]
    }
}