{"image-00080.jpg":{"24.799796,120.990977":[-13.97431468963623,-48.18818664550781,-3.082477331161499,-39.94666290283203,-90.11824035644531,-1.20975661277771]},"image-00103.jpg":{"24.799917,120.991062":[5382031352637948000,-8427260197403099000,122689829619105800,4294400772633788400,-8990108995754656000,857948167239368700,4294400772633788400,-8990108995754656000,857948167239368700,4187861669315084300,-9051005447259030000,735620970298998800,4187861669315084300,-9051005447259030000,735620970298998800,4198922481412604000,-9074911578825949000,122690697202499580,4199238591005589500,-9075594925302612000,-24719092875264,4072479468852084700,-9092791287161029000,857948098519892000,4087242611478233000,-9125755195517567000,122690576943415300,4087242611478233000,-9125755195517567000,122690576943415300,3960590416830529500,-9142081843678413000,857948373397798900,3738705671810449400,-9245592067340500000,735621382615859200,3748862685349937000,-9270710410477044000,-24516289888256,3748862685349937000,-9270710410477044000,-24516289888256,3634539864340300000,-9315315398192660000,-122739823038431230,3392538179700523000,-9367744510651531000,857949129312043000,3395867226031522000,-9376938626882994000,735621520054812700,3056478772862648300,-9520656891261223000,122691788124192770,3056708845670760400,-9521373772842533000,-24105017409536,3056708845670760400,-9521373772842533000,-24105017409536,3056708845670760400,-9521373772842533000,-24105017409536,78.40084838867188,-73.78273010253906,14.780319213867188,78.40084838867188,-73.78273010253906,14.780319213867188]},"image-00066.jpg":{"24.799876,120.990817":[1.7434056997299194,-28.863725662231445,-1.0569989681243896,1.316675066947937,-28.444568634033203,0.5250592827796936,1.316675066947937,-28.444568634033203,0.5250592827796936,1.3184337615966797,-28.438642501831055,-1.0498863458633423,0.4832950830459595,-27.61070442199707,0.518318235874176,0.4832950830459595,-27.61070442199707,0.518318235874176,-24.696971893310547,-4.073051929473877,-1.5343190431594849,-24.696971893310547,-4.073051929473877,-1.5343190431594849,-23.415433883666992,-2.448270797729492,-1.4675956964492798,-23.415433883666992,-2.448270797729492,-1.4675956964492798,-22.815391540527344,-1.6875180006027222,-1.4366790056228638,-22.815391540527344,-1.6875180006027222,-1.4366790056228638,0.2721220552921295,-23.657482147216797,3.3204989433288574,0.2500573396682739,-23.717899322509766,0.47406426072120667,0.24638326466083527,-23.72795867919922,0.0000726100115571171,-0.3946197032928467,-24.081401824951172,3.374739646911621,-1.8314751386642456,-25.05908966064453,-0.49847349524497986,-1.8314751386642456,-25.05908966064453,-0.49847349524497986,-1.8314751386642456,-25.05908966064453,-0.49847349524497986,-1.8314751386642456,-25.05908966064453,-0.49847349524497986,-2.5712971687316895,-25.530290603637695,-0.5072910189628601,-2.5712971687316895,-25.530290603637695,-0.5072910189628601,-2.5712971687316895,-25.530290603637695,-0.5072910189628601,-2.5712971687316895,-25.530290603637695,-0.5072910189628601,-2.575986385345459,-25.54140281677246,-1.015112280845642,-2.575986385345459,-25.54140281677246,-1.015112280845642,-2.575986385345459,-25.54140281677246,-1.015112280845642,-3.3428657054901123,-26.02994728088379,-1.033555269241333,-5.932274341583252,-30.51406478881836,0.0000994271831586957,-5.932274341583252,-30.51406478881836,0.0000994271831586957]},"image-00086.jpg":{"24.799849,120.991015":[]},"image-00010.jpg":{"24.799972,120.990501":[28.487632751464844,12.59233283996582,3.723372459411621,28.484453201293945,12.57561206817627,3.3833858966827393,28.484453201293945,12.57561206817627,3.3833858966827393,28.128339767456055,12.513215065002441,7.992760181427002,28.096302032470703,12.355279922485352,4.810371398925781,28.085851669311523,12.303765296936035,3.7723498344421387,28.075468063354492,12.252572059631348,2.740777015686035,28.075468063354492,12.252572059631348,2.740777015686035,28.068567276000977,12.218549728393555,2.0552423000335693,27.69229507446289,12.095553398132324,5.581447124481201,27.69229507446289,12.095553398132324,5.581447124481201,27.662012100219727,11.955121040344238,2.77779483795166,27.662012100219727,11.955121040344238,2.77779483795166,27.229036331176758,11.613877296447754,2.1119070053100586,27.229036331176758,11.613877296447754,2.1119070053100586,27.2249698638916,11.596087455749512,1.7600682973861694,27.2249698638916,11.596087455749512,1.7600682973861694,27.22090721130371,11.578302383422852,1.408313274383545,27.22090721130371,11.578302383422852,1.408313274383545,26.355642318725586,11.030652046203613,3.2606735229492188,26.355642318725586,11.030652046203613,3.2606735229492188,26.341371536254883,10.97458267211914,2.173125982284546,26.341371536254883,10.97458267211914,2.173125982284546,26.341371536254883,10.97458267211914,2.173125982284546,26.32237434387207,10.899930953979492,0.7251043319702148,26.32237434387207,10.899930953979492,0.7251043319702148,25.893205642700195,10.698226928710938,3.3092992305755615,25.872703552246094,10.621623039245605,1.8381935358047485,25.872703552246094,10.621623039245605,1.8381935358047485,25.41670036315918,10.355706214904785,3.3599088191986084,25.39463996887207,10.277139663696289,1.8663740158081055,25.39463996887207,10.277139663696289,1.8663740158081055,25.383623123168945,10.237902641296387,1.1204297542572021,25.383623123168945,10.237902641296387,1.1204297542572021,-13.941739082336426,12.04928207397461,-3.3735671043395996,-13.941739082336426,12.04928207397461,-3.3735671043395996,-12.396004676818848,12.942513465881348,-3.9188876152038574,-13.121325492858887,13.282942771911621,-0.6575015187263489,-13.121325492858887,13.282942771911621,-0.6575015187263489,-13.121325492858887,13.282942771911621,-0.6575015187263489,-13.121325492858887,13.282942771911621,-0.6575015187263489,-12.990676879882812,13.356308937072754,-2.625221014022827,-12.990676879882812,13.356308937072754,-2.625221014022827,-12.947203636169434,13.380721092224121,-3.2799971103668213,-12.947203636169434,13.380721092224121,-3.2799971103668213,-73.6960220336914,-19.016307830810547,-2.999913454055786,-73.6960220336914,-19.016307830810547,-2.999913454055786,-73.6960220336914,-19.016307830810547,-2.999913454055786,-48.75214767456055,-5.407407760620117,-3.4549970626831055,-48.75214767456055,-5.407407760620117,-3.4549970626831055,-48.75214767456055,-5.407407760620117,-3.4549970626831055,-22.373144149780273,8.984477043151855,-3.9173879623413086,-22.373144149780273,8.984477043151855,-3.9173879623413086,-34.75661087036133,4.3772292137146,-3.7759315967559814,-9002918855974060000,-4352867853196591000,74577820516352,-51.432167053222656,-1.5899537801742554,-3.478508710861206,-25.547258377075195,11.815645217895508,-4.012821197509766,23.833044052124023,9.070204734802246,0.000027546002456801943,23.833044052124023,9.070204734802246,0.000027546002456801943,-9202887585473495000,-3904697292988350500,-245339423984582660,-27.447769165039062,13.621030807495117,-4.07426643371582,-27.447769165039062,13.621030807495117,-4.07426643371582,-27.447769165039062,13.621030807495117,-4.07426643371582,-27.447769165039062,13.621030807495117,-4.07426643371582,-9252898322107073000,-3792610603751702500,72451593601024,-9252898322107073000,-3792610603751702500,72451593601024,-28.080440521240234,14.241283416748047,-4.095472812652588,-28.080440521240234,14.241283416748047,-4.095472812652588,-18.5233097076416,18.158594131469727,-4.155519008636475,-18.5233097076416,18.158594131469727,-4.155519008636475,22.501346588134766,7.632530212402344,2.9081883430480957,22.481359481811523,7.575122833251953,2.4955923557281494,21.6464786529541,6.488444805145264,5.653286457061768,20.461183547973633,4.560760498046875,4.142508029937744,20.276742935180664,4.070155620574951,0.9299225211143494,20.341886520385742,4.2434515953063965,0.00007561984239146113,20.341886520385742,4.2434515953063965,0.00007561984239146113,20.326040267944336,4.201301097869873,-0.4630565941333771,18.720945358276367,2.701610565185547,5.394467353820801,18.683000564575195,2.607743263244629,