{"image-00070.jpg":[25.01913432278447,121.53016227964514],"image-00095.jpg":[25.018660908387872,121.53063330850624],"image-00034.jpg":[25.019744762840386,121.5295575518332],"image-00102.jpg":[25.018551670193467,121.53074177269544],"image-00077.jpg":[25.018992078547168,121.53030392171368],"image-00058.jpg":[25.01938074892016,121.52991756668942],"image-00117.jpg":[25.018311257738937,121.53098092479537],"image-00008.jpg":[25.020173267977235,121.52911930741305],"image-00085.jpg":[25.018831069545982,121.53046406776448],"image-00020.jpg":[25.019888835313058,121.5294115210556],"image-00069.jpg":[25.01915338570583,121.53014336071502],"image-00013.jpg":[25.01995578405779,121.52934338126377],"image-00080.jpg":[25.018929847648646,121.5303658398277],"image-00050.jpg":[25.019535494701742,121.52976424561973],"image-00066.jpg":[25.01921182752778,121.53008550969065],"image-00005.jpg":[25.020373485568708,121.52891375571184],"image-00040.jpg":[25.019679732009635,121.5296218190465],"image-00025.jpg":[25.019832906371747,121.52946900260176],"image-00019.jpg":[25.019899698490708,121.52940037159483],"image-00094.jpg":[25.018677644242775,121.53061665677345],"image-00098.jpg":[25.01861410733608,121.53067982507866],"image-00104.jpg":[25.018525211120373,121.5307678702651],"image-00054.jpg":[25.01946146958266,121.52983738903797],"image-00124.jpg":[25.01819611183882,121.53109570177175],"image-00001.jpg":[25.020614690542345,121.52866605538719],"image-00031.jpg":[25.019769527369153,121.52953306301764],"image-00078.jpg":[25.01897139424773,121.53032448755674],"image-00110.jpg":[25.018428923205036,121.53086367186657],"image-00059.jpg":[25.019359964280902,121.52993825576965],"image-00090.jpg":[25.018744309874553,121.53055035059629],"image-00123.jpg":[25.018213274989538,121.5310785613621],"image-00118.jpg":[25.01829469739702,121.53099740167376],"image-00043.jpg":[25.019636363649003,121.52966483504235],"image-00064.jpg":[25.019251143740544,121.53004650261838],"image-00075.jpg":[25.019033792819254,121.5302624104281],"image-00035.jpg":[25.019735870761707,121.5295663178042],"image-00010.jpg":[25.020078130262966,121.52921766066746],"image-00046.jpg":[25.01959467653335,121.52970602192232],"image-00114.jpg":[25.018361605966334,121.53093077619556],"image-00052.jpg":[25.019500742332063,121.52979847093766],"image-00099.jpg":[25.018598700334802,121.53069513333475],"image-00111.jpg":[25.01841180440301,121.53088074357191],"image-00112.jpg":[25.01839564679403,121.53089683999639],"image-00125.jpg":[25.018181778053947,121.53110995225356],"image-00083.jpg":[25.018869904405484,121.53042541146647],"image-00039.jpg":[25.01969260694274,121.52960919435691],"image-00062.jpg":[25.019293369511086,121.53000449298528],"image-00023.jpg":[25.01985871433976,121.52944252585908],"image-00105.jpg":[25.018510705390696,121.53078227588827],"image-00028.jpg":[25.019791091413374,121.5295116327359],"image-00120.jpg":[25.018262616283703,121.53102936499954],"image-00033.jpg":[25.01975315104154,121.52954928317726],"image-00002.jpg":[25.020598321442886,121.52868290488033],"image-00079.jpg":[25.018950765668425,121.5303450201451],"image-00027.jpg":[25.0198032991402,121.5294992244049],"image-00057.jpg":[25.01940124346241,121.52989720764724],"image-00096.jpg":[25.01864499783393,121.5306491393435],"image-00004.jpg":[25.020445354816662,121.52884019101464],"image-00109.jpg":[25.01844610429239,121.53084656037049],"image-00093.jpg":[25.018694300037772,121.5306000980732],"image-00106.jpg":[25.018494664779386,121.53079825915886],"image-00045.jpg":[25.019609081438325,121.529691756708],"image-00016.jpg":[25.019933552974244,121.52936549326748],"image-00053.jpg":[25.01948167398924,121.5298173506351],"image-00103.jpg":[25.018537409573028,121.53075584093932],"image-00081.jpg":[25.018910117745367,121.53038543447511],"image-00061.jpg":[25.019316281273376,121.52998173249657],"image-00014.jpg":[25.019949208109903,121.52934990751201],"image-00012.jpg":[25.019963308792235,121.52933579834351],"image-00044.jpg":[25.0196227904857,121.52967821177072],"image-00116.jpg":[25.01832714649924,121.53096512989978],"image-00074.jpg":[25.019054485026725,121.5302417734382],"image-00119.jpg":[25.01827876160921,121.53101328498084],"image-00030.jpg":[25.019776352158686,121.529526293007],"image-00073.jpg":[25.019075010938156,121.53022129109186],"image-00088.jpg":[25.01877819852443,121.5305166502111],"image-00049.jpg":[25.019550351696235,121.52974962039033],"image-00042.jpg":[25.01965040859167,121.52965095833005],"image-00055.jpg":[25.0194416722097,121.52985700111122],"image-00067.jpg":[25.019191945603886,121.53010520071766],"image-00024.jpg":[25.019849247910265,121.52945225401388],"image-00097.jpg":[25.0186293087913,121.53066473255842],"image-00086.jpg":[25.018812431401884,121.53048259632047],"image-00068.jpg":[25.019172037015977,121.53012489933519],"image-00018.jpg":[25.019911430711367,121.52938820937106],"image-00060.jpg":[25.019338498197417,121.52995963198723],"image-00007.jpg":[25.02024035089477,121.52905017375488],"image-00122.jpg":[25.018229944580135,121.53106193563787],"image-00022.jpg":[25.019869371185223,121.52943154547842],"image-00015.jpg":[25.019941672607093,121.52935740694531],"image-00063.jpg":[25.01927247664269,121.53002532258859],"image-00100.jpg":[25.01858308046602,121.53071062472765],"image-00037.jpg":[25.019716075461368,121.52958590672534],"image-00115.jpg":[25.018343998254572,121.53094836567448],"image-00087.jpg":[25.018794822868674,121.53050011734594],"image-00011.jpg":[25.020022799279158,121.52927470636752],"image-00084.jpg":[25.01884954129087,121.53044569418053],"image-00091.jpg":[25.01872773269036,121.5305668323294],"image-00047.jpg":[25.019579101773825,121.52972142101532],"image-00038.jpg":[25.019704863644353,121.52959707562752],"image-00101.jpg":[25.0185674285473,121.53072615388992],"image-00017.jpg":[25.01992395320996,121.52937528415947],"image-00006.jpg":[25.020305739318054,121.52898321973615],"image-00072.jpg":[25.019095133611618,121.5302012246806],"image-00036.jpg":[25.019726592519408,121.5295754921471],"image-00056.jpg":[25.01942197378017,121.52987662513601],"image-00107.jpg":[25.018479210232925,121.53081361583992],"image-00003.jpg":[25.02053322883226,121.5287499429534],"image-00092.jpg":[25.018711058595454,121.53058342873265],"image-00121.jpg":[25.01824658117526,121.53104532637397],"image-00076.jpg":[25.01901251665434,121.53028360224212],"image-00041.jpg":[25.01966524248229,121.52963628047098],"image-00082.jpg":[25.018890181724622,121.53040524282169],"image-00032.jpg":[25.01976149017618,121.52954101836464],"image-00021.jpg":[25.01987825065098,121.52942241205788],"image-00108.jpg":[25.018462696367305,121.53083004079464],"image-00048.jpg":[25.019564770629213,121.52973544539523],"image-00026.jpg":[25.019817560852964,121.52948468711071],"image-00065.jpg":[25.019229641666207,121.5300678628953],"image-00089.jpg":[25.018761569706303,121.53053318504233],"image-00029.jpg":[25.019779852805673,121.52952303578132],"image-00071.jpg":[25.01911538943181,121.53018107303487],"image-00009.jpg":[25.02012325106938,121.52917109854788],"image-00113.jpg":[25.01837924174829,121.53091317222005],"image-00051.jpg":[25.019519046018555,121.52978039787008]}