{"image-00070.jpg":[25.019450977614287,121.5295057476946],"image-00095.jpg":[25.01896353975878,121.53001246370322],"image-00034.jpg":[25.020125220479898,121.52874583554927],"image-00102.jpg":[25.018847004024657,121.53013893446641],"image-00077.jpg":[25.019306958968173,121.52965212215423],"image-00058.jpg":[25.019714174675503,121.52921938536188],"image-00117.jpg":[25.018598785185215,121.53039780235855],"image-00008.jpg":[25.020378952128954,121.52871642958175],"image-00085.jpg":[25.019139665843724,121.52982824391395],"image-00020.jpg":[25.020240431767444,121.52866331608294],"image-00069.jpg":[25.019471319846662,121.5294837269345],"image-00013.jpg":[25.020285647684737,121.52864579561182],"image-00080.jpg":[25.01924249569212,121.52971980345383],"image-00050.jpg":[25.01988370023736,121.52903040834104],"image-00066.jpg":[25.01953550767246,121.52941228288604],"image-00005.jpg":[25.020475171615047,121.52875838679735],"image-00040.jpg":[25.020051318130477,121.5288313688826],"image-00025.jpg":[25.02020669032329,121.52867088805769],"image-00019.jpg":[25.020245575198327,121.5286658260257],"image-00094.jpg":[25.018980706694908,121.52999472606334],"image-00098.jpg":[25.018914420173864,121.53006476808923],"image-00104.jpg":[25.01881601618262,121.53017589766304],"image-00054.jpg":[25.019799940858103,121.5291266841632],"image-00124.jpg":[25.01848337828291,121.53051392894642],"image-00001.jpg":[25.02059074280117,121.52880939442257],"image-00031.jpg":[25.020153059090653,121.52871399057918],"image-00078.jpg":[25.01928537542146,121.5296749456057],"image-00110.jpg":[25.01871680440359,121.53027915282837],"image-00059.jpg":[25.01969264418919,121.5292420538736],"image-00090.jpg":[25.019049546962243,121.52992298949378],"image-00123.jpg":[25.018500033118187,121.53049789003961],"image-00118.jpg":[25.018581853395244,121.53041520192517],"image-00043.jpg":[25.02000422406943,121.52888352340392],"image-00064.jpg":[25.01957915720788,121.52936230206785],"image-00075.jpg":[25.01934970802584,121.52960797380359],"image-00035.jpg":[25.020114908123745,121.52875794413174],"image-00010.jpg":[25.02033854748214,121.52868678993806],"image-00046.jpg":[25.01995664871102,121.52893882933424],"image-00114.jpg":[25.018649819265892,121.53034573160866],"image-00052.jpg":[25.019842808915705,121.5290791015115],"image-00099.jpg":[25.0188980967393,121.5300823707164],"image-00111.jpg":[25.018699884866706,121.53029581921832],"image-00112.jpg":[25.01868353136264,121.53031248368565],"image-00125.jpg":[25.01846859551356,121.53052925985835],"image-00083.jpg":[25.019179606255264,121.52978667710391],"image-00039.jpg":[25.020067070387366,121.52881206894837],"image-00062.jpg":[25.01962449656062,121.52931201923099],"image-00023.jpg":[25.020222966984146,121.52866579557217],"image-00105.jpg":[25.018800489668607,121.53019285308412],"image-00028.jpg":[25.020176826471683,121.52868679775663],"image-00120.jpg":[25.018549137715166,121.5304489906407],"image-00033.jpg":[25.02013492806342,121.52873447334055],"image-00002.jpg":[25.020583302309337,121.52880511156592],"image-00079.jpg":[25.019263992941084,121.5296974742746],"image-00027.jpg":[25.02018604840754,121.52868103977015],"image-00057.jpg":[25.019735734512295,121.52919642411572],"image-00096.jpg":[25.018947019601633,121.53002987687603],"image-00004.jpg":[25.020510719511968,121.5287722522895],"image-00109.jpg":[25.018734043001757,121.53026187926964],"image-00093.jpg":[25.018997914096897,121.52997683282604],"image-00106.jpg":[25.01878431853396,121.53020924553375],"image-00045.jpg":[25.019972863208213,121.52892009823924],"image-00016.jpg":[25.020262539487657,121.52867013666726],"image-00053.jpg":[25.01982161330781,121.52910313399637],"image-00103.jpg":[25.018830758126256,121.53015762365703],"image-00081.jpg":[25.01922159145549,121.52974228312266],"image-00061.jpg":[25.01964785598088,121.52928838826486],"image-00014.jpg":[25.02027859702673,121.52865348265364],"image-00012.jpg":[25.020291887395807,121.5286411919968],"image-00044.jpg":[25.01998850899966,121.52890190673774],"image-00116.jpg":[25.018615434811917,121.53038009717324],"image-00074.jpg":[25.019370344081576,121.52958731095998],"image-00119.jpg":[25.01856553415953,121.53043221647872],"image-00030.jpg":[25.020160727062127,121.52870507330977],"image-00073.jpg":[25.01939062445087,121.5295672548735],"image-00088.jpg":[25.01908480480357,121.52988583916873],"image-00049.jpg":[25.019902439973638,121.52900618401287],"image-00042.jpg":[25.02002016676174,121.52886512422609],"image-00055.jpg":[25.019778410487817,121.52915040589562],"image-00067.jpg":[25.01951369000464,121.5294366082727],"image-00024.jpg":[25.02021708770269,121.52866753142628],"image-00097.jpg":[25.018930574678834,121.53004734885351],"image-00086.jpg":[25.01912051969879,121.52984795981882],"image-00068.jpg":[25.019491809976806,121.52946092213452],"image-00018.jpg":[25.020250339141718,121.52866984076428],"image-00060.jpg":[25.01967065594981,121.52926484788199],"image-00007.jpg":[25.020410772453733,121.52872974254244],"image-00122.jpg":[25.018516574953992,121.53048146428401],"image-00022.jpg":[25.020229204329027,121.52866468057887],"image-00015.jpg":[25.020270794860913,121.52866168005667],"image-00063.jpg":[25.019602312942137,121.52933652638316],"image-00100.jpg":[25.018881031422985,121.5301014302737],"image-00037.jpg":[25.02009270812831,121.52878335551219],"image-00115.jpg":[25.01863256607308,121.53036268044511],"image-00087.jpg":[25.019102330352688,121.52986697852168],"image-00011.jpg":[25.020317002986676,121.52866307272112],"image-00084.jpg":[25.019158861153848,121.5298080249556],"image-00091.jpg":[25.019032337152687,121.52994103619997],"image-00047.jpg":[25.019939151950858,121.52895881003187],"image-00038.jpg":[25.020080628483797,121.52879692273757],"image-00101.jpg":[25.0188640834245,121.53012015378624],"image-00017.jpg":[25.02025619990703,121.52867239987711],"image-00006.jpg":[25.02044259913842,121.52874360632978],"image-00072.jpg":[25.019410504561858,121.52954769518342],"image-00036.jpg":[25.020104267023854,121.5287704503535],"image-00056.jpg":[25.019757709542723,121.52917281707188],"image-00107.jpg":[25.01876809782834,121.53022649099009],"image-00003.jpg":[25.020553327581318,121.52878939612683],"image-00092.jpg":[25.01901518715936,121.52995887957266],"image-00121.jpg":[25.018532918976643,121.53046540611246],"image-00076.jpg":[25.019328176952513,121.52962988008855],"image-00041.jpg":[25.02003661806872,121.52884659825165],"image-00082.jpg":[25.01920059274231,121.52976472213524],"image-00032.jpg":[25.02014412240205,121.52872411098576],"image-00021.jpg":[25.02023440297302,121.52866385932751],"image-00108.jpg":[25.018750998785475,121.53024439006676],"image-00048.jpg":[25.01992075470932,121.5289824602806],"image-00026.jpg":[25.020196240842424,121.52867561224929],"image-00065.jpg":[25.019556130022213,121.52938751352782],"image-00089.jpg":[25.019067365317905,121.52990443793401],"image-00029.jpg":[25.020168161166218,121.52869243500729],"image-00071.jpg":[25.019430858141856,121.52952740878915],"image-00009.jpg":[25.02035658411069,121.52870453849394],"image-00113.jpg":[25.018666960921028,121.53032923464447],"image-00051.jpg":[25.01986381453219,121.52905457680163]}