{"image-00070.jpg":[25.01939279285163,121.5295087907352],"image-00095.jpg":[25.018903798647912,121.53001186964642],"image-00034.jpg":[25.02006238127085,121.5287569773875],"image-00102.jpg":[25.018787493222042,121.53013718389666],"image-00077.jpg":[25.019247956519237,121.52965428656037],"image-00058.jpg":[25.01965543482735,121.52922511665022],"image-00117.jpg":[25.01853858524076,121.53039416174425],"image-00008.jpg":[25.020345043634237,121.52871813944543],"image-00085.jpg":[25.01908034765977,121.5298290153982],"image-00020.jpg":[25.020183044828183,121.52867401118235],"image-00069.jpg":[25.01941309230458,121.52948696166911],"image-00013.jpg":[25.02023196712819,121.5286554227755],"image-00080.jpg":[25.019183340735616,121.52972143297907],"image-00050.jpg":[25.019823972268412,121.52903802003617],"image-00066.jpg":[25.0194768745246,121.52941618869127],"image-00005.jpg":[25.02045793439566,121.52875341392213],"image-00040.jpg":[25.019989284053043,121.5288415357995],"image-00025.jpg":[25.02014555535478,121.52868238734061],"image-00019.jpg":[25.02018910254196,121.52867614381842],"image-00094.jpg":[25.018921029340383,121.52999425164157],"image-00098.jpg":[25.018854659939034,121.53006373833884],"image-00104.jpg":[25.018756966308533,121.53017367824297],"image-00054.jpg":[25.019741082881126,121.52913325298789],"image-00124.jpg":[25.018422334811554,121.53050960157566],"image-00001.jpg":[25.020593649639064,121.52879640246793],"image-00031.jpg":[25.020089957112297,121.52872547794823],"image-00078.jpg":[25.01922634626463,121.52967692698132],"image-00110.jpg":[25.018657447668254,121.53027618357441],"image-00059.jpg":[25.019633851706203,121.52924759604856],"image-00090.jpg":[25.018990057325688,121.52992302816087],"image-00123.jpg":[25.018439195232183,121.53049362498356],"image-00118.jpg":[25.01852158298605,121.53041145095456],"image-00043.jpg":[25.01994240175734,121.52889316726194],"image-00064.jpg":[25.019520205880642,121.52936683228572],"image-00075.jpg":[25.019290871089336,121.52961043830399],"image-00035.jpg":[25.020052211121527,121.52876894884614],"image-00010.jpg":[25.020295868686674,121.52869162399743],"image-00046.jpg":[25.01989537164788,121.52894783202655],"image-00114.jpg":[25.018589903801765,121.53034242750311],"image-00052.jpg":[25.01978372242696,121.52908613345073],"image-00099.jpg":[25.01883835177817,121.53008118159586],"image-00111.jpg":[25.018640369239236,121.53029277289602],"image-00112.jpg":[25.018623920624556,121.53030932943557],"image-00125.jpg":[25.01840751034992,121.53052483183664],"image-00083.jpg":[25.019120425155858,121.52978776105945],"image-00039.jpg":[25.020004706808344,121.52882247146937],"image-00062.jpg":[25.01956543325028,121.52931713726257],"image-00023.jpg":[25.020163457170366,121.52867696837262],"image-00105.jpg":[25.01874147678914,121.53019046941384],"image-00028.jpg":[25.02011358029798,121.52869864520801],"image-00120.jpg":[25.018488710688597,121.53044498552356],"image-00033.jpg":[25.020071957330526,121.52874574089603],"image-00002.jpg":[25.02058478020963,121.52879267435652],"image-00079.jpg":[25.019204913573212,121.52969926713581],"image-00027.jpg":[25.020123343623148,121.52869281319329],"image-00057.jpg":[25.019676994105453,121.52920233987851],"image-00096.jpg":[25.01888724464637,121.53002914004085],"image-00004.jpg":[25.020499287580513,121.52876476293974],"image-00109.jpg":[25.018674806745356,121.53025899765487],"image-00093.jpg":[25.018938281086452,121.5299764790723],"image-00106.jpg":[25.01872520197938,121.53020675988591],"image-00045.jpg":[25.01991143452075,121.52892932983467],"image-00016.jpg":[25.020208816676913,121.52867957070136],"image-00053.jpg":[25.019762692259654,121.52910990590249],"image-00103.jpg":[25.0187714341014,121.5301556829573],"image-00081.jpg":[25.019162457928545,121.52974371916488],"image-00061.jpg":[25.019588891879277,121.52929360594696],"image-00014.jpg":[25.020224935736998,121.52866303906896],"image-00012.jpg":[25.02023845301684,121.52865077497486],"image-00044.jpg":[25.019926901033656,121.52891134970936],"image-00116.jpg":[25.018555245442943,121.53037660408877],"image-00074.jpg":[25.01931167469866,121.52958989686405],"image-00119.jpg":[25.018505193919967,121.53042832223818],"image-00030.jpg":[25.02009755740297,121.5287166807152],"image-00073.jpg":[25.019332148979217,121.52956994731551],"image-00088.jpg":[25.019025374080734,121.5298861699026],"image-00049.jpg":[25.019842267564314,121.52901421677754],"image-00042.jpg":[25.019958172362934,121.5288749720786],"image-00055.jpg":[25.01971965833393,121.52915676047441],"image-00067.jpg":[25.019455190289396,121.52944027644436],"image-00024.jpg":[25.02015696630509,121.52867881741781],"image-00097.jpg":[25.018870790536948,121.53004646958588],"image-00086.jpg":[25.019061137420557,121.52984861317708],"image-00068.jpg":[25.01943345204206,121.52946437011508],"image-00018.jpg":[25.020194984020822,121.52867978198623],"image-00060.jpg":[25.019611774043486,121.52927021984618],"image-00007.jpg":[25.0203825579946,121.52872946893733],"image-00122.jpg":[25.018455883299964,121.53047728628607],"image-00022.jpg":[25.020170439913514,121.5286757057254],"image-00015.jpg":[25.020217114284097,121.52867117027374],"image-00063.jpg":[25.01954326285281,121.52934133720217],"image-00100.jpg":[25.018821376882805,121.5301000392893],"image-00037.jpg":[25.020030211337488,121.528794074794],"image-00115.jpg":[25.01857246111251,121.53035928237233],"image-00087.jpg":[25.019042897887577,121.52986748657517],"image-00011.jpg":[25.020268991866672,121.5286701907898],"image-00084.jpg":[25.019099579012426,121.5298089576629],"image-00091.jpg":[25.018972814375598,121.52994094134758],"image-00047.jpg":[25.01987803906406,121.52896759968732],"image-00038.jpg":[25.02001816409859,121.52880746283327],"image-00101.jpg":[25.018804497854504,121.53011857525836],"image-00017.jpg":[25.020201922289466,121.52868198338064],"image-00006.jpg":[25.020419740297886,121.52874099685064],"image-00072.jpg":[25.019352216753823,121.52955047556563],"image-00036.jpg":[25.020041696932285,121.528781295964],"image-00056.jpg":[25.019698943999213,121.52917893058881],"image-00107.jpg":[25.018708975799484,121.530223866027],"image-00003.jpg":[25.02054916824624,121.52877906704641],"image-00092.jpg":[25.018955605882255,121.52995865154868],"image-00121.jpg":[25.01847239868226,121.53046131095059],"image-00076.jpg":[25.019269215165558,121.52963220780597],"image-00041.jpg":[25.019974498149033,121.52885663183099],"image-00082.jpg":[25.019141462451284,121.52976596971018],"image-00032.jpg":[25.020081091011463,121.52873549119293],"image-00021.jpg":[25.02017625633016,121.52867474296733],"image-00108.jpg":[25.018691836457563,121.53024163105414],"image-00048.jpg":[25.019860130076285,121.52899089727738],"image-00026.jpg":[25.020134254716183,121.52868726497812],"image-00065.jpg":[25.019497233895784,121.52939179108566],"image-00089.jpg":[25.01900792464165,121.52990460732019],"image-00029.jpg":[25.020104444145186,121.52870434961127],"image-00071.jpg":[25.019372703919082,121.52953026992779],"image-00009.jpg":[25.020318199386995,121.52870762871052],"image-00113.jpg":[25.018607251237263,121.53032598843579],"image-00051.jpg":[25.01980447082466,121.52906189392617]}