{"image-00070.jpg":[25.061465493455806,121.6511587226529],"image-00095.jpg":[25.061566247535712,121.65181741296047],"image-00034.jpg":[25.06146114521904,121.65005421395321],"image-00102.jpg":[25.061603706363496,121.6519829835741],"image-00077.jpg":[25.061483152407238,121.65135359042543],"image-00111.jpg":[25.06166222746128,121.65219462375477],"image-00117.jpg":[25.061706198292022,121.65232779282776],"image-00008.jpg":[25.061458362198852,121.64918868780134],"image-00085.jpg":[25.061515280848692,121.6515701841131],"image-00020.jpg":[25.061463919245995,121.64958096556333],"image-00069.jpg":[25.061463777724924,121.6511308277073],"image-00013.jpg":[25.06145787571484,121.64934758411042],"image-00080.jpg":[25.061493656508212,121.65143680775472],"image-00050.jpg":[25.061450607015242,121.65057041125257],"image-00066.jpg":[25.06145819950972,121.65104629569959],"image-00005.jpg":[25.061458973710472,121.64909859155193],"image-00040.jpg":[25.06145615831416,121.6502506125043],"image-00025.jpg":[25.061466394757264,121.64975327130335],"image-00019.jpg":[25.06146253664527,121.649546825757],"image-00094.jpg":[25.061561044979527,121.65179389828384],"image-00098.jpg":[25.061581914034726,121.65188842474723],"image-00104.jpg":[25.061615571324324,121.6520305145306],"image-00054.jpg":[25.06144915359691,121.65069247115878],"image-00124.jpg":[25.061758396203764,121.65247079754485],"image-00001.jpg":[25.061460411561097,121.64901529630441],"image-00031.jpg":[25.061463727332686,121.64995397764868],"image-00078.jpg":[25.061486281899565,121.65138172858026],"image-00110.jpg":[25.06165509906941,121.6521711596115],"image-00059.jpg":[25.06144994217741,121.65084190486769],"image-00090.jpg":[25.061539927423226,121.65169675853977],"image-00123.jpg":[25.061751123758423,121.65245143317509],"image-00118.jpg":[25.061713710692437,121.65234927794705],"image-00043.jpg":[25.0614544367408,121.65034770027623],"image-00064.jpg":[25.06145490481948,121.65098878597784],"image-00075.jpg":[25.061477357420493,121.65129794821522],"image-00035.jpg":[25.061460301018773,121.65008733635602],"image-00010.jpg":[25.06145818061072,121.64925139080344],"image-00046.jpg":[25.06145330656516,121.65044379979594],"image-00114.jpg":[25.0616841673316,121.65226323082994],"image-00052.jpg":[25.061449826805305,121.65063122569336],"image-00099.jpg":[25.061587142170797,121.65191198946201],"image-00058.jpg":[25.06144966372808,121.6508119160467],"image-00112.jpg":[25.0616694039488,121.65221731947439],"image-00125.jpg":[25.061765485241065,121.652489043938],"image-00083.jpg":[25.061506173848283,121.65151712344282],"image-00039.jpg":[25.061456912869726,121.6502186673491],"image-00062.jpg":[25.061452461375627,121.65093002200584],"image-00023.jpg":[25.061466043876383,121.64968489890222],"image-00105.jpg":[25.06162175929029,121.6520546349133],"image-00028.jpg":[25.06146572059823,121.64985138348713],"image-00120.jpg":[25.061728662126843,121.65239091718965],"image-00033.jpg":[25.061461783881086,121.65002145976135],"image-00002.jpg":[25.06146031831772,121.64902027440361],"image-00079.jpg":[25.061489804992625,121.65140940327268],"image-00027.jpg":[25.06146617335508,121.64981716089517],"image-00057.jpg":[25.06144922740145,121.65078249305766],"image-00096.jpg":[25.06157141591265,121.65184133805796],"image-00004.jpg":[25.06145949043049,121.64906861021166],"image-00109.jpg":[25.061648202305562,121.65214856986655],"image-00093.jpg":[25.061555735249186,121.65177001977058],"image-00106.jpg":[25.061628136328274,121.65207806104833],"image-00045.jpg":[25.061453806162085,121.65041138214401],"image-00016.jpg":[25.061459114768084,121.64944688266209],"image-00053.jpg":[25.061449418033433,121.65066170064146],"image-00103.jpg":[25.061609583565772,121.6520069095049],"image-00081.jpg":[25.061497620695466,121.6514637879538],"image-00061.jpg":[25.061451770378646,121.65090024068317],"image-00014.jpg":[25.061457935451774,121.64938090840343],"image-00012.jpg":[25.061457845051784,121.64931552855313],"image-00044.jpg":[25.061454034256247,121.65037964616651],"image-00116.jpg":[25.06169868951631,121.65230627390994],"image-00074.jpg":[25.061474749333303,121.65127025785668],"image-00119.jpg":[25.06172116850573,121.65237039564724],"image-00030.jpg":[25.061464400937137,121.64991981758166],"image-00073.jpg":[25.061472156786156,121.65124232461662],"image-00088.jpg":[25.061529900709097,121.65164659550884],"image-00049.jpg":[25.061451526526014,121.65053886223046],"image-00042.jpg":[25.061454895560075,121.65031525529254],"image-00055.jpg":[25.06144910244129,121.65072263515295],"image-00067.jpg":[25.06145975142029,121.65107467325039],"image-00024.jpg":[25.061466453819964,121.64971910061354],"image-00097.jpg":[25.061576601307063,121.65186467308095],"image-00086.jpg":[25.06151998915979,121.65159621969177],"image-00068.jpg":[25.061461845962704,121.65110306590945],"image-00018.jpg":[25.06146121442209,121.64951290764436],"image-00060.jpg":[25.061450594814257,121.65087139134691],"image-00007.jpg":[25.061458375599653,121.64915891160561],"image-00122.jpg":[25.061743710358414,121.65243148711559],"image-00022.jpg":[25.06146541624221,121.64965041104665],"image-00015.jpg":[25.06145833202727,121.64941412761038],"image-00063.jpg":[25.06145334401648,121.65095989143977],"image-00100.jpg":[25.0615924499017,121.65193551604874],"image-00037.jpg":[25.06145863533745,121.6501530022866],"image-00115.jpg":[25.06169142222282,121.65228473224056],"image-00087.jpg":[25.061524694705945,121.65162236192404],"image-00011.jpg":[25.061458233878962,121.64928248380804],"image-00084.jpg":[25.06151050862934,121.65154381619278],"image-00091.jpg":[25.061545131815713,121.65172173098381],"image-00047.jpg":[25.061452803553287,121.65047548766123],"image-00038.jpg":[25.061457762182705,121.65018614998787],"image-00101.jpg":[25.061597974701467,121.65195952750842],"image-00017.jpg":[25.061460047917333,121.64947939667024],"image-00006.jpg":[25.061459251908865,121.64912702082135],"image-00072.jpg":[25.061469655876955,121.65121455788673],"image-00036.jpg":[25.061459393832195,121.65011978209402],"image-00056.jpg":[25.061449245268715,121.65075243626225],"image-00107.jpg":[25.06163473393492,121.6521016099014],"image-00003.jpg":[25.06145990093609,121.64903983765754],"image-00092.jpg":[25.061550485427095,121.65174586413573],"image-00121.jpg":[25.061736100200708,121.65241120646192],"image-00076.jpg":[25.061480184716025,121.65132567418308],"image-00041.jpg":[25.061455457438466,121.6502828451288],"image-00082.jpg":[25.061501782356423,121.6514902375699],"image-00032.jpg":[25.06146283228794,121.6499877053448],"image-00021.jpg":[25.06146483690966,121.64961551726317],"image-00108.jpg":[25.061641433703507,121.65212491621413],"image-00048.jpg":[25.061451975853483,121.6505077167846],"image-00026.jpg":[25.061466328236296,121.64978810857332],"image-00065.jpg":[25.06145661414077,121.65101761538938],"image-00089.jpg":[25.061534876899948,121.6516720048235],"image-00029.jpg":[25.061465227154393,121.64988533264571],"image-00071.jpg":[25.061467504011155,121.65118643031897],"image-00009.jpg":[25.06145861476777,121.6492187347687],"image-00113.jpg":[25.061676742841243,121.65224024215013],"image-00051.jpg":[25.06145003913323,121.65060105073047]}