{
    "image-00119.jpg": {
        "25.061713,121.652550": [
            63231.0, 
            70426.0, 
            70426.0, 
            57641.0, 
            61214.0, 
            55593.0, 
            69395.0, 
            66835.0, 
            54570.0, 
            54058.0, 
            60203.0, 
            53035.0, 
            56619.0, 
            60203.0, 
            68884.0, 
            63753.0, 
            59603.0, 
            54496.0, 
            53984.0, 
            67860.0, 
            57553.0, 
            63724.0, 
            68874.0, 
            66314.0, 
            67338.0, 
            67850.0, 
            53979.0, 
            69398.0, 
            67350.0, 
            67862.0, 
            68374.0, 
            66290.0, 
            64768.0, 
            57576.0, 
            64755.0, 
            67340.0, 
            68364.0, 
            54491.0, 
            69400.0, 
            70424.0, 
            68376.0, 
            62722.0, 
            66334.0, 
            62238.0, 
            67870.0, 
            65822.0, 
            59609.0, 
            61215.0, 
            53982.0, 
            55518.0, 
            59679.0, 
            69390.0, 
            62677.0, 
            68890.0, 
            70426.0, 
            60698.0, 
            65818.0, 
            59089.0, 
            56020.0, 
            62242.0, 
            57634.0, 
            67344.0, 
            69403.0, 
            64740.0, 
            58660.0, 
            63268.0, 
            62676.0, 
            54498.0, 
            68341.0, 
            62244.0, 
            57636.0, 
            64250.0, 
            57125.0, 
            62748.0, 
            64805.0, 
            62186.0, 
            69360.0, 
            60710.0, 
            58662.0, 
            63270.0, 
            54055.0, 
            61735.0, 
            57639.0, 
            69405.0, 
            64797.0, 
            67869.0, 
            65821.0, 
            68381.0, 
            53981.0, 
            57039.0, 
            53032.0
        ]
    }, 
    "image-00102.jpg": {
        "25.061632,121.651907": [
            60919.0, 
            60919.0, 
            58330.0, 
            58330.0, 
            59354.0, 
            60378.0, 
            58844.0, 
            58844.0, 
            58844.0, 
            59356.0, 
            59356.0, 
            60380.0, 
            60380.0, 
            60892.0, 
            59357.0, 
            59357.0, 
            59357.0, 
            60381.0, 
            60381.0, 
            60381.0, 
            60893.0, 
            60382.0, 
            60382.0, 
            60894.0, 
            60894.0, 
            65560.0, 
            65560.0, 
            65561.0, 
            65561.0, 
            60386.0, 
            60386.0, 
            60386.0, 
            66079.0, 
            66079.0, 
            58343.0, 
            66609.0, 
            57832.0, 
            57320.0, 
            60401.0, 
            60913.0, 
            60402.0, 
            60914.0, 
            60914.0, 
            56818.0, 
            56818.0, 
            56818.0, 
            57843.0, 
            57843.0, 
            60915.0, 
            60915.0, 
            57331.0, 
            57331.0, 
            57844.0, 
            57844.0, 
            60916.0, 
            60916.0, 
            55284.0, 
            56308.0, 
            56820.0, 
            56820.0, 
            56307.0, 
            58867.0, 
            60403.0, 
            59379.0
        ]
    }, 
    "image-00117.jpg": {
        "25.061674,121.652461": [
            59087.0, 
            59087.0, 
            59087.0, 
            65784.0, 
            65784.0, 
            65785.0, 
            63231.0, 
            62722.0, 
            66311.0, 
            66311.0, 
            66311.0, 
            66823.0, 
            66823.0, 
            66823.0, 
            62225.0, 
            68369.0, 
            68369.0, 
            68369.0, 
            62175.0, 
            62175.0, 
            59091.0, 
            59091.0, 
            61716.0, 
            61716.0, 
            62740.0, 
            62740.0, 
            63252.0, 
            63252.0, 
            61718.0, 
            61718.0, 
            62229.0, 
            62229.0, 
            62229.0, 
            66838.0, 
            69398.0, 
            68321.0, 
            62231.0, 
            62231.0, 
            62231.0, 
            68887.0, 
            68889.0, 
            67298.0, 
            67298.0, 
            58653.0, 
            58653.0, 
            58604.0, 
            58605.0, 
            58606.0, 
            58607.0, 
            58607.0, 
            62195.0, 
            62707.0, 
            62707.0, 
            62707.0, 
            64756.0, 
            68342.0, 
            68342.0, 
            63774.0, 
            63262.0, 
            59621.0, 
            54507.0, 
            56032.0, 
            62688.0, 
            69395.0, 
            68371.0, 
            56555.0, 
            61204.0, 
            54001.0, 
            67337.0, 
            67849.0, 
            65260.0, 
            62700.0, 
            58080.0, 
            57568.0, 
            62207.0, 
            57575.0, 
            57558.0, 
            64219.0, 
            55515.0, 
            58581.0, 
            59617.0, 
            68321.0, 
            61206.0, 
            61718.0, 
            68374.0, 
            60695.0, 
            65768.0, 
            62174.0, 
            61662.0, 
            62686.0, 
            67340.0, 
            68364.0, 
            56563.0, 
            64279.0, 
            57064.0, 
            63731.0, 
            64246.0, 
            63203.0, 
            63775.0, 
            63263.0, 
            57576.0, 
            56542.0, 
            68377.0, 
            63769.0, 
            65305.0, 
            64248.0, 
            62211.0, 
            66830.0, 
            67854.0, 
            68366.0, 
            63201.0, 
            60186.0, 
            64290.0, 
            60116.0, 
            59615.0, 
            58591.0, 
            60687.0, 
            63771.0, 
            56603.0, 
            69402.0, 
            64282.0, 
            67867.0, 
            68378.0, 
            64291.0, 
            64803.0, 
            67856.0, 
            68368.0, 
            59620.0, 
            60132.0, 
            54492.0, 
            67344.0, 
            58067.0, 
            57058.0, 
            60177.0, 
            62737.0, 
            56604.0, 
            67868.0, 
            63706.0, 
            60639.0, 
            61151.0, 
            56560.0, 
            57584.0, 
            64284.0, 
            56604.0, 
            55517.0, 
            59601.0, 
            58141.0, 
            65309.0
        ]
    }, 
    "image-00063.jpg": {
        "25.061402,121.650981": [
            72993.0, 
            72993.0, 
            71458.0, 
            71458.0, 
            73506.0, 
            73506.0, 
            73506.0, 
            69922.0, 
            71459.0, 
            71459.0, 
            68900.0, 
            68900.0, 
            68900.0, 
            70436.0, 
            70436.0, 
            70436.0, 
            69414.0, 
            70438.0, 
            68391.0, 
            70951.0, 
            66344.0, 
            66345.0, 
            68393.0, 
            68905.0, 
            68905.0, 
            69929.0, 
            69929.0, 
            69929.0, 
            70441.0, 
            70441.0, 
            70441.0, 
            72490.0, 
            72490.0, 
            67370.0
        ]
    },