{"image-00070.jpg":[25.061455071324506,121.65119337885906],"image-00095.jpg":[25.06155750089094,121.6519313528479],"image-00034.jpg":[25.061438896239697,121.64989024531621],"image-00102.jpg":[25.061594676945493,121.6521128433445],"image-00077.jpg":[25.061473992039108,121.65141441847693],"image-00111.jpg":[25.061652268054164,121.65234028705675],"image-00117.jpg":[25.061695186947794,121.65248214136763],"image-00008.jpg":[25.06142624682378,121.64888071559872],"image-00085.jpg":[25.06150674876451,121.6516570069856],"image-00020.jpg":[25.061436346411504,121.64933006832564],"image-00069.jpg":[25.06145315495627,121.65116089542991],"image-00013.jpg":[25.06142787388909,121.64906120639222],"image-00080.jpg":[25.061484872602463,121.6515076315427],"image-00050.jpg":[25.061434681072917,121.6505020263945],"image-00066.jpg":[25.061446988965645,121.65106262057789],"image-00005.jpg":[25.061425661326023,121.6487778214472],"image-00040.jpg":[25.061436373948638,121.65012328982802],"image-00025.jpg":[25.06144050401893,121.6495340192162],"image-00019.jpg":[25.061434666190976,121.64929029377775],"image-00094.jpg":[25.061552339324535,121.65190537655845],"image-00098.jpg":[25.061573059317066,121.65200953529616],"image-00104.jpg":[25.061606416521784,121.65216414800557],"image-00054.jpg":[25.061434640975623,121.6506467992205],"image-00124.jpg":[25.061745860571147,121.65263506689413],"image-00001.jpg":[25.061425895322525,121.64868339228335],"image-00031.jpg":[25.061440205035076,121.64977157446629],"image-00078.jpg":[25.061477281556932,121.65144590159989],"image-00110.jpg":[25.061645262754794,121.65231564551483],"image-00059.jpg":[25.061436993989336,121.65082354712466],"image-00090.jpg":[25.061531341871923,121.65179852628768],"image-00123.jpg":[25.061738808016365,121.6526143920494],"image-00118.jpg":[25.06170250356943,121.65250492759625],"image-00043.jpg":[25.061435822459607,121.65023835521298],"image-00064.jpg":[25.061443253960054,121.65099583716113],"image-00075.jpg":[25.06146788480916,121.6513514594382],"image-00035.jpg":[25.061438476403442,121.64992936871818],"image-00010.jpg":[25.061426912256547,121.64895164919346],"image-00046.jpg":[25.061435813210856,121.6503521428817],"image-00114.jpg":[25.061673751629552,121.65241266732603],"image-00052.jpg":[25.061434585172695,121.65057466509704],"image-00099.jpg":[25.06157824790498,121.65203551179482],"image-00058.jpg":[25.061436407298164,121.65078814329462],"image-00112.jpg":[25.061659270570818,121.6523648451844],"image-00125.jpg":[25.061752704288757,121.6526549866129],"image-00083.jpg":[25.061497578686424,121.65159758193042],"image-00039.jpg":[25.06143675312988,121.65008493233864],"image-00062.jpg":[25.0614402991538,121.65092745919823],"image-00023.jpg":[25.06143946004076,121.64945264836521],"image-00105.jpg":[25.06161254322429,121.6521898732613],"image-00028.jpg":[25.061440917370128,121.64965065094908],"image-00120.jpg":[25.061717017291265,121.65254971124673],"image-00033.jpg":[25.061439146402527,121.64985120298903],"image-00002.jpg":[25.061425881617577,121.6486888864468],"image-00079.jpg":[25.06148092419146,121.65147697364314],"image-00027.jpg":[25.061440990295665,121.64960963991155],"image-00057.jpg":[25.06143568964924,121.6507532148564],"image-00096.jpg":[25.061562649739805,121.65195750780673],"image-00004.jpg":[25.061425729730715,121.64874415153561],"image-00109.jpg":[25.061638537597883,121.65229085120515],"image-00093.jpg":[25.06154706776421,121.65187911300754],"image-00106.jpg":[25.061618815847744,121.65221523663654],"image-00045.jpg":[25.06143591576625,121.65031397449786],"image-00016.jpg":[25.061430292860912,121.64917457741043],"image-00053.jpg":[25.061434531911594,121.65061082634347],"image-00103.jpg":[25.061600501128485,121.65213860371239],"image-00081.jpg":[25.061488910694017,121.65153800119347],"image-00061.jpg":[25.061439323288234,121.65089249679562],"image-00014.jpg":[25.06142837255078,121.64909889903711],"image-00012.jpg":[25.06142744975355,121.64902429830417],"image-00044.jpg":[25.061435789809803,121.65027628197029],"image-00116.jpg":[25.06168788472439,121.65245907369271],"image-00074.jpg":[25.06146510990357,121.65131993997899],"image-00119.jpg":[25.06170975458613,121.65252751309939],"image-00030.jpg":[25.06144044581352,121.64973142991323],"image-00073.jpg":[25.061462335492728,121.65128837167751],"image-00088.jpg":[25.061521334390065,121.65174288551074],"image-00049.jpg":[25.061435203600624,121.6504644296522],"image-00042.jpg":[25.061435882900106,121.65020023988328],"image-00055.jpg":[25.061434922564473,121.65068244570044],"image-00067.jpg":[25.06144874436322,121.65109598088125],"image-00024.jpg":[25.06144020285403,121.64949327985208],"image-00097.jpg":[25.061567788666274,121.65198337298662],"image-00086.jpg":[25.061511467716432,121.65168622172126],"image-00068.jpg":[25.061451040839334,121.65112854966591],"image-00018.jpg":[25.06143303804745,121.64925091401838],"image-00060.jpg":[25.061437922247837,121.65085834869186],"image-00007.jpg":[25.061425899120334,121.64884627340038],"image-00122.jpg":[25.06173161270131,121.65259315340555],"image-00022.jpg":[25.061438514258622,121.64941164014124],"image-00015.jpg":[25.061429167232514,121.64913678245887],"image-00063.jpg":[25.06144147449484,121.65096208152292],"image-00100.jpg":[25.061583521079267,121.65206120471731],"image-00037.jpg":[25.061437625333028,121.65000748449995],"image-00115.jpg":[25.061680803359113,121.65243603413833],"image-00087.jpg":[25.061516205498517,121.6517151342376],"image-00011.jpg":[25.06142734560364,121.6489874458824],"image-00084.jpg":[25.06150195816411,121.65162758620735],"image-00091.jpg":[25.061536539831813,121.65182582747049],"image-00047.jpg":[25.061435691022233,121.6503896289459],"image-00038.jpg":[25.061437194694843,121.65004630418818],"image-00101.jpg":[25.06158901606781,121.65208714381536],"image-00017.jpg":[25.061431551379474,121.6492121682576],"image-00006.jpg":[25.06142623486193,121.64881129895657],"image-00072.jpg":[25.061459651218254,121.6512569275242],"image-00036.jpg":[25.06143796177067,121.6499683078421],"image-00056.jpg":[25.06143538221083,121.65071761432222],"image-00107.jpg":[25.061625304077694,121.65224053466956],"image-00003.jpg":[25.061425753029138,121.64871106083993],"image-00092.jpg":[25.061541849098944,121.65185251308328],"image-00121.jpg":[25.061724228938676,121.65257157282089],"image-00076.jpg":[25.061470866249223,121.65138295584102],"image-00041.jpg":[25.061436055526514,121.65016181978844],"image-00082.jpg":[25.0614931255851,121.65156775123191],"image-00032.jpg":[25.061439741178752,121.64981148796655],"image-00021.jpg":[25.061437596498223,121.64937041249874],"image-00108.jpg":[25.06163188332387,121.65226556682204],"image-00048.jpg":[25.061435285181624,121.65042751679397],"image-00026.jpg":[25.061440817648094,121.64957528997542],"image-00065.jpg":[25.061445185209884,121.65102920012528],"image-00089.jpg":[25.06152632018513,121.65177081999528],"image-00029.jpg":[25.061440825698796,121.64969087442158],"image-00071.jpg":[25.06145728357174,121.6512251158818],"image-00009.jpg":[25.06142684199032,121.64891551758106],"image-00113.jpg":[25.06166646133489,121.65238892379435],"image-00051.jpg":[25.06143447325277,121.65053857183356]}