{"image-00070.jpg":[25.06143185492536,121.65118696145652],"image-00095.jpg":[25.061547552900823,121.65191288273073],"image-00034.jpg":[25.06136203253179,121.64991271067282],"image-00102.jpg":[25.06158583763494,121.65209194517516],"image-00077.jpg":[25.0614567931388,121.65140389170236],"image-00111.jpg":[25.061642784580087,121.65231685923698],"image-00117.jpg":[25.06168410302182,121.65245742633304],"image-00008.jpg":[25.061308480928112,121.64892531221636],"image-00085.jpg":[25.061494053741814,121.65164248568374],"image-00020.jpg":[25.061335614538027,121.64936515321934],"image-00069.jpg":[25.061428867507352,121.65115513246275],"image-00013.jpg":[25.061317253462,121.6491019241561],"image-00080.jpg":[25.061469678401593,121.65149550590505],"image-00050.jpg":[25.06138504872509,121.65051043278666],"image-00066.jpg":[25.061419529254124,121.65105882035762],"image-00005.jpg":[25.061303735477775,121.64882465409946],"image-00040.jpg":[25.061370045737053,121.650140359575],"image-00025.jpg":[25.061347943952935,121.64956463036205],"image-00019.jpg":[25.061332514884274,121.64932620546915],"image-00094.jpg":[25.061542195224664,121.65188726441302],"image-00098.jpg":[25.06156368238099,121.65198999448774],"image-00104.jpg":[25.061597646151952,121.65214262730177],"image-00054.jpg":[25.061391305187083,121.65065191230647],"image-00124.jpg":[25.06173238087097,121.65260911523521],"image-00001.jpg":[25.06130006765289,121.64873229089906],"image-00031.jpg":[25.061357987188448,121.64979678278313],"image-00078.jpg":[25.06146081955658,121.65143482114962],"image-00110.jpg":[25.061636006570634,121.65229245000603],"image-00059.jpg":[25.06140093325105,121.6508247396124],"image-00090.jpg":[25.06152038046225,121.65178188519454],"image-00123.jpg":[25.061725686563417,121.65258859927891],"image-00118.jpg":[25.061691088696946,121.65248002390058],"image-00043.jpg":[25.061374577288245,121.65025278973599],"image-00064.jpg":[25.061413569745756,121.65099338616942],"image-00075.jpg":[25.061449096032657,121.65134207290305],"image-00035.jpg":[25.061363371018192,121.64995093209467],"image-00010.jpg":[25.061311933788566,121.64899472865196],"image-00046.jpg":[25.061379502814848,121.65036399372715],"image-00114.jpg":[25.061663475502318,121.65238858332108],"image-00052.jpg":[25.061388151994308,121.65058140575451],"image-00099.jpg":[25.061569059518813,121.65201561524569],"image-00058.jpg":[25.061398911466625,121.65079011540664],"image-00112.jpg":[25.061649601884167,121.65234116972535],"image-00125.jpg":[25.061738898231877,121.652628873619],"image-00083.jpg":[25.06148396440158,121.65158399619287],"image-00039.jpg":[25.061368671943875,121.65010289814734],"image-00062.jpg":[25.061408190172862,121.65092642508853],"image-00023.jpg":[25.061343516867957,121.6494850765463],"image-00105.jpg":[25.061603750263373,121.6521680564368],"image-00028.jpg":[25.06135337289647,121.64967861992548],"image-00120.jpg":[25.061704968594533,121.65252442736025],"image-00033.jpg":[25.06136053566886,121.64987456949346],"image-00002.jpg":[25.06130027244162,121.64873766808591],"image-00079.jpg":[25.06146513216947,121.65146535920454],"image-00027.jpg":[25.061351629267904,121.64963855289095],"image-00057.jpg":[25.061396789685016,121.65075595493552],"image-00096.jpg":[25.061552890820288,121.65193868155197],"image-00004.jpg":[25.061302433290376,121.64879171336791],"image-00109.jpg":[25.06162939209802,121.65226792656034],"image-00093.jpg":[25.061536740601206,121.65186135826866],"image-00106.jpg":[25.0616099863948,121.6521931278321],"image-00045.jpg":[25.061377945953364,121.65032669124037],"image-00016.jpg":[25.06132396957546,121.64921289858515],"image-00053.jpg":[25.061389679266895,121.6506167424646],"image-00103.jpg":[25.061591703800516,121.6521173918151],"image-00081.jpg":[25.061474299156142,121.6515253698201],"image-00061.jpg":[25.061405871491687,121.65089221367194],"image-00014.jpg":[25.061319209695608,121.64913881618128],"image-00012.jpg":[25.061315354521287,121.64906581653064],"image-00044.jpg":[25.061376199723274,121.65028985212479],"image-00116.jpg":[25.061677104015068,121.6524345592469],"image-00074.jpg":[25.061445469090792,121.65131113892986],"image-00119.jpg":[25.061698023416035,121.65250241799225],"image-00030.jpg":[25.06135646544771,121.64975755241313],"image-00073.jpg":[25.061441853517305,121.65128015229814],"image-00088.jpg":[25.06150977144614,121.65172705543401],"image-00049.jpg":[25.06138384424971,121.65047371412169],"image-00042.jpg":[25.061372992040486,121.65021553576395],"image-00055.jpg":[25.06139308325776,121.650686761502],"image-00067.jpg":[25.06142243626171,121.6510914939668],"image-00024.jpg":[25.06134590951965,121.64952481049602],"image-00097.jpg":[25.061558230232723,121.65196418833214],"image-00086.jpg":[25.061499194083332,121.65167124712353],"image-00068.jpg":[25.061425718931158,121.65112343102919],"image-00018.jpg":[25.06132948331297,121.64928764275449],"image-00060.jpg":[25.06140321529786,121.6508587881597],"image-00007.jpg":[25.061306740310044,121.64889162218921],"image-00122.jpg":[25.061718854791522,121.65256752439448],"image-00022.jpg":[25.061340935390596,121.64944496761024],"image-00015.jpg":[25.06132143999798,121.64917589919847],"image-00063.jpg":[25.06141063725904,121.65096032081541],"image-00100.jpg":[25.06157448232711,121.6520409669669],"image-00037.jpg":[25.06136606309102,121.65002723499148],"image-00115.jpg":[25.061670294675377,121.65241172676166],"image-00087.jpg":[25.061504313670948,121.65169972278512],"image-00011.jpg":[25.061313793829882,121.6490297498659],"image-00084.jpg":[25.061488854574122,121.65161351631703],"image-00091.jpg":[25.061525804171513,121.6518088079988],"image-00047.jpg":[25.061381023562163,121.65040062488836],"image-00038.jpg":[25.061367361068864,121.65006516611274],"image-00101.jpg":[25.06158008408942,121.65206657436383],"image-00017.jpg":[25.06132660632998,121.64924970179126],"image-00006.jpg":[25.061305658383954,121.6488573967321],"image-00072.jpg":[25.061438315007365,121.65124929188119],"image-00036.jpg":[25.06136465569931,121.64998895710127],"image-00056.jpg":[25.06139498747068,121.65072115134797],"image-00107.jpg":[25.06161638918452,121.65221814779471],"image-00003.jpg":[25.061301071692974,121.64875935466475],"image-00092.jpg":[25.061531315353655,121.65183512553612],"image-00121.jpg":[25.061711852942445,121.65254610716057],"image-00076.jpg":[25.061452891811328,121.65137299341987],"image-00041.jpg":[25.061371468827538,121.6501779953119],"image-00082.jpg":[25.0614790419618,121.6515546346228],"image-00032.jpg":[25.061359326991923,121.64983577318743],"image-00021.jpg":[25.061338382228293,121.6494046398783],"image-00108.jpg":[25.06162285803081,121.65224291087486],"image-00048.jpg":[25.06138231048069,121.65043764305832],"image-00026.jpg":[25.061349997770453,121.6496049753693],"image-00065.jpg":[25.061416595369987,121.6510260799787],"image-00089.jpg":[25.061515050829975,121.65175458682495],"image-00029.jpg":[25.061355041246102,121.64971792618567],"image-00071.jpg":[25.06143502967981,121.6512180829229],"image-00009.jpg":[25.06131044706113,121.64895936230607],"image-00113.jpg":[25.06165651548594,121.65236503411873],"image-00051.jpg":[25.061386473255688,121.65054613525805]}