{"image-00070.jpg":[24.80964521957719,120.96631633659686],"image-00095.jpg":[24.809839912344145,120.96624718453575],"image-00034.jpg":[24.809224000505292,120.96666768625349],"image-00102.jpg":[24.80990685056269,120.966290181528],"image-00077.jpg":[24.809705955091214,120.96626511132604],"image-00111.jpg":[24.81002178642714,120.96634225316623],"image-00117.jpg":[24.810097722986914,120.9663846446878],"image-00008.jpg":[24.80903420194467,120.96696413988514],"image-00085.jpg":[24.809777301330655,120.96621168161334],"image-00020.jpg":[24.809094926814907,120.96679457391366],"image-00069.jpg":[24.809636953269322,120.96632340167989],"image-00013.jpg":[24.80905400750357,120.96687941439474],"image-00080.jpg":[24.809733644897864,120.96624219652779],"image-00050.jpg":[24.809435600906376,120.96649206503484],"image-00066.jpg":[24.80961195069347,120.96634473831253],"image-00005.jpg":[24.809034643738013,120.96702985671945],"image-00040.jpg":[24.809299452013423,120.966605418348],"image-00025.jpg":[24.809131062404678,120.9667504953692],"image-00019.jpg":[24.809088459707553,120.9668048873389],"image-00094.jpg":[24.809833221350175,120.96624100183791],"image-00098.jpg":[24.809865280587584,120.96626413714517],"image-00104.jpg":[24.809930710380613,120.96630277288591],"image-00054.jpg":[24.80949096211866,120.96644567919088],"image-00124.jpg":[24.81016341156542,120.96640920235235],"image-00001.jpg":[24.809051460195963,120.96709233081165],"image-00031.jpg":[24.809189963365483,120.96669651884875],"image-00078.jpg":[24.809715190719974,120.96625744713268],"image-00110.jpg":[24.810008372578984,120.9663349877798],"image-00059.jpg":[24.80954895932983,120.96639737017381],"image-00090.jpg":[24.809806385985784,120.96622765371208],"image-00123.jpg":[24.81015672580172,120.96640789086175],"image-00118.jpg":[24.810109250486217,120.9663901778498],"image-00043.jpg":[24.80933920751106,120.96657242174534],"image-00064.jpg":[24.80959460734203,120.96635939153808],"image-00075.jpg":[24.809688018393793,120.96627999687121],"image-00035.jpg":[24.80923596256147,120.9666576657358],"image-00010.jpg":[24.809040842284997,120.96692652975852],"image-00046.jpg":[24.809379715752964,120.9665385347549],"image-00114.jpg":[24.810061138931797,120.96636464329512],"image-00052.jpg":[24.809463936033268,120.96646844787594],"image-00099.jpg":[24.809875052976444,120.96626950694603],"image-00058.jpg":[24.80953862253752,120.9664059699104],"image-00112.jpg":[24.810036652131366,120.96635182656519],"image-00125.jpg":[24.810169400218737,120.96641080737615],"image-00083.jpg":[24.80976189280361,120.96621928446734],"image-00039.jpg":[24.809286305449238,120.96661628823861],"image-00062.jpg":[24.8095770749557,120.96637387909668],"image-00023.jpg":[24.809115498765376,120.96676727364175],"image-00105.jpg":[24.809943200837132,120.96630932724806],"image-00028.jpg":[24.809158922693538,120.96672357490624],"image-00120.jpg":[24.810130674510884,120.96639903077954],"image-00033.jpg":[24.80921238150689,120.96667732314941],"image-00002.jpg":[24.809050168190176,120.96708891750154],"image-00079.jpg":[24.80972438839255,120.9662498408993],"image-00027.jpg":[24.809149191640476,120.96673266210837],"image-00057.jpg":[24.80952759973774,120.96641507468209],"image-00096.jpg":[24.809847988795703,120.96625260995751],"image-00004.jpg":[24.809038811543903,120.96705208518816],"image-00109.jpg":[24.80999532676712,120.96632866218886],"image-00093.jpg":[24.809825867000416,120.96623824843438],"image-00106.jpg":[24.8099560429192,120.96631507579472],"image-00045.jpg":[24.80936612732416,120.96654991081746],"image-00016.jpg":[24.80907009756444,120.9668394241047],"image-00053.jpg":[24.809477689371203,120.96645688667421],"image-00103.jpg":[24.80991854744461,120.96629621057846],"image-00081.jpg":[24.809743018589195,120.9662345090641],"image-00061.jpg":[24.809568027714324,120.96638135857927],"image-00014.jpg":[24.809059101587817,120.96686543366948],"image-00012.jpg":[24.809048705951017,120.96689404915723],"image-00044.jpg":[24.809352605193542,120.96656123456725],"image-00116.jpg":[24.81008582488236,120.96637881623887],"image-00074.jpg":[24.8096791939392,120.96628740814089],"image-00119.jpg":[24.81012029894354,120.9663945064244],"image-00030.jpg":[24.809179316160368,120.96670570792452],"image-00073.jpg":[24.809670547575024,120.96629470484632],"image-00088.jpg":[24.80979327202299,120.96622195962146],"image-00049.jpg":[24.809421426996792,120.96650376893108],"image-00042.jpg":[24.80932575179844,120.96658355830259],"image-00055.jpg":[24.80950375596175,120.96643496135658],"image-00067.jpg":[24.809620395614207,120.96633753375241],"image-00024.jpg":[24.809123025217794,120.96675890233806],"image-00097.jpg":[24.80985610959596,120.96625858548809],"image-00086.jpg":[24.80978218663249,120.96621501607915],"image-00068.jpg":[24.809628650874487,120.96633041230061],"image-00018.jpg":[24.80908199044149,120.96681583628556],"image-00060.jpg":[24.809558742880906,120.9663891400453],"image-00007.jpg":[24.809032453929557,120.9669847370904],"image-00122.jpg":[24.810148804169298,120.96640522316571],"image-00022.jpg":[24.80910834459237,120.96677590666253],"image-00015.jpg":[24.80906424485505,120.96685217970867],"image-00063.jpg":[24.809585861217148,120.96636652559465],"image-00100.jpg":[24.809884844496743,120.96627647666242],"image-00037.jpg":[24.809260649382296,120.96663729657405],"image-00115.jpg":[24.810073757447114,120.9663715111246],"image-00087.jpg":[24.80978730917851,120.96621891650159],"image-00011.jpg":[24.809044285009595,120.96690972584905],"image-00084.jpg":[24.80977137435636,120.966211834532],"image-00091.jpg":[24.809812128877287,120.96623063318555],"image-00047.jpg":[24.8093932644154,120.96652704671855],"image-00038.jpg":[24.809273292605265,120.96662690749565],"image-00101.jpg":[24.8098953697017,120.96628287908804],"image-00017.jpg":[24.80907589942679,120.9668273656558],"image-00006.jpg":[24.80903287772073,120.96700711677303],"image-00072.jpg":[24.809662018711315,120.96630198350408],"image-00036.jpg":[24.80924818249863,120.96664759046418],"image-00056.jpg":[24.809516064851902,120.96642474639461],"image-00107.jpg":[24.809968889267296,120.96632014275114],"image-00003.jpg":[24.809045036936467,120.96707460016388],"image-00092.jpg":[24.809818466488778,120.96623577092063],"image-00121.jpg":[24.81014010359753,120.96640254304742],"image-00076.jpg":[24.809696925911744,120.96627257098186],"image-00041.jpg":[24.809312532024173,120.96659457555683],"image-00082.jpg":[24.80975252873557,120.96622684308913],"image-00032.jpg":[24.809200909604613,120.96668708628675],"image-00021.jpg":[24.809101613314237,120.96678495089995],"image-00108.jpg":[24.8099825979143,120.96632289675453],"image-00048.jpg":[24.809407388604974,120.96651543474547],"image-00026.jpg":[24.809139867581287,120.9667417303551],"image-00065.jpg":[24.809603439497753,120.96635196952758],"image-00089.jpg":[24.80980023751971,120.96622597420657],"image-00029.jpg":[24.809168995362928,120.96671460618224],"image-00071.jpg":[24.80965356321033,120.96630918072964],"image-00009.jpg":[24.80903697405091,120.96694472681932],"image-00113.jpg":[24.810048706939497,120.96635789206982],"image-00051.jpg":[24.809449822189087,120.96648028236513]}