{"image-00070.jpg":[24.80963430942372,120.96631122366553],"image-00095.jpg":[24.809826639469378,120.96623472056265],"image-00034.jpg":[24.809211524862704,120.96666033483477],"image-00102.jpg":[24.809890099742937,120.96627121665188],"image-00077.jpg":[24.809695269737276,120.96626045924992],"image-00111.jpg":[24.809999427782863,120.96631567032927],"image-00117.jpg":[24.810071235778732,120.96635301990509],"image-00008.jpg":[24.80901647094845,120.96694325841844],"image-00085.jpg":[24.809766728206306,120.96620664596104],"image-00020.jpg":[24.809081344427113,120.96678476641836],"image-00069.jpg":[24.809626007652096,120.96631822560434],"image-00013.jpg":[24.809038576696786,120.9668649094397],"image-00080.jpg":[24.809723054829995,120.96623768234728],"image-00050.jpg":[24.809423862718287,120.96648584755081],"image-00066.jpg":[24.80960090009667,120.9663393688169],"image-00005.jpg":[24.80901485074692,120.96700248329036],"image-00040.jpg":[24.809287221281103,120.96659846760747],"image-00025.jpg":[24.809118059109736,120.96674220682212],"image-00019.jpg":[24.80907468732889,120.96679461712782],"image-00094.jpg":[24.80982034206647,120.96622943048723],"image-00098.jpg":[24.80985064427421,120.96624925556736],"image-00104.jpg":[24.809912806114514,120.96628175572317],"image-00054.jpg":[24.809479441104447,120.96643975429916],"image-00124.jpg":[24.810133690384458,120.96637458842076],"image-00001.jpg":[24.809029238859118,120.96705798352569],"image-00031.jpg":[24.809177352496512,120.9666889205937],"image-00078.jpg":[24.80970453812776,120.96625284171915],"image-00110.jpg":[24.809986714640758,120.96630937009877],"image-00059.jpg":[24.809537664437435,120.96639169019909],"image-00090.jpg":[24.809794628445896,120.96621898012314],"image-00123.jpg":[24.810127280915836,120.96637353469683],"image-00118.jpg":[24.810082145594038,120.96635796156822],"image-00043.jpg":[24.809327116542118,120.96656567886113],"image-00064.jpg":[24.809583490551013,120.96635389328797],"image-00075.jpg":[24.809677276716407,120.96627522142016],"image-00035.jpg":[24.809223527319887,120.9666504061193],"image-00010.jpg":[24.809024144478272,120.96690880395536],"image-00046.jpg":[24.809367773584725,120.96653203824658],"image-00114.jpg":[24.810036663455747,120.9663352461875],"image-00052.jpg":[24.809452303428124,120.96646237550058],"image-00099.jpg":[24.80985998868544,120.96625353610543],"image-00058.jpg":[24.80952728718003,120.96640024947018],"image-00112.jpg":[24.81001342803959,120.96632420910012],"image-00125.jpg":[24.81013941166103,120.96637594904756],"image-00083.jpg":[24.80975138947345,120.96621484729096],"image-00039.jpg":[24.809274029605238,120.96660927371161],"image-00062.jpg":[24.80956589235878,120.96636832302204],"image-00023.jpg":[24.809102312199542,120.96675855999135],"image-00105.jpg":[24.809924658256357,120.96628739834959],"image-00028.jpg":[24.809146148102315,120.96671575076422],"image-00120.jpg":[24.81010248451488,120.96636577461484],"image-00033.jpg":[24.809199863882828,120.9666699176345],"image-00002.jpg":[24.809028089932315,120.96705497061409],"image-00079.jpg":[24.809713767497897,120.96624527981595],"image-00027.jpg":[24.80913634462364,120.96672471746874],"image-00057.jpg":[24.809516222867426,120.96640931939025],"image-00096.jpg":[24.809834252372823,120.96623950100548],"image-00004.jpg":[24.809018221391955,120.96702225229251],"image-00109.jpg":[24.809974362716662,120.96630375198818],"image-00093.jpg":[24.809813262919263,120.9662273999999],"image-00106.jpg":[24.809936865799184,120.96629234774898],"image-00045.jpg":[24.809354135494928,120.96654332845925],"image-00016.jpg":[24.809055622947348,120.96682731817627],"image-00053.jpg":[24.809466111715658,120.9664508914721],"image-00103.jpg":[24.809901236512562,120.96627624988687],"image-00081.jpg":[24.809732460409354,120.96623002663688],"image-00061.jpg":[24.809556811575053,120.96637576998941],"image-00014.jpg":[24.809044012584746,120.96685182748885],"image-00012.jpg":[24.809032922734037,120.96687857394156],"image-00044.jpg":[24.809340561767492,120.96655457573172],"image-00116.jpg":[24.810059969475095,120.96634785545412],"image-00074.jpg":[24.809668419314733,120.96628257446378],"image-00119.jpg":[24.810092654073824,120.96636172268009],"image-00030.jpg":[24.80916665238743,120.96669803938116],"image-00073.jpg":[24.809659739292766,120.96628981193744],"image-00088.jpg":[24.80978206831204,120.966214480031],"image-00049.jpg":[24.80940963709453,120.96649750007009],"image-00042.jpg":[24.80931361434111,120.96657674891696],"image-00055.jpg":[24.809492283313386,120.96642911177423],"image-00067.jpg":[24.80960937951717,120.96633223335107],"image-00024.jpg":[24.80910993509703,120.96675042056066],"image-00097.jpg":[24.809841928954864,120.9662446068875],"image-00086.jpg":[24.809771427520438,120.96620915681433],"image-00068.jpg":[24.80961767112494,120.9663251864389],"image-00018.jpg":[24.80906801476093,120.96680501214797],"image-00060.jpg":[24.80954748973103,120.96638350455046],"image-00007.jpg":[24.809014150099916,120.96696182584664],"image-00122.jpg":[24.81011975223925,120.96637114449945],"image-00022.jpg":[24.80909504752493,120.96676689604976],"image-00015.jpg":[24.809049484357686,120.96683935031456],"image-00063.jpg":[24.809574714073776,120.96636100958335],"image-00100.jpg":[24.809869254378395,120.96625946949811],"image-00037.jpg":[24.80924829572477,120.96663016059557],"image-00115.jpg":[24.810048613854477,120.9663412381259],"image-00087.jpg":[24.809776328568795,120.96621221573133],"image-00011.jpg":[24.8090280835625,120.9668931712068],"image-00084.jpg":[24.80976089009461,120.96620741084567],"image-00091.jpg":[24.8098001737331,120.96622112096318],"image-00047.jpg":[24.80938137894866,120.9665206382688],"image-00038.jpg":[24.809260978275837,120.96661983559818],"image-00101.jpg":[24.8098792525664,120.96626484634407],"image-00017.jpg":[24.809061690330786,120.96681591735239],"image-00006.jpg":[24.809013866487334,120.96698196971423],"image-00072.jpg":[24.809651176991686,120.96629701395943],"image-00036.jpg":[24.809235786282972,120.9666403963393],"image-00056.jpg":[24.809504641110454,120.9664189357321],"image-00107.jpg":[24.809949101866103,120.96629666852482],"image-00003.jpg":[24.80902356521132,120.967042253548],"image-00092.jpg":[24.809806142133375,120.96622556783959],"image-00121.jpg":[24.810111459490372,120.96636881581342],"image-00076.jpg":[24.80968621165538,120.96626786723166],"image-00041.jpg":[24.809300345460436,120.96658769809966],"image-00082.jpg":[24.809741997912926,120.96622238346629],"image-00032.jpg":[24.809188344359857,120.96667959591373],"image-00021.jpg":[24.80908818416651,120.96677556734909],"image-00108.jpg":[24.809962261098793,120.96629880233365],"image-00048.jpg":[24.809395546506284,120.96650910181958],"image-00026.jpg":[24.809126943957928,120.96673361663821],"image-00065.jpg":[24.809592354305707,120.96634653671192],"image-00089.jpg":[24.809788640828867,120.96621806585718],"image-00029.jpg":[24.80915628024397,120.96670687195413],"image-00071.jpg":[24.80964268909648,120.96630413630996],"image-00009.jpg":[24.809019786717492,120.96692554347962],"image-00113.jpg":[24.810024867924536,120.96632945143628],"image-00051.jpg":[24.80943813520716,120.96647412888385]}