{"image-00070.jpg":[24.80963068860326,120.9663183489513],"image-00095.jpg":[24.80982290126373,120.96624965521812],"image-00034.jpg":[24.80919492148121,120.9666700294013],"image-00102.jpg":[24.809881174632665,120.96629425316385],"image-00077.jpg":[24.809693524935263,120.9662671155464],"image-00111.jpg":[24.809982425602822,120.96634971724714],"image-00117.jpg":[24.810048105682473,120.9663947537727],"image-00008.jpg":[24.808984991053205,120.96696748881773],"image-00085.jpg":[24.809766864613064,120.96621356286511],"image-00020.jpg":[24.809059516957326,120.96679712401938],"image-00069.jpg":[24.80962212238805,120.96632541969163],"image-00013.jpg":[24.809012130597736,120.96688236877424],"image-00080.jpg":[24.80972214882827,120.96624418372383],"image-00050.jpg":[24.809413690083314,120.96649429160466],"image-00066.jpg":[24.80959621915361,120.96634677056312],"image-00005.jpg":[24.808979256122385,120.9670333655865],"image-00040.jpg":[24.80927287708,120.96660773620943],"image-00025.jpg":[24.809098232138158,120.9667529621479],"image-00019.jpg":[24.80905233248896,120.96680748171306],"image-00094.jpg":[24.809817218371393,120.9662433364313],"image-00098.jpg":[24.809844857524173,120.96626727097278],"image-00104.jpg":[24.80990220442807,120.96630740665552],"image-00054.jpg":[24.80947099604466,120.96644785088117],"image-00124.jpg":[24.81010594745475,120.96642166022801],"image-00001.jpg":[24.80898921218283,120.96709623711214],"image-00031.jpg":[24.8091596809642,120.96669887862578],"image-00078.jpg":[24.80970307495741,120.96625944492224],"image-00110.jpg":[24.809970744670917,120.96634203291198],"image-00059.jpg":[24.809531024015214,120.96639946845528],"image-00090.jpg":[24.80979308729993,120.966229689496],"image-00123.jpg":[24.810099906783517,120.96642014735238],"image-00118.jpg":[24.81005810947972,120.96640072847461],"image-00043.jpg":[24.809313982593387,120.9665747150906],"image-00064.jpg":[24.809578270280728,120.96636142882772],"image-00075.jpg":[24.80967499721805,120.96628199740576],"image-00035.jpg":[24.809207286236283,120.96666001128541],"image-00010.jpg":[24.808994884543974,120.96692978018422],"image-00046.jpg":[24.809355886196276,120.96654080667642],"image-00114.jpg":[24.81001651955379,120.96637339992164],"image-00052.jpg":[24.80944300440208,120.96647065039862],"image-00099.jpg":[24.809853587811386,120.96627275874566],"image-00058.jpg":[24.809520324947385,120.96640808232445],"image-00112.jpg":[24.809995117334804,120.9663598499874],"image-00125.jpg":[24.81011130066442,120.96642346092966],"image-00083.jpg":[24.809751316943483,120.96622124650466],"image-00039.jpg":[24.809259287465412,120.96661861453242],"image-00062.jpg":[24.80956013199834,120.9663759406723],"image-00023.jpg":[24.809081756815598,120.96676977703918],"image-00105.jpg":[24.80991312130233,120.96631433390753],"image-00028.jpg":[24.80912742694755,120.96672598837227],"image-00120.jpg":[24.810076884499917,120.96641035836507],"image-00033.jpg":[24.80918290495187,120.96667967641291],"image-00002.jpg":[24.808988316827854,120.96709279705502],"image-00079.jpg":[24.809712582975255,120.9662518325764],"image-00027.jpg":[24.809117252912184,120.96673509872582],"image-00057.jpg":[24.809508920875697,120.9664172029203],"image-00096.jpg":[24.80982981216566,120.9662553549498],"image-00004.jpg":[24.808981132690914,120.9670556751314],"image-00109.jpg":[24.809959410088087,120.96633522322628],"image-00093.jpg":[24.809810509751177,120.9662405120841],"image-00106.jpg":[24.809924413686026,120.96632048370617],"image-00045.jpg":[24.80934183028951,120.96655218878487],"image-00016.jpg":[24.80903144466122,120.96684215412535],"image-00053.jpg":[24.809457243921194,120.96645907586282],"image-00103.jpg":[24.809891499906566,120.96630055554498],"image-00081.jpg":[24.809731837045774,120.9662364866702],"image-00061.jpg":[24.809550773175243,120.96638343153944],"image-00014.jpg":[24.809018363327663,120.96686831853991],"image-00012.jpg":[24.809005652063263,120.96689706293049],"image-00044.jpg":[24.809327837091228,120.96656352314717],"image-00116.jpg":[24.8100377660516,120.966388490071],"image-00074.jpg":[24.80966586707826,120.96628941257636],"image-00119.jpg":[24.810067846777542,120.96640543018731],"image-00030.jpg":[24.809148627207716,120.96670808501102],"image-00073.jpg":[24.80965691716091,120.96629671381245],"image-00088.jpg":[24.809781301748778,120.96622378176906],"image-00049.jpg":[24.809399030407988,120.96650601241382],"image-00042.jpg":[24.80930007245501,120.96658586024111],"image-00055.jpg":[24.809484234410718,120.96643712426615],"image-00067.jpg":[24.80960496569243,120.9663395631668],"image-00024.jpg":[24.809089747676254,120.96676138789513],"image-00097.jpg":[24.809836814453906,120.96626152339539],"image-00086.jpg":[24.809771297413956,120.96621685133952],"image-00068.jpg":[24.80961352361272,120.96633243838711],"image-00018.jpg":[24.809045103796237,120.96681846214754],"image-00060.jpg":[24.809541160587376,120.96639122337952],"image-00007.jpg":[24.80898147334002,120.96698806467336],"image-00122.jpg":[24.810092936420304,120.96641717033401],"image-00022.jpg":[24.809074103986816,120.96677842363269],"image-00015.jpg":[24.809024603131746,120.9668549737244],"image-00063.jpg":[24.80956922946686,120.96636857573006],"image-00100.jpg":[24.809862059274447,120.96627995511412],"image-00037.jpg":[24.809232796217266,120.96663963036865],"image-00115.jpg":[24.810027483566657,120.9663806794197],"image-00087.jpg":[24.809775870474635,120.9662207351174],"image-00011.jpg":[24.808999881597995,120.96691283270037],"image-00084.jpg":[24.809761078038395,120.96621379429723],"image-00091.jpg":[24.8097983640286,120.9662326310177],"image-00047.jpg":[24.80936992168152,120.96652930641002],"image-00038.jpg":[24.809245854008754,120.96662923783694],"image-00101.jpg":[24.809871278818765,120.9662865892879],"image-00017.jpg":[24.809038172978077,120.96683003270148],"image-00006.jpg":[24.808979784173488,120.96701049715801],"image-00072.jpg":[24.809648087423565,120.96630399206734],"image-00036.jpg":[24.809219909921918,120.96664993269903],"image-00056.jpg":[24.80949697637334,120.96642688918836],"image-00107.jpg":[24.809935782239037,120.96632594349086],"image-00003.jpg":[24.808984871130043,120.96707833959378],"image-00092.jpg":[24.80980376358744,120.9662379375091],"image-00121.jpg":[24.81008521444025,120.96641418633635],"image-00076.jpg":[24.80968419710378,120.96627457679523],"image-00041.jpg":[24.809286396261275,120.96659688846391],"image-00082.jpg":[24.809741651575088,120.96622881312007],"image-00032.jpg":[24.80917102153036,120.96668944664893],"image-00021.jpg":[24.809066818970336,120.96678748140526],"image-00108.jpg":[24.80994821335861,120.96632906834876],"image-00048.jpg":[24.809384507539214,120.96651769222534],"image-00026.jpg":[24.80910748146334,120.96674418105427],"image-00065.jpg":[24.809587404741073,120.96635400623745],"image-00089.jpg":[24.809787286900328,120.96622806211127],"image-00029.jpg":[24.80913791224199,120.96671700079463],"image-00071.jpg":[24.809639335850164,120.96631118847745],"image-00009.jpg":[24.80898945946557,120.9669480335214],"image-00113.jpg":[24.810005659079756,120.96636629018963],"image-00051.jpg":[24.80942839732627,120.9664824961061]}