{
    "image-00087.jpg": {
        "25.117570,121.503786": [
            66784.0, 
            65760.0, 
            65757.0, 
            63741.0, 
            65300.0, 
            62718.0, 
            64748.0, 
            65260.0, 
            66259.0, 
            66257.0, 
            65751.0, 
            64242.0, 
            66303.0, 
            66782.0, 
            64767.0, 
            65802.0, 
            62219.0, 
            66273.0, 
            67840.0, 
            64222.0, 
            64734.0, 
            64731.0, 
            63704.0, 
            63704.0, 
            64728.0, 
            68342.0, 
            65271.0, 
            65795.0, 
            63747.0, 
            67285.0, 
            68309.0, 
            65294.0, 
            64225.0, 
            67321.0, 
            65273.0, 
            65797.0, 
            65296.0, 
            68358.0, 
            68311.0, 
            65275.0, 
            68306.0, 
            65798.0, 
            64726.0, 
            65238.0, 
            64274.0, 
            64263.0, 
            63250.0
        ]
    }, 
    "image-00084.jpg": {
        "25.117509,121.503855": [
            63749.0, 
            65298.0, 
            54555.0, 
            53019.0, 
            56615.0, 
            65757.0, 
            65800.0, 
            64257.0, 
            63756.0, 
            66785.0, 
            66275.0, 
            65781.0, 
            63751.0, 
            64774.0
        ]
    }, 
    "image-00095.jpg": {
        "25.117731,121.503603": [
            62247.0, 
            62248.0, 
            62248.0, 
            65277.0, 
            64742.0, 
            60693.0, 
            68351.0, 
            63730.0, 
            63754.0, 
            64278.0, 
            61195.0, 
            62219.0, 
            62742.0, 
            57100.0, 
            57612.0, 
            64279.0, 
            63768.0, 
            66847.0, 
            69408.0, 
            63264.0, 
            64270.0, 
            63246.0, 
            62746.0, 
            66338.0, 
            66319.0, 
            64291.0, 
            68388.0, 
            63772.0, 
            67366.0, 
            64234.0, 
            65258.0, 
            66800.0, 
            65298.0, 
            62704.0, 
            66856.0, 
            63250.0, 
            61714.0
        ]
    }, 
    "image-00077.jpg": {
        "25.117281,121.504106": [
            64259.0, 
            74976.0, 
            72925.0, 
            63752.0, 
            64776.0, 
            68360.0, 
            65801.0, 
            64766.0, 
            65791.0, 
            73447.0, 
            66797.0, 
            64256.0, 
            65281.0, 
            64258.0, 
            63757.0, 
            62733.0, 
            66818.0, 
            64248.0, 
            66820.0, 
            58140.0, 
            57594.0, 
            66822.0, 
            63750.0, 
            64774.0
        ]
    }, 
    "image-00111.jpg": {
        "25.118094,121.503186": [
            63262.0, 
            65288.0, 
            66314.0, 
            67339.0, 
            61214.0, 
            63776.0, 
            63264.0, 
            69913.0, 
            61217.0, 
            59681.0, 
            61730.0, 
            60707.0, 
            59683.0, 
            59171.0, 
            64261.0, 
            63237.0, 
            60199.0, 
            61213.0, 
            63239.0
        ]
    }, 
    "image-00099.jpg": {
        "25.117785,121.503543": [
            58617.0, 
            61692.0, 
            69406.0, 
            69406.0, 
            67362.0, 
            66852.0, 
            66852.0, 
            60710.0, 
            61223.0, 
            66344.0, 
            60702.0, 
            62727.0, 
            64768.0, 
            60685.0, 
            65310.0, 
            67359.0, 
            67359.0, 
            60703.0, 
            60654.0, 
            61678.0, 
            62240.0, 
            65824.0, 
            62200.0, 
            62185.0, 
            60186.0, 
            69409.0, 
            68385.0, 
            64282.0, 
            65826.0, 
            63716.0, 
            70434.0, 
            70434.0, 
            62735.0, 
            62243.0, 
            60707.0, 
            61211.0, 
            65819.0, 
            63210.0, 
            63215.0, 
            67364.0, 
            67364.0, 
            68901.0, 
            65319.0, 
            62187.0
        ]
    }, 
    "image-00101.jpg": {
        "25.118094,121.503186": [
            72690.0, 
            73206.0, 
            66089.0, 
            63508.0, 
            66607.0, 
            61464.0, 
            61464.0, 
            64543.0, 
            61431.0, 
            58872.0, 
            58885.0, 
            58874.0, 
            62934.0
        ]
    }, 
    "image-00017.jpg": {
        "25.116093,121.505409": [
            62240.0, 
            65327.0, 
            64258.0
        ]
    }, 
    "image-00083.jpg": {
        "25.117446,121.503926": [
            64776.0, 
            64265.0, 
            58644.0, 
            65791.0, 
            58646.0, 
            58134.0, 
            67328.0, 
            65281.0, 
            63244.0, 
            64269.0, 
            66818.0, 
            68355.0, 
            63246.0, 
            66296.0, 
            65784.0, 
            59662.0, 
            65268.0, 
            66256.0, 
            66276.0, 
            60164.0, 
            64757.0, 
            68356.0, 
            66297.0, 
            66268.0, 
            59664.0, 
            60688.0, 
            65786.0, 
            66310.0, 
            66258.0, 
            65286.0, 
            59666.0, 
            65270.0, 
            65788.0
        ]
    }, 
    "image-00119.jpg": {
        "25.118237,121.503017": [
            68909.0, 
            69421.0, 
            65321.0, 
            60189.0, 
            69419.0, 
            60203.0, 
            62764.0, 
            65324.0, 
            61740.0, 
            71469.0, 
            65326.0, 
            69423.0, 
            60705.0, 
            69892.0, 
            61723.0, 
            59684.0, 
            64294.0, 
            61724.0, 
            65831.0, 
            64808.0, 
            63272.0
        ]
    }, 
    "image-00066.jpg": {
        "25.117050,121.504354": [
            74995.0, 
            67335.0, 
            66312.0, 
            64264.0, 
            64277.0, 
            70386.0, 
            59674.0, 
            60698.0, 
            66296.0, 
            66310.0
        ]
    }, 
    "image-00023.jpg": {
        "25.117509,121.503855": [
            72697.0, 
            72698.0
        ]
    }, 
    "image-00105.jpg": {
        "25.116093,121.505409": [
            58374.0, 
            58376.0
        ]
    }, 
    "image-00107.jpg": {
        "25.118026,121.503265": [
            63751.0, 
            64775.0, 
            64777.0, 
            60702.0, 
            61726.0, 
            60705.0, 
            60193.0, 
            66309.0
        ]
    },