{"image-00070.jpg":[22.622393327287444,120.55784093090736],"image-00095.jpg":[22.622610339294308,120.55749361706555],"image-00034.jpg":[22.622107158741034,120.55831069800456],"image-00102.jpg":[22.62266549650191,120.5574075230453],"image-00077.jpg":[22.62245164339255,120.55774698400808],"image-00058.jpg":[22.622296735414643,120.55800023701003],"image-00117.jpg":[22.622804515222832,120.55720198845484],"image-00008.jpg":[22.62184888276519,120.55872600267543],"image-00085.jpg":[22.62252552445395,120.55762918537292],"image-00020.jpg":[22.62198737491406,120.55850376308106],"image-00069.jpg":[22.622385412631573,120.55785364135471],"image-00013.jpg":[22.62190874668344,120.55863006324324],"image-00080.jpg":[22.622478957978746,120.557703212728],"image-00050.jpg":[22.6222312929327,120.5581093405036],"image-00066.jpg":[22.622361998036595,120.55789194906316],"image-00005.jpg":[22.62181228865809,120.5587839429216],"image-00040.jpg":[22.62215240473187,120.55823848201747],"image-00025.jpg":[22.622035095077504,120.5584269679119],"image-00019.jpg":[22.62197687366057,120.55852065549024],"image-00094.jpg":[22.62260244562039,120.55750632372973],"image-00098.jpg":[22.622633838352314,120.55745643269805],"image-00104.jpg":[22.622682310040304,120.55738233695527],"image-00054.jpg":[22.62226413170302,120.55805483042286],"image-00124.jpg":[22.622871990873282,120.55709759440059],"image-00001.jpg":[22.621776638719467,120.55883963038067],"image-00031.jpg":[22.622083789418568,120.55834811312864],"image-00078.jpg":[22.622460714847563,120.55773256483407],"image-00110.jpg":[22.622737757811915,120.55730090308907],"image-00059.jpg":[22.622304893140086,120.5579865695959],"image-00090.jpg":[22.622569810938803,120.55755877210055],"image-00123.jpg":[22.62286181998707,120.55711329524853],"image-00118.jpg":[22.62281380022326,120.55718773076943],"image-00043.jpg":[22.622174978802533,120.55820151784397],"image-00064.jpg":[22.622346121430912,120.55791817588582],"image-00075.jpg":[22.62243422026366,120.55777485010096],"image-00035.jpg":[22.622114725477722,120.55829852280826],"image-00010.jpg":[22.62187303963902,120.5586873796247],"image-00046.jpg":[22.622198550096208,120.55816290601012],"image-00114.jpg":[22.62277637873847,120.55724417741277],"image-00052.jpg":[22.622247811998637,120.5580820838685],"image-00099.jpg":[22.62264161257058,120.55744425999148],"image-00111.jpg":[22.622747525242076,120.55728676325009],"image-00112.jpg":[22.62275712991846,120.55727255968401],"image-00125.jpg":[22.622881247804553,120.55708275178452],"image-00083.jpg":[22.622507243704266,120.55765854875693],"image-00039.jpg":[22.622144695543337,120.55825083207718],"image-00062.jpg":[22.622329797794055,120.55794517861844],"image-00023.jpg":[22.6220170322241,120.55845616622142],"image-00105.jpg":[22.622690910001165,120.55736951930658],"image-00028.jpg":[22.622060160859164,120.55838643737711],"image-00120.jpg":[22.622833175689657,120.55715814037818],"image-00033.jpg":[22.622099402433708,120.55832305356506],"image-00002.jpg":[22.62177890040271,120.55883624157767],"image-00079.jpg":[22.622469928744874,120.55771788484464],"image-00027.jpg":[22.622052055232366,120.55839955382572],"image-00057.jpg":[22.622288473237482,120.55801396302276],"image-00096.jpg":[22.622618276629947,120.55748107873141],"image-00004.jpg":[22.621799899290487,120.55880330847432],"image-00109.jpg":[22.622727891027996,120.55731513248134],"image-00093.jpg":[22.622594441406353,120.55751916576965],"image-00106.jpg":[22.62269946885186,120.55735671957916],"image-00045.jpg":[22.622190611238313,120.55817592294594],"image-00016.jpg":[22.621943554998722,120.55857412019111],"image-00053.jpg":[22.622256003882512,120.55806840507569],"image-00103.jpg":[22.622674018626256,120.5573948542609],"image-00081.jpg":[22.62248835871152,120.55768823078603],"image-00061.jpg":[22.62232156491666,120.55795890812522],"image-00014.jpg":[22.621920728114553,120.55861099448981],"image-00012.jpg":[22.621896770656026,120.55864911380388],"image-00044.jpg":[22.622182642053787,120.55818890593451],"image-00116.jpg":[22.622795396202612,120.55721606358335],"image-00074.jpg":[22.622425725320337,120.55778850084295],"image-00119.jpg":[22.6228235042461,120.55717296489391],"image-00030.jpg":[22.622075833150404,120.55836094075173],"image-00073.jpg":[22.622417466411605,120.55780194062612],"image-00088.jpg":[22.622552276148333,120.55758644617714],"image-00049.jpg":[22.622223091330078,120.55812275827432],"image-00042.jpg":[22.622167189582058,120.55821411021353],"image-00055.jpg":[22.62227224627708,120.55804119470102],"image-00067.jpg":[22.622369750140496,120.55787911147223],"image-00024.jpg":[22.622026194935426,120.55844133128868],"image-00097.jpg":[22.62262609711739,120.55746871514135],"image-00086.jpg":[22.62253469681682,120.55761459861756],"image-00068.jpg":[22.622377618840986,120.55786646853167],"image-00018.jpg":[22.621966353976802,120.55853784132847],"image-00060.jpg":[22.622313225740683,120.55797274722792],"image-00007.jpg":[22.621836745939095,120.55874535160928],"image-00122.jpg":[22.622852055354084,120.55712863298932],"image-00022.jpg":[22.62200756249999,120.55847152898619],"image-00015.jpg":[22.62193215308454,120.55859252871215],"image-00063.jpg":[22.622337981821914,120.55793162316675],"image-00100.jpg":[22.622649430271483,120.55743210698014],"image-00037.jpg":[22.622129658684134,120.5582746100171],"image-00115.jpg":[22.62278591689888,120.55723009810399],"image-00087.jpg":[22.62254359690552,120.55760044322486],"image-00011.jpg":[22.621884963979404,120.55866816919355],"image-00084.jpg":[22.62251634350657,120.5576438830828],"image-00091.jpg":[22.622578012579204,120.55754537754123],"image-00047.jpg":[22.62220665564873,120.55814968141163],"image-00038.jpg":[22.62213717721211,120.55826273673821],"image-00101.jpg":[22.622657468886057,120.55741981133666],"image-00017.jpg":[22.621955081640017,120.5585558115191],"image-00006.jpg":[22.62182454594956,120.55876459735492],"image-00072.jpg":[22.622409299942163,120.55781512235177],"image-00036.jpg":[22.62212217338714,120.5582865427393],"image-00056.jpg":[22.622280113983,120.55802774229409],"image-00107.jpg":[22.622708550209744,120.55734332191128],"image-00003.jpg":[22.621787382952743,120.55882289076393],"image-00092.jpg":[22.622586313710187,120.55753218289966],"image-00121.jpg":[22.622842618897963,120.55714347536323],"image-00076.jpg":[22.622442751759895,120.55776102402622],"image-00041.jpg":[22.622159621393834,120.55822641933321],"image-00082.jpg":[22.622497865216967,120.557673391811],"image-00032.jpg":[22.622091598359212,120.55833560755505],"image-00021.jpg":[22.621997655547602,120.55848739654755],"image-00108.jpg":[22.62271831201385,120.55732922915757],"image-00048.jpg":[22.622214768354077,120.55813632508554],"image-00026.jpg":[22.622043699203317,120.55841306814804],"image-00065.jpg":[22.6223541155214,120.55790496196542],"image-00089.jpg":[22.622561045386544,120.55757256614666],"image-00029.jpg":[22.62206813744709,120.55837359208381],"image-00071.jpg":[22.622401192451544,120.55782836984164],"image-00009.jpg":[22.62186083188826,120.55870678151652],"image-00113.jpg":[22.622766813764525,120.55725831890892],"image-00051.jpg":[22.622239510807358,120.55809576980343]}