{"image-00070.jpg":[22.62236473635359,120.55787333257908],"image-00095.jpg":[22.622561830395085,120.5575299156167],"image-00034.jpg":[22.62210593745396,120.55833690840356],"image-00102.jpg":[22.622611968892226,120.5574448527833],"image-00077.jpg":[22.62241760029014,120.55778054947146],"image-00058.jpg":[22.62227737744135,120.55803059230132],"image-00117.jpg":[22.622739067000317,120.55724139999862],"image-00008.jpg":[22.621872419976775,120.55874612566957],"image-00085.jpg":[22.622484816710813,120.55766392824385],"image-00020.jpg":[22.621997971776942,120.55852668012265],"image-00069.jpg":[22.622357585018385,120.5578858489227],"image-00013.jpg":[22.62192670355207,120.5586513806357],"image-00080.jpg":[22.622442466458562,120.55773718009708],"image-00050.jpg":[22.62221823952485,120.55813829369693],"image-00066.jpg":[22.622336372457383,120.55792369862732],"image-00005.jpg":[22.621839342134702,120.55880314783626],"image-00040.jpg":[22.622146852060293,120.55826577608926],"image-00025.jpg":[22.622041018412457,120.55845115190591],"image-00019.jpg":[22.621988419497338,120.55854340988975],"image-00094.jpg":[22.622554686220194,120.55754244741715],"image-00098.jpg":[22.622583181623757,120.55749316046789],"image-00104.jpg":[22.622627385639966,120.55741983683811],"image-00054.jpg":[22.62224791927515,120.55808449188149],"image-00124.jpg":[22.622800951863063,120.55713750765068],"image-00001.jpg":[22.621806961580116,120.55885813337535],"image-00031.jpg":[22.622084933881602,120.55837358086981],"image-00078.jpg":[22.62242583193503,120.55776630851992],"image-00110.jpg":[22.622677951937433,120.55733944549169],"image-00059.jpg":[22.622284721001815,120.55801713787902],"image-00090.jpg":[22.622524973110888,120.55759442834398],"image-00123.jpg":[22.622791570968477,120.55715320849191],"image-00118.jpg":[22.622747596789164,120.55722719583324],"image-00043.jpg":[22.62216729466038,120.5582292643763],"image-00064.jpg":[22.622322024822807,120.55794957444499],"image-00075.jpg":[22.6224018265996,120.55780802808698],"image-00035.jpg":[22.62211273473935,120.5583249758127],"image-00010.jpg":[22.621894250765138,120.55870809782235],"image-00046.jpg":[22.622188584498733,120.55819120611488],"image-00114.jpg":[22.62271325212777,120.55728332942793],"image-00052.jpg":[22.62223316979558,120.55811140077537],"image-00099.jpg":[22.62259025756032,120.5574811179525],"image-00111.jpg":[22.62268690037177,120.55732543920509],"image-00112.jpg":[22.62269566888908,120.55731139774045],"image-00125.jpg":[22.622809377742893,120.55712280272266],"image-00083.jpg":[22.622468179250294,120.5576930191379],"image-00039.jpg":[22.62213990035461,120.55827791513973],"image-00062.jpg":[22.622307284855196,120.55797620101762],"image-00023.jpg":[22.622024819492186,120.55847973775985],"image-00105.jpg":[22.622635220454352,120.5574071836524],"image-00028.jpg":[22.622063601762193,120.55841131803865],"image-00120.jpg":[22.62276531537126,120.55719784356089],"image-00033.jpg":[22.622098951800332,120.55834903578284],"image-00002.jpg":[22.62180901458697,120.55885479787906],"image-00079.jpg":[22.622434017950585,120.55775206425076],"image-00027.jpg":[22.622056284775017,120.55842423036923],"image-00057.jpg":[22.62226991852545,120.5580441282638],"image-00096.jpg":[22.622569047934142,120.55751751496757],"image-00004.jpg":[22.62182807771141,120.55882228656036],"image-00109.jpg":[22.622668936773493,120.55735350175392],"image-00093.jpg":[22.62254741355546,120.55755515179544],"image-00106.jpg":[22.622643044769966,120.5573945060082],"image-00045.jpg":[22.622181412278334,120.55820403978345],"image-00016.jpg":[22.621958338163203,120.55859602035606],"image-00053.jpg":[22.622240576745686,120.55809789022342],"image-00103.jpg":[22.6226198148865,120.55743222821914],"image-00081.jpg":[22.622450972812253,120.55772241626009],"image-00061.jpg":[22.622299847164932,120.5579897513146],"image-00014.jpg":[22.621937575617043,120.55863254632274],"image-00012.jpg":[22.621915804917318,120.55867024253479],"image-00044.jpg":[22.62217420468964,120.55821684646591],"image-00116.jpg":[22.622730746553632,120.55725534268859],"image-00074.jpg":[22.622394125994237,120.5578215074654],"image-00119.jpg":[22.622756462365896,120.55721256444482],"image-00030.jpg":[22.62207776383482,120.5583861881131],"image-00073.jpg":[22.622386665592785,120.55783475027427],"image-00088.jpg":[22.62250915281297,120.55762161477388],"image-00049.jpg":[22.622210773127946,120.55815160395859],"image-00042.jpg":[22.622160228874115,120.55824171046618],"image-00055.jpg":[22.622255256817247,120.55807101795405],"image-00067.jpg":[22.62234335437579,120.55791106553565],"image-00024.jpg":[22.622033037644993,120.55846521097314],"image-00097.jpg":[22.622576189802626,120.55750524173561],"image-00086.jpg":[22.622493077852102,120.55764961233464],"image-00068.jpg":[22.62235052152944,120.55789853121532],"image-00018.jpg":[22.621978967265008,120.5585602742556],"image-00060.jpg":[22.62229232802543,120.55800338426576],"image-00007.jpg":[22.62186149009809,120.55876511675993],"image-00122.jpg":[22.62278269253327,120.5571683716396],"image-00022.jpg":[22.62201624318787,120.55849490488457],"image-00015.jpg":[22.621947941642414,120.55861429212574],"image-00063.jpg":[22.62231467823034,120.55796282843286],"image-00100.jpg":[22.62259729231727,120.55746921845699],"image-00037.jpg":[22.62212628306145,120.55830135144538],"image-00115.jpg":[22.6227220065633,120.55726934397104],"image-00087.jpg":[22.62250126907993,120.55763546269085],"image-00011.jpg":[22.621905083128972,120.55868909179355],"image-00084.jpg":[22.62247640668422,120.55767856644023],"image-00091.jpg":[22.622532462649907,120.55758110855095],"image-00047.jpg":[22.62219591518493,120.55817816025426],"image-00038.jpg":[22.622133078508483,120.5582896692263],"image-00101.jpg":[22.622604638353334,120.5574570282522],"image-00017.jpg":[22.621968779751867,120.55857796505589],"image-00006.jpg":[22.621850447504862,120.55878407483948],"image-00072.jpg":[22.622379241849035,120.55784780072271],"image-00036.jpg":[22.622119494196237,120.55831313371074],"image-00056.jpg":[22.62226236537651,120.5580577197252],"image-00107.jpg":[22.622651302974358,120.55738131086468],"image-00003.jpg":[22.621816713809324,120.5588416171775],"image-00092.jpg":[22.622540045160072,120.5575680038973],"image-00121.jpg":[22.62277401958792,120.55718318243775],"image-00076.jpg":[22.622409598241937,120.55779431295068],"image-00041.jpg":[22.6221533336333,120.55825392493165],"image-00082.jpg":[22.622459587982664,120.55770779360657],"image-00032.jpg":[22.62209198722089,120.558361272115],"image-00021.jpg":[22.622007291695184,120.55851052746839],"image-00108.jpg":[22.622660267912423,120.55736732170999],"image-00048.jpg":[22.62220323314495,120.55816500518986],"image-00026.jpg":[22.622048750667936,120.55843752084184],"image-00065.jpg":[22.622329250568164,120.5579365346411],"image-00089.jpg":[22.622517131289534,120.557607878971],"image-00029.jpg":[22.622070809675368,120.55839866574932],"image-00071.jpg":[22.622371854475904,120.5578609508982],"image-00009.jpg":[22.621883173370136,120.5587272594962],"image-00113.jpg":[22.622704486150486,120.55729735873874],"image-00051.jpg":[22.622225685316344,120.55812487656561]}