{"image-00070.jpg":[22.622346788585972,120.55792546617666],"image-00095.jpg":[22.62250630727994,120.55765965195886],"image-00034.jpg":[22.622137513930788,120.5582863257053],"image-00102.jpg":[22.622546947167653,120.55759418371709],"image-00077.jpg":[22.62238957125324,120.55785354152562],"image-00058.jpg":[22.622276170529616,120.55804800400145],"image-00117.jpg":[22.622650201561992,120.55743961793729],"image-00008.jpg":[22.621948406962133,120.55860343786492],"image-00085.jpg":[22.622443968012487,120.55776335253303],"image-00020.jpg":[22.62205004108388,120.55843347197],"image-00069.jpg":[22.622340996042382,120.55793516274733],"image-00013.jpg":[22.621992351200447,120.55853007709244],"image-00080.jpg":[22.622409685619605,120.55781996471106],"image-00050.jpg":[22.62222839361512,120.5581321205878],"image-00066.jpg":[22.622323844755947,120.55796460312098],"image-00005.jpg":[22.621921590776036,120.55864747326459],"image-00040.jpg":[22.622170663027866,120.55823129510507],"image-00025.jpg":[22.62208491515487,120.5583749297192],"image-00019.jpg":[22.622042314963505,120.55844643548997],"image-00094.jpg":[22.622500523355757,120.5576693651698],"image-00098.jpg":[22.62252359959253,120.55763127499958],"image-00104.jpg":[22.62255945426544,120.55757511850865],"image-00054.jpg":[22.622252378161555,120.55809013935254],"image-00124.jpg":[22.622700302208997,120.55735983355507],"image-00001.jpg":[22.621895341870253,120.55868980103497],"image-00031.jpg":[22.622120479580417,120.55831472061712],"image-00078.jpg":[22.622396237769276,120.55784253527224],"image-00110.jpg":[22.622600571808544,120.5575141435313],"image-00059.jpg":[22.622282105754575,120.55803748377248],"image-00090.jpg":[22.62247649352979,120.55770963471537],"image-00123.jpg":[22.622692715053397,120.55737188371148],"image-00118.jpg":[22.62265710813054,120.55742872910085],"image-00043.jpg":[22.622187192135765,120.55820288981869],"image-00064.jpg":[22.622312246078714,120.55798477309128],"image-00075.jpg":[22.622376796114246,120.55787480916698],"image-00035.jpg":[22.62214302537146,120.55827707608756],"image-00010.jpg":[22.621966094423083,120.55857400619796],"image-00046.jpg":[22.62220441476637,120.55817327684603],"image-00114.jpg":[22.62262926265359,120.55747158060785],"image-00052.jpg":[22.62224046393302,120.55811116302442],"image-00099.jpg":[22.622529332367957,120.55762200010452],"image-00111.jpg":[22.62260784773566,120.55750355869904],"image-00112.jpg":[22.62261497322822,120.55749289046146],"image-00125.jpg":[22.622707117899918,120.55734844748268],"image-00083.jpg":[22.62243051125619,120.5577858866821],"image-00039.jpg":[22.622165028996648,120.55824069470276],"image-00062.jpg":[22.622300329530354,120.55800553488838],"image-00023.jpg":[22.622071780328206,120.55839711184254],"image-00105.jpg":[22.62256582063373,120.55756548637257],"image-00028.jpg":[22.62210320950126,120.5583440208546],"image-00120.jpg":[22.622671472886154,120.55740625496603],"image-00033.jpg":[22.622131848850923,120.55829570465227],"image-00002.jpg":[22.621897010755017,120.55868725850527],"image-00079.jpg":[22.62240289447685,120.55783151539934],"image-00027.jpg":[22.622097284732163,120.55835404129189],"image-00057.jpg":[22.6222701418939,120.55805856822916],"image-00096.jpg":[22.62251215249465,120.55765008185571],"image-00004.jpg":[22.621912461618447,120.55866220813317],"image-00109.jpg":[22.622593235957243,120.55752475596032],"image-00093.jpg":[22.622494638676194,120.55767920401544],"image-00106.jpg":[22.62257217271696,120.5575558279963],"image-00045.jpg":[22.622198613389685,120.55818326465965],"image-00016.jpg":[22.622017944099465,120.55848718716723],"image-00053.jpg":[22.622246446590548,120.55810060772134],"image-00103.jpg":[22.622553310169863,120.55758458042298],"image-00081.jpg":[22.62241657728554,120.55780854688393],"image-00061.jpg":[22.62229432048934,120.55801611861449],"image-00014.jpg":[22.622001155360852,120.5585155165846],"image-00012.jpg":[22.621983530302554,120.55854465634792],"image-00044.jpg":[22.62219278210689,120.55819321730431],"image-00116.jpg":[22.622643457562916,120.55745032035544],"image-00074.jpg":[22.622370562948486,120.55788525242609],"image-00119.jpg":[22.622664298668358,120.55741753582993],"image-00030.jpg":[22.62211467038974,120.55832449678408],"image-00073.jpg":[22.62236452517385,120.55789554176815],"image-00088.jpg":[22.62246366044124,120.55773061478746],"image-00049.jpg":[22.62222236246929,120.55814247221343],"image-00042.jpg":[22.622181475942874,120.55821254521902],"image-00055.jpg":[22.622258302031714,120.55807959869801],"image-00067.jpg":[22.62232949176196,120.55795474958845],"image-00024.jpg":[22.622078443102687,120.55838583538062],"image-00097.jpg":[22.622517931192174,120.55764060924115],"image-00086.jpg":[22.622450668207506,120.55775228529384],"image-00068.jpg":[22.622335287669287,120.55794503987],"image-00018.jpg":[22.622034659166943,120.55845955175818],"image-00060.jpg":[22.622288241238014,120.55802675648845],"image-00007.jpg":[22.621939543588024,120.55861812769372],"image-00122.jpg":[22.622685521941133,120.55738357070541],"image-00022.jpg":[22.622064841556973,120.55840888767972],"image-00015.jpg":[22.622009541210108,120.55850135614088],"image-00063.jpg":[22.622306305647882,120.55799510503581],"image-00100.jpg":[22.62253504753169,120.55761284858852],"image-00037.jpg":[22.62215399262136,120.55825878741274],"image-00115.jpg":[22.622636369849772,120.55746096020121],"image-00087.jpg":[22.62245728316875,120.55774135153872],"image-00011.jpg":[22.621974857323565,120.5585592734885],"image-00084.jpg":[22.622437172990583,120.55777468137302],"image-00091.jpg":[22.622482540416218,120.55769928043414],"image-00047.jpg":[22.622210345080983,120.55816313507265],"image-00038.jpg":[22.622159502749934,120.55824977115356],"image-00101.jpg":[22.62254100333595,120.55760351140762],"image-00017.jpg":[22.622026403648007,120.55847323458546],"image-00006.jpg":[22.621930591598428,120.55863275548046],"image-00072.jpg":[22.622358521282578,120.55790566200224],"image-00036.jpg":[22.62214849508038,120.55826789954251],"image-00056.jpg":[22.6222640348229,120.55806915784899],"image-00107.jpg":[22.62257888984148,120.55754580834936],"image-00003.jpg":[22.621903249818562,120.55867709433238],"image-00092.jpg":[22.62248867318391,120.55768915388126],"image-00121.jpg":[22.62267851094343,120.55739498716535],"image-00076.jpg":[22.62238307709518,120.5578641647235],"image-00041.jpg":[22.62217590480625,120.5582220323909],"image-00082.jpg":[22.622423564583883,120.5577972918768],"image-00032.jpg":[22.62212619422045,120.55830519070453],"image-00021.jpg":[22.622057589603706,120.55842098356271],"image-00108.jpg":[22.62258617682271,120.55753524392982],"image-00048.jpg":[22.62221626448375,120.55815288770309],"image-00026.jpg":[22.622091182492575,120.5583643542555],"image-00065.jpg":[22.62231808689718,120.55797460736507],"image-00089.jpg":[22.622470120338818,120.55772000964996],"image-00029.jpg":[22.62210904667534,120.55833421295212],"image-00071.jpg":[22.622352554522006,120.55791588614855],"image-00009.jpg":[22.62195712315059,120.55858881516102],"image-00113.jpg":[22.62262214465006,120.55748223863975],"image-00051.jpg":[22.622234409866717,120.55812166354386]}