{"image-00070.jpg":[23.96357281632202,120.96547672801844],"image-00095.jpg":[23.96381077379852,120.96576178245195],"image-00034.jpg":[23.96328853669814,120.96516001470447],"image-00102.jpg":[23.96389846462509,120.9658765735974],"image-00077.jpg":[23.96362284980487,120.9655302914578],"image-00058.jpg":[23.963497538500388,120.9653947418284],"image-00117.jpg":[23.96411461099059,120.96614603943506],"image-00008.jpg":[23.963045867441778,120.96486327974547],"image-00085.jpg":[23.963699105883595,120.96561791428157],"image-00020.jpg":[23.96314798938771,120.96499118233976],"image-00069.jpg":[23.963566643557947,120.96546999080246],"image-00013.jpg":[23.963087551078193,120.96491579859712],"image-00080.jpg":[23.96365042047094,120.96556097272158],"image-00050.jpg":[23.9634361361385,120.9653293133469],"image-00066.jpg":[23.963548368413836,120.96545130128573],"image-00005.jpg":[23.963021558310196,120.9648323877598],"image-00040.jpg":[23.963349198206544,120.9652311604523],"image-00025.jpg":[23.96319590361189,120.9650503334546],"image-00019.jpg":[23.963140434732804,120.96498179824488],"image-00094.jpg":[23.963798167558423,120.96574498624275],"image-00098.jpg":[23.963846881613637,120.96580947719654],"image-00104.jpg":[23.963926824087753,120.96591294553676],"image-00054.jpg":[23.96346734062604,120.96536304111292],"image-00124.jpg":[23.964215047971294,120.96626866315916],"image-00001.jpg":[23.96299951945931,120.96480448579914],"image-00031.jpg":[23.963257905111153,120.96512392198235],"image-00078.jpg":[23.963631893769048,120.96554006349808],"image-00110.jpg":[23.96400937282531,120.96601690286028],"image-00059.jpg":[23.96350469630738,120.96540291654247],"image-00090.jpg":[23.963752719872396,120.96568498946937],"image-00123.jpg":[23.964203011459276,120.96625358276152],"image-00118.jpg":[23.96413002411922,120.96616485826418],"image-00043.jpg":[23.963378254364827,120.96526455198577],"image-00064.jpg":[23.963535153303784,120.96543762534182],"image-00075.jpg":[23.963607966966478,120.96551402327219],"image-00035.jpg":[23.963299247171904,120.96517257985992],"image-00010.jpg":[23.963063137251737,120.9648850844864],"image-00046.jpg":[23.963403423991345,120.96529318882227],"image-00114.jpg":[23.964071141692692,120.96609307437623],"image-00052.jpg":[23.963452939194024,120.96534743579127],"image-00099.jpg":[23.963860100451857,120.96582662289688],"image-00111.jpg":[23.964024752756007,120.96603583602456],"image-00112.jpg":[23.964040183079227,120.96605523700558],"image-00125.jpg":[23.964230030416335,120.96628694651034],"image-00083.jpg":[23.963678086223084,120.96559292540675],"image-00039.jpg":[23.963339066559126,120.96521941052396],"image-00062.jpg":[23.96352385154818,120.96542516523303],"image-00023.jpg":[23.963177750613447,120.96502827904004],"image-00105.jpg":[23.963938257862576,120.96592808107512],"image-00028.jpg":[23.963227383391114,120.96508771015755],"image-00120.jpg":[23.96415762745139,120.96619830663424],"image-00033.jpg":[23.963279817655653,120.96514958864799],"image-00002.jpg":[23.96300121393426,120.96480658724343],"image-00079.jpg":[23.96364097201475,120.96555018862313],"image-00027.jpg":[23.963216820008583,120.96507543715887],"image-00057.jpg":[23.963491476509923,120.96538820486634],"image-00096.jpg":[23.963820932178567,120.96577508133262],"image-00004.jpg":[23.963013124984766,120.96482164517039],"image-00109.jpg":[23.963997225688807,120.96600190625078],"image-00093.jpg":[23.963785908742775,120.96572896960939],"image-00106.jpg":[23.96395270022737,120.96594623598922],"image-00045.jpg":[23.96339461936378,120.96528321043644],"image-00016.jpg":[23.96311246558923,120.96494706343579],"image-00053.jpg":[23.9634593178798,120.96535444969301],"image-00103.jpg":[23.963912469359673,120.9658946183677],"image-00081.jpg":[23.963660101778515,120.96557200980071],"image-00061.jpg":[23.963517701572723,120.96541802210751],"image-00014.jpg":[23.963096438112434,120.9649270420459],"image-00012.jpg":[23.963078738467754,120.9649046833947],"image-00044.jpg":[23.96338557705436,120.96527302245603],"image-00116.jpg":[23.96409910702115,120.9661271969637],"image-00074.jpg":[23.963600048458254,120.96550553435438],"image-00119.jpg":[23.964145376762986,120.96618330755174],"image-00030.jpg":[23.963246974235176,120.96511122819786],"image-00073.jpg":[23.963592474560496,120.96549729254716],"image-00088.jpg":[23.96372990803572,120.9656558848165],"image-00049.jpg":[23.963427579570066,120.96531992328009],"image-00042.jpg":[23.96336868506645,120.96525390804536],"image-00055.jpg":[23.963475555782104,120.96537140598022],"image-00067.jpg":[23.963554960591487,120.96545802993717],"image-00024.jpg":[23.963187742527857,120.96504034183818],"image-00097.jpg":[23.96383379667747,120.96579184363115],"image-00086.jpg":[23.96370770483118,120.96562860070748],"image-00068.jpg":[23.963560303407842,120.96546337677843],"image-00018.jpg":[23.963130982135624,120.96497014036999],"image-00060.jpg":[23.963511358199735,120.9654107196271],"image-00007.jpg":[23.963037110435366,120.96485202777919],"image-00122.jpg":[23.96418798271138,120.9662356673373],"image-00022.jpg":[23.963167673324577,120.96501572694316],"image-00015.jpg":[23.963103504017358,120.9649359571946],"image-00063.jpg":[23.96352872660834,120.96543082970194],"image-00100.jpg":[23.963873725080994,120.96584482498992],"image-00037.jpg":[23.963320550740907,120.96519767623784],"image-00115.jpg":[23.964083645955995,120.96610839769866],"image-00087.jpg":[23.963718807319253,120.96564192513318],"image-00011.jpg":[23.963070115861253,120.96489377416583],"image-00084.jpg":[23.963688530720162,120.96560512193072],"image-00091.jpg":[23.96376213560094,120.96569727262806],"image-00047.jpg":[23.96341208864262,120.96530287334483],"image-00038.jpg":[23.963330923384593,120.96520986577245],"image-00101.jpg":[23.963884574204098,120.9658588882541],"image-00017.jpg":[23.963121618433895,120.96495859478327],"image-00006.jpg":[23.963028440911287,120.96484100538086],"image-00072.jpg":[23.963585143445894,120.96548959972364],"image-00036.jpg":[23.963309955890207,120.96518525607354],"image-00056.jpg":[23.963483803734327,120.9653797979501],"image-00107.jpg":[23.96396736208254,120.96596455642751],"image-00003.jpg":[23.96300459115741,120.96481088842393],"image-00092.jpg":[23.963773824404072,120.96571301216653],"image-00121.jpg":[23.96417272761933,120.96621652905182],"image-00076.jpg":[23.963616163014223,120.96552292025943],"image-00041.jpg":[23.96335905750069,120.9652427677677],"image-00082.jpg":[23.963667904067094,120.96558121550501],"image-00032.jpg":[23.963268880131178,120.96513678816041],"image-00021.jpg":[23.963157701617817,120.96500310018455],"image-00108.jpg":[23.963982193131244,120.96598320342736],"image-00048.jpg":[23.96342071234195,120.96531239910789],"image-00026.jpg":[23.963206314367742,120.96506287468941],"image-00065.jpg":[23.963541649006135,120.96544457185169],"image-00089.jpg":[23.963741341615457,120.96567015358102],"image-00029.jpg":[23.96323814626352,120.96510068739636],"image-00071.jpg":[23.963579540703503,120.96548370058733],"image-00009.jpg":[23.963054466624577,120.96487422043538],"image-00113.jpg":[23.964055522224122,120.96607407132223],"image-00051.jpg":[23.96344463396245,120.96533844896555]}