{"image-00070.jpg":[23.963563166489365,120.96551347861416],"image-00095.jpg":[23.963806064040167,120.96579416981686],"image-00034.jpg":[23.96327102108581,120.96520036517049],"image-00102.jpg":[23.96389476992523,120.96590676235142],"image-00077.jpg":[23.96361476391882,120.9655665565344],"image-00058.jpg":[23.963485651353306,120.96543230181788],"image-00117.jpg":[23.96411455832386,120.96617085889733],"image-00008.jpg":[23.963023800170912,120.96490883869843],"image-00085.jpg":[23.96369291351867,120.965652934391],"image-00020.jpg":[23.963127584646884,120.96503444287123],"image-00069.jpg":[23.963556810803276,120.96550682801302],"image-00013.jpg":[23.963066134055843,120.96496047630454],"image-00080.jpg":[23.963643102304896,120.96559683253425],"image-00050.jpg":[23.963422303700195,120.96536747194534],"image-00066.jpg":[23.963537891646837,120.96548827603226],"image-00005.jpg":[23.962999130003624,120.96487858530955],"image-00040.jpg":[23.963333067350955,120.96527050060948],"image-00025.jpg":[23.963176352610382,120.96509248775632],"image-00019.jpg":[23.96311989950121,120.96502525616256],"image-00094.jpg":[23.96379333579242,120.9657777193457],"image-00098.jpg":[23.96384255640803,120.96584087442153],"image-00104.jpg":[23.963923521112882,120.96594243012134],"image-00054.jpg":[23.963454457332187,120.96540086649293],"image-00124.jpg":[23.96421689395221,120.96629137697016],"image-00001.jpg":[23.962976758157616,120.96485116659214],"image-00031.jpg":[23.9632397042519,120.96516478714753],"image-00078.jpg":[23.963624084511267,120.96557619445991],"image-00110.jpg":[23.964007377561476,120.9660441782656],"image-00059.jpg":[23.96349299041336,120.96544038105343],"image-00090.jpg":[23.963747406363687,120.96571881269264],"image-00123.jpg":[23.964204661480018,120.96627657957976],"image-00118.jpg":[23.964130263731565,120.96618932504435],"image-00043.jpg":[23.963362844023873,120.965303435388],"image-00064.jpg":[23.96352422571251,120.96547466313886],"image-00075.jpg":[23.963599445413944,120.96555039873182],"image-00035.jpg":[23.96328197618323,120.96521273904457],"image-00010.jpg":[23.9630413368821,120.96493023715354],"image-00046.jpg":[23.963388660122067,120.96533173872558],"image-00114.jpg":[23.964070256740158,120.96611885057919],"image-00052.jpg":[23.963439620509487,120.96538543511284],"image-00099.jpg":[23.963855936932777,120.96585782999782],"image-00111.jpg":[23.96402303388724,120.9660628231166],"image-00112.jpg":[23.96403871174265,120.966081797697],"image-00125.jpg":[23.964232160566127,120.96630934028872],"image-00083.jpg":[23.963671440327076,120.96562836008181],"image-00039.jpg":[23.96332269434847,120.96525888442488],"image-00062.jpg":[23.96351259923476,120.96546237319494],"image-00023.jpg":[23.963157842438196,120.96507095929549],"image-00105.jpg":[23.96393507787997,120.96595713326064],"image-00028.jpg":[23.96320851846435,120.96512915774653],"image-00120.jpg":[23.964158410911413,120.96622217541902],"image-00033.jpg":[23.963262119547963,120.96519009648857],"image-00002.jpg":[23.96297848183209,120.96485323429283],"image-00079.jpg":[23.96363341361159,120.96558618661888],"image-00027.jpg":[23.963197703372487,120.96511708290979],"image-00057.jpg":[23.96347940318737,120.96542584446081],"image-00096.jpg":[23.96381633975579,120.96580721865831],"image-00004.jpg":[23.96299057381969,120.96486805745155],"image-00109.jpg":[23.96399501334459,120.96602948198219],"image-00093.jpg":[23.963780934638518,120.96576194566045],"image-00106.jpg":[23.963949750447625,120.96597494290342],"image-00045.jpg":[23.963379627236854,120.9653218412625],"image-00016.jpg":[23.963091448954415,120.96499118275727],"image-00053.jpg":[23.963446183255915,120.96539237628862],"image-00103.jpg":[23.963908962270335,120.96592442312787],"image-00081.jpg":[23.96365303185941,120.96560769802075],"image-00061.jpg":[23.96350630322959,120.96545532437817],"image-00014.jpg":[23.963075156942242,120.96497149786362],"image-00012.jpg":[23.96305718519911,120.96494954073185],"image-00044.jpg":[23.963370343621722,120.96531179078421],"image-00116.jpg":[23.964098753539353,120.96615235397432],"image-00074.jpg":[23.96359127930434,120.96554201883777],"image-00119.jpg":[23.964145931166104,120.96620746435488],"image-00030.jpg":[23.963228513092016,120.965152277333],"image-00073.jpg":[23.963583479324328,120.96553386987799],"image-00088.jpg":[23.963724268631527,120.96569021233614],"image-00049.jpg":[23.963413498374454,120.96535818772496],"image-00042.jpg":[23.963353008700818,120.96529290670554],"image-00055.jpg":[23.963462964024643,120.96540920108792],"image-00067.jpg":[23.96354471738562,120.96549495049643],"image-00024.jpg":[23.963168039530704,120.96508267011717],"image-00097.jpg":[23.963829359836424,120.96582365621414],"image-00086.jpg":[23.963701659165423,120.96566343819754],"image-00068.jpg":[23.963550259164496,120.96550023435876],"image-00018.jpg":[23.963110277352516,120.96501382091039],"image-00060.jpg":[23.963499804323774,120.9654481007647],"image-00007.jpg":[23.96301492411557,120.96489780061206],"image-00122.jpg":[23.964189313909174,120.96625892047375],"image-00022.jpg":[23.963147597634897,120.96505856226389],"image-00015.jpg":[23.96308233225635,120.96498025633136],"image-00063.jpg":[23.963517591406166,120.96546791711322],"image-00100.jpg":[23.963869689981507,120.9658756374491],"image-00037.jpg":[23.963303756725615,120.96523747897132],"image-00115.jpg":[23.964082994084492,120.96613386640949],"image-00087.jpg":[23.963712991203465,120.96567652521964],"image-00011.jpg":[23.963048432774997,120.96493878821491],"image-00084.jpg":[23.963682128405054,120.96564036337735],"image-00091.jpg":[23.963756936720024,120.96573079876737],"image-00047.jpg":[23.96339756272654,120.96534128781107],"image-00038.jpg":[23.963314365064722,120.9652494671397],"image-00101.jpg":[23.96388067731595,120.9658894024861],"image-00017.jpg":[23.963100744775367,120.96500251654516],"image-00006.jpg":[23.963006125098705,120.964887040955],"image-00072.jpg":[23.96357590567997,120.96552625424317],"image-00036.jpg":[23.96329291917847,120.96522524567419],"image-00056.jpg":[23.963471505945034,120.96541754075005],"image-00107.jpg":[23.963964656957597,120.96599286499404],"image-00003.jpg":[23.962981907061586,120.96485748712439],"image-00092.jpg":[23.96376872204474,120.96574629443055],"image-00121.jpg":[23.964173813628868,120.96624011038998],"image-00076.jpg":[23.963607886479686,120.96555923954074],"image-00041.jpg":[23.963343148454175,120.9652819296396],"image-00082.jpg":[23.96366100700236,120.96561679197617],"image-00032.jpg":[23.963250930531085,120.96517746316395],"image-00021.jpg":[23.963137475215497,120.9650461609678],"image-00108.jpg":[23.96397972443749,120.966011147686],"image-00048.jpg":[23.96340643180304,120.96535070922494],"image-00026.jpg":[23.96318697597302,120.96510476594614],"image-00065.jpg":[23.963530922019217,120.96548163817685],"image-00089.jpg":[23.963735893103436,120.96570421209915],"image-00029.jpg":[23.963219497653995,120.96514193698287],"image-00071.jpg":[23.96357011931574,120.96552041294096],"image-00009.jpg":[23.96303252583769,120.96491955767593],"image-00113.jpg":[23.964054334654428,120.96610022563348],"image-00051.jpg":[23.963431063864487,120.9653765262926]}