{"image-00070.jpg":[25.049997564940966,121.51516996988872],"image-00095.jpg":[25.050020426218392,121.51517644936878],"image-00034.jpg":[25.04999475259209,121.51516930090008],"image-00102.jpg":[25.050042649782238,121.51518529585178],"image-00077.jpg":[25.050006257960288,121.51517217301165],"image-00111.jpg":[25.05006318976054,121.5151886757858],"image-00117.jpg":[25.050087247284466,121.51519051645352],"image-00008.jpg":[25.04999474985021,121.51516929904373],"image-00085.jpg":[25.050009365793215,121.5151730359581],"image-00020.jpg":[25.049994747662648,121.51516930635267],"image-00069.jpg":[25.049996570358232,121.51516967747017],"image-00013.jpg":[25.049994738230353,121.51516929241288],"image-00080.jpg":[25.050008211470477,121.51517269966118],"image-00050.jpg":[25.049994754749147,121.51516930468674],"image-00066.jpg":[25.04999485380235,121.51516932510492],"image-00005.jpg":[25.049994746818683,121.51516929855586],"image-00040.jpg":[25.04999475077673,121.51516929592489],"image-00025.jpg":[25.049994752491717,121.51516930090091],"image-00019.jpg":[25.049994766698973,121.51516931106079],"image-00094.jpg":[25.050018549603873,121.51517584538868],"image-00098.jpg":[25.05002777606197,121.51517929905619],"image-00104.jpg":[25.050047861515164,121.51518686737089],"image-00054.jpg":[25.049994747745583,121.51516930120778],"image-00124.jpg":[25.05013098192147,121.51520095073286],"image-00001.jpg":[25.049994728036598,121.51516929828767],"image-00031.jpg":[25.04999475256174,121.51516930088953],"image-00078.jpg":[25.05000708938427,121.51517239163833],"image-00110.jpg":[25.05006027547204,121.51518890303113],"image-00059.jpg":[25.049994743054803,121.51516931153432],"image-00090.jpg":[25.050012661771035,121.5151739662609],"image-00123.jpg":[25.050125203944326,121.51519957435836],"image-00118.jpg":[25.0500935174658,121.51519230384105],"image-00043.jpg":[25.049994748150326,121.51516930079683],"image-00064.jpg":[25.04999473358352,121.5151692976247],"image-00075.jpg":[25.050004099743912,121.51517157083164],"image-00035.jpg":[25.049994737523782,121.51516930421565],"image-00010.jpg":[25.049994744980605,121.51516930127272],"image-00046.jpg":[25.049994745183888,121.51516929476333],"image-00114.jpg":[25.050072256664944,121.51518812922725],"image-00052.jpg":[25.049994754402597,121.51516930373097],"image-00099.jpg":[25.05003123316203,121.51518069344353],"image-00058.jpg":[25.0499947315393,121.51516930556404],"image-00112.jpg":[25.050065987347665,121.51518844841567],"image-00125.jpg":[25.050136664642128,121.51520251405766],"image-00083.jpg":[25.050008963076746,121.51517291708156],"image-00039.jpg":[25.049994754166967,121.51516929542409],"image-00062.jpg":[25.049994727124464,121.51516929409404],"image-00023.jpg":[25.049994747841552,121.5151692981396],"image-00105.jpg":[25.050050132513825,121.51518725061817],"image-00028.jpg":[25.049994752561645,121.51516930088948],"image-00120.jpg":[25.050106320401913,121.51519623325157],"image-00033.jpg":[25.049994752572708,121.51516930089767],"image-00002.jpg":[25.049994730873255,121.51516929754939],"image-00079.jpg":[25.05000774336155,121.5151725782788],"image-00027.jpg":[25.04999475249489,121.51516930089554],"image-00057.jpg":[25.049994733353387,121.51516930546542],"image-00096.jpg":[25.050022403932793,121.51517723118982],"image-00004.jpg":[25.049994742906982,121.51516930003314],"image-00109.jpg":[25.050057682728387,121.51518877336974],"image-00093.jpg":[25.050016873054762,121.51517531764881],"image-00106.jpg":[25.050051783185303,121.51518759120256],"image-00045.jpg":[25.04999474017414,121.51516929672098],"image-00016.jpg":[25.0499947370249,121.51516930078259],"image-00053.jpg":[25.049994754984837,121.51516930137618],"image-00103.jpg":[25.050045452562497,121.51518618161217],"image-00081.jpg":[25.050008539408573,121.51517279959882],"image-00061.jpg":[25.049994726051846,121.51516929460426],"image-00014.jpg":[25.049994743841157,121.51516929851336],"image-00012.jpg":[25.04999474098685,121.51516930145078],"image-00044.jpg":[25.049994742672325,121.51516929780645],"image-00116.jpg":[25.050081363861032,121.51518912437575],"image-00074.jpg":[25.05000283476775,121.51517126536777],"image-00119.jpg":[25.05010001458473,121.51519435467485],"image-00030.jpg":[25.049994752561386,121.5151693008893],"image-00073.jpg":[25.050001469017882,121.51517090936281],"image-00088.jpg":[25.050010831277945,121.51517341862002],"image-00049.jpg":[25.049994754486914,121.51516930779219],"image-00042.jpg":[25.049994748543934,121.51516929917972],"image-00055.jpg":[25.049994747741362,121.51516930120911],"image-00067.jpg":[25.049995229498116,121.51516941761096],"image-00024.jpg":[25.049994752491735,121.51516930090091],"image-00097.jpg":[25.050024885300434,121.51517816097035],"image-00086.jpg":[25.050009657576084,121.51517310348054],"image-00068.jpg":[25.04999578337472,121.51516950980698],"image-00018.jpg":[25.049994750646913,121.51516930350604],"image-00060.jpg":[25.049994731861013,121.51516929882122],"image-00007.jpg":[25.049994755713932,121.51516930353394],"image-00122.jpg":[25.050119285383925,121.51519852827681],"image-00022.jpg":[25.049994745620356,121.51516929672756],"image-00015.jpg":[25.04999474153777,121.51516929927595],"image-00063.jpg":[25.049994731645256,121.5151692994051],"image-00100.jpg":[25.050035190031622,121.51518234109433],"image-00037.jpg":[25.049994752764647,121.51516930078006],"image-00115.jpg":[25.050076147207314,121.51518838873896],"image-00087.jpg":[25.05001016150548,121.51517323724534],"image-00011.jpg":[25.049994746540108,121.515169304116],"image-00084.jpg":[25.050009213469238,121.51517296994092],"image-00091.jpg":[25.050013883025212,121.51517437607025],"image-00047.jpg":[25.04999474986753,121.51516929582195],"image-00038.jpg":[25.049994752789484,121.51516930088017],"image-00101.jpg":[25.050039401762476,121.51518397086457],"image-00017.jpg":[25.049994743496317,121.51516929840861],"image-00006.jpg":[25.04999474313766,121.51516929580603],"image-00072.jpg":[25.050000097786064,121.51517058310235],"image-00036.jpg":[25.049994752592717,121.51516930090204],"image-00056.jpg":[25.049994735329673,121.51516930488894],"image-00107.jpg":[25.050053272527222,121.51518816196105],"image-00003.jpg":[25.049994729424718,121.5151692992312],"image-00092.jpg":[25.050015294754058,121.51517481123078],"image-00121.jpg":[25.050112878311747,121.51519758417523],"image-00076.jpg":[25.050005230891955,121.51517190941021],"image-00041.jpg":[25.049994753057835,121.51516929961318],"image-00082.jpg":[25.050008917486448,121.5151728746882],"image-00032.jpg":[25.049994748164163,121.51516930166166],"image-00021.jpg":[25.049994746891254,121.51516929858579],"image-00108.jpg":[25.050055311298152,121.51518851362795],"image-00048.jpg":[25.04999474490746,121.5151692964694],"image-00026.jpg":[25.04999475256552,121.51516930089306],"image-00065.jpg":[25.049994731669603,121.51516929939373],"image-00089.jpg":[25.05001166440395,121.51517368679534],"image-00029.jpg":[25.049994752562046,121.51516930088975],"image-00071.jpg":[25.049998774981837,121.51517024065356],"image-00009.jpg":[25.049994748965453,121.51516930123677],"image-00113.jpg":[25.05006907636396,121.51518805291897],"image-00051.jpg":[25.049994755110852,121.51516930432071]}