{"image-00070.jpg":[25.04997496518966,121.51515474129208],"image-00095.jpg":[25.049998381202048,121.51516258581756],"image-00034.jpg":[25.049972126052044,121.51515390027464],"image-00102.jpg":[25.050021386631773,121.51517280905418],"image-00077.jpg":[25.04998374756682,121.51515748023141],"image-00111.jpg":[25.050042384927387,121.51517732426515],"image-00117.jpg":[25.0500669397131,121.5151804166222],"image-00008.jpg":[25.049972126027487,121.51515389758157],"image-00085.jpg":[25.04998690877033,121.51515853298982],"image-00020.jpg":[25.0499721221838,121.51515390544736],"image-00069.jpg":[25.049973954437313,121.51515438725632],"image-00013.jpg":[25.049972111278418,121.51515389076292],"image-00080.jpg":[25.04998572738739,121.515158127179],"image-00050.jpg":[25.04997212758589,121.51515390447295],"image-00066.jpg":[25.049972237442667,121.51515392859432],"image-00005.jpg":[25.049972121237374,121.51515389730847],"image-00040.jpg":[25.04997212378852,121.51515389509922],"image-00025.jpg":[25.049972125967955,121.51515390026644],"image-00019.jpg":[25.04997213825152,121.5151539120387],"image-00094.jpg":[25.049996401641067,121.51516187979098],"image-00098.jpg":[25.050006110352648,121.51516586044269],"image-00104.jpg":[25.05002674034415,121.51517469213573],"image-00054.jpg":[25.049972124192113,121.5151538996609],"image-00124.jpg":[25.050112368620393,121.5151932388342],"image-00001.jpg":[25.04997210586042,121.51515389525434],"image-00031.jpg":[25.04997212601792,121.51515390026285],"image-00078.jpg":[25.04998458698268,121.51515775055512],"image-00110.jpg":[25.050039503596267,121.51517739731565],"image-00059.jpg":[25.049972119105295,121.51515391024955],"image-00090.jpg":[25.049990277381408,121.51515966159539],"image-00123.jpg":[25.050106419502196,121.51519153516615],"image-00118.jpg":[25.05007337651019,121.5151825755562],"image-00043.jpg":[25.049972122574687,121.51515389971146],"image-00064.jpg":[25.049972114675544,121.51515389412316],"image-00075.jpg":[25.049981546580046,121.51515674740709],"image-00035.jpg":[25.049972113194553,121.51515390242],"image-00010.jpg":[25.0499721209549,121.51515389968708],"image-00046.jpg":[25.049972116509384,121.51515389397127],"image-00114.jpg":[25.05005158534061,121.51517721071312],"image-00052.jpg":[25.049972127203937,121.51515390346742],"image-00099.jpg":[25.050009643973222,121.51516747993303],"image-00058.jpg":[25.04997211123861,121.51515390259343],"image-00112.jpg":[25.05004515769824,121.51517724299603],"image-00125.jpg":[25.050118244306336,121.51519512709578],"image-00083.jpg":[25.049986491790158,121.51515839088708],"image-00039.jpg":[25.04997212731835,121.51515389472789],"image-00062.jpg":[25.049972108382605,121.51515389006413],"image-00023.jpg":[25.049972121836745,121.51515389702556],"image-00105.jpg":[25.05002899706627,121.51517521596486],"image-00028.jpg":[25.049972126017817,121.51515390026282],"image-00120.jpg":[25.05008698040896,121.51518717104628],"image-00033.jpg":[25.04997212603269,121.51515390027106],"image-00002.jpg":[25.049972108150637,121.51515389476108],"image-00079.jpg":[25.04998525043449,121.51515797774144],"image-00027.jpg":[25.049972125970086,121.51515390026125],"image-00057.jpg":[25.04997211271929,121.5151539026632],"image-00096.jpg":[25.050000513533668,121.51516347072999],"image-00004.jpg":[25.04997211813467,121.51515389845416],"image-00109.jpg":[25.050036931471254,121.51517711881723],"image-00093.jpg":[25.04999461765313,121.51516126486338],"image-00106.jpg":[25.050030816180367,121.51517562089205],"image-00045.jpg":[25.04997211541964,121.5151538948557],"image-00016.jpg":[25.049972112175958,121.51515389893669],"image-00053.jpg":[25.049972132339136,121.5151539000189],"image-00103.jpg":[25.050024261759102,121.51517386493988],"image-00081.jpg":[25.049986068776253,121.5151582457442],"image-00061.jpg":[25.049972107382338,121.5151538905215],"image-00014.jpg":[25.04997211773246,121.51515389722385],"image-00012.jpg":[25.04997211592947,121.51515389989156],"image-00044.jpg":[25.04997211763087,121.5151538961843],"image-00116.jpg":[25.050060921143363,121.51517868283034],"image-00074.jpg":[25.04998028043709,121.51515636192094],"image-00119.jpg":[25.050080163021736,121.515184993176],"image-00030.jpg":[25.04997212601751,121.51515390026262],"image-00073.jpg":[25.049978900327556,121.51515592140164],"image-00088.jpg":[25.04998841778055,121.51515900001489],"image-00049.jpg":[25.049972125496474,121.51515390810451],"image-00042.jpg":[25.049972119778214,121.51515389876951],"image-00055.jpg":[25.04997212418878,121.51515389966187],"image-00067.jpg":[25.049972605511137,121.51515404674083],"image-00024.jpg":[25.049972125967976,121.51515390026644],"image-00097.jpg":[25.050003084207837,121.51516455139875],"image-00086.jpg":[25.04998721407288,121.51515861585733],"image-00068.jpg":[25.049973161110707,121.5151541719957],"image-00018.jpg":[25.049972124001847,121.5151539029071],"image-00060.jpg":[25.049972108532124,121.51515389627497],"image-00007.jpg":[25.049972128016353,121.51515390344522],"image-00122.jpg":[25.050100310197813,121.51519017224632],"image-00022.jpg":[25.04997211984743,121.51515389538423],"image-00015.jpg":[25.04997211598936,121.51515389776785],"image-00063.jpg":[25.049972112822417,121.51515389585359],"image-00100.jpg":[25.05001366514196,121.51516939260831],"image-00037.jpg":[25.049972126222045,121.5151539001595],"image-00115.jpg":[25.050055720512322,121.51517763399377],"image-00087.jpg":[25.049987733029486,121.5151587787076],"image-00011.jpg":[25.04997212081963,121.51515390311333],"image-00084.jpg":[25.04998674580485,121.51515845850822],"image-00091.jpg":[25.04999153297288,121.51516014587713],"image-00047.jpg":[25.04997211810222,121.51515389602224],"image-00038.jpg":[25.049972126264613,121.51515390026105],"image-00101.jpg":[25.05001796349257,121.51517129527774],"image-00017.jpg":[25.049972117431086,121.51515389708652],"image-00006.jpg":[25.049972117953917,121.51515389415884],"image-00072.jpg":[25.049977525858917,121.51515550904213],"image-00036.jpg":[25.049972126052747,121.5151539002767],"image-00056.jpg":[25.049972114296313,121.51515390225907],"image-00107.jpg":[25.050032469288706,121.51517625785692],"image-00003.jpg":[25.049972108138075,121.51515389611005],"image-00092.jpg":[25.04999298102857,121.51516066630248],"image-00121.jpg":[25.050093806871494,121.51518886798974],"image-00076.jpg":[25.049982720534135,121.51515715079597],"image-00041.jpg":[25.049972123809862,121.5151538995714],"image-00082.jpg":[25.049986428360977,121.51515834834072],"image-00032.jpg":[25.04997212144372,121.51515390087107],"image-00021.jpg":[25.04997212309951,121.51515389693935],"image-00108.jpg":[25.05003454812314,121.51517672409996],"image-00048.jpg":[25.04997211418739,121.51515389619453],"image-00026.jpg":[25.04997212602275,121.51515390026651],"image-00065.jpg":[25.049972112841935,121.51515389584415],"image-00089.jpg":[25.04998925447149,121.51515932301194],"image-00029.jpg":[25.049972126018307,121.5151539002631],"image-00071.jpg":[25.04997617761234,121.51515508743836],"image-00009.jpg":[25.049972125155225,121.51515389981441],"image-00113.jpg":[25.050048213632873,121.515177004174],"image-00051.jpg":[25.049972129120988,121.5151539038463]}