{"image-00070.jpg":[25.049959915307973,121.51515990276039],"image-00095.jpg":[25.04998365133437,121.51516592949436],"image-00034.jpg":[25.04995700529644,121.51515926597517],"image-00102.jpg":[25.050006339150002,121.51517378425142],"image-00077.jpg":[25.049968883355135,121.51516197613782],"image-00111.jpg":[25.050028228173897,121.51517731395168],"image-00117.jpg":[25.050054349487624,121.51517981213689],"image-00008.jpg":[25.049957005510237,121.51515926482544],"image-00085.jpg":[25.049972092404666,121.51516277846108],"image-00020.jpg":[25.049956999670812,121.515159270119],"image-00069.jpg":[25.04995889326368,121.51515963361854],"image-00013.jpg":[25.049956991412962,121.51515925878043],"image-00080.jpg":[25.04997089712344,121.5151624672654],"image-00050.jpg":[25.04995700607339,121.51515926888976],"image-00066.jpg":[25.049957119238936,121.51515929032797],"image-00005.jpg":[25.049957000579845,121.51515926406768],"image-00040.jpg":[25.049957004108332,121.51515926200469],"image-00025.jpg":[25.049957005203776,121.51515926597395],"image-00019.jpg":[25.04995701616245,121.51515927411089],"image-00094.jpg":[25.04998166311368,121.51516537095799],"image-00098.jpg":[25.04999129467049,121.51516848622035],"image-00104.jpg":[25.05001174255059,121.51517523307025],"image-00054.jpg":[25.04995700296439,121.51515926644181],"image-00124.jpg":[25.050100877520997,121.5151899238252],"image-00001.jpg":[25.04995698370473,121.51515926356711],"image-00031.jpg":[25.049957005262375,121.5151592659652],"image-00078.jpg":[25.049969738571335,121.51516218045212],"image-00110.jpg":[25.050025046157856,121.51517737136857],"image-00059.jpg":[25.049956994930554,121.51515927413573],"image-00090.jpg":[25.049975508081182,121.51516364331461],"image-00123.jpg":[25.05009478285271,121.51518859721867],"image-00118.jpg":[25.050060871572672,121.51518147508612],"image-00043.jpg":[25.0499570014752,121.51515926584923],"image-00064.jpg":[25.049956993161125,121.51515926376359],"image-00075.jpg":[25.04996664984095,121.51516141590014],"image-00035.jpg":[25.049956990362652,121.51515926821554],"image-00010.jpg":[25.04995699947731,121.51515926630731],"image-00046.jpg":[25.049956996640635,121.51515926063144],"image-00114.jpg":[25.050038325278646,121.5151772930437],"image-00052.jpg":[25.0499570058984,121.51515926813448],"image-00099.jpg":[25.049994774216028,121.51516971559437],"image-00058.jpg":[25.04995698758565,121.5151592695866],"image-00112.jpg":[25.050031291892974,121.5151772527233],"image-00125.jpg":[25.050106844641803,121.51519139349259],"image-00083.jpg":[25.049971670941407,121.5151626679993],"image-00039.jpg":[25.04995700804703,121.51515926178169],"image-00062.jpg":[25.049956987199025,121.51515926079921],"image-00023.jpg":[25.049957001366415,121.51515926372879],"image-00105.jpg":[25.050014095162794,121.51517562125758],"image-00028.jpg":[25.049957005262268,121.51515926596517],"image-00120.jpg":[25.050074582143,121.51518515279578],"image-00033.jpg":[25.049957005276056,121.51515926597247],"image-00002.jpg":[25.04995698641354,121.51515926303865],"image-00079.jpg":[25.049970410836636,121.5151623529175],"image-00027.jpg":[25.049957005207503,121.51515926596979],"image-00057.jpg":[25.04995698924179,121.51515926953843],"image-00096.jpg":[25.049985757052806,121.5151666366473],"image-00004.jpg":[25.04995699678663,121.51515926515793],"image-00109.jpg":[25.05002228849197,121.51517716578223],"image-00093.jpg":[25.049979868405163,121.51516487884443],"image-00106.jpg":[25.050015969293323,121.51517597708349],"image-00045.jpg":[25.04995699466071,121.51515926249657],"image-00016.jpg":[25.049956990148644,121.51515926547688],"image-00053.jpg":[25.049957011680803,121.51515926700681],"image-00103.jpg":[25.0500092309456,121.51517459408791],"image-00081.jpg":[25.049971241394957,121.51516255989499],"image-00061.jpg":[25.049956985982885,121.51515926115741],"image-00014.jpg":[25.049956996833572,121.51515926383357],"image-00012.jpg":[25.049956994068893,121.51515926612717],"image-00044.jpg":[25.049956996812398,121.5151592633952],"image-00116.jpg":[25.05004818052575,121.5151784742406],"image-00074.jpg":[25.04996535298477,121.51516112754912],"image-00119.jpg":[25.050067697765673,121.51518336813331],"image-00030.jpg":[25.049957005261984,121.51515926596501],"image-00073.jpg":[25.049963946143894,121.5151607941562],"image-00088.jpg":[25.04997363003677,121.51516314078586],"image-00049.jpg":[25.049957003187973,121.51515927100397],"image-00042.jpg":[25.04995699909986,121.51515926415837],"image-00055.jpg":[25.04995700296038,121.5151592664428],"image-00067.jpg":[25.049957495959628,121.51515937618416],"image-00024.jpg":[25.0499570052038,121.51515926597395],"image-00097.jpg":[25.04998830659653,121.51516746934004],"image-00086.jpg":[25.0499724055651,121.5151628446344],"image-00068.jpg":[25.04995807527973,121.51515947063348],"image-00018.jpg":[25.049957002438607,121.51515926788409],"image-00060.jpg":[25.049956986561472,121.51515926397107],"image-00007.jpg":[25.04995700686779,121.51515926796547],"image-00122.jpg":[25.05008843450695,121.51518751609076],"image-00022.jpg":[25.049956999540406,121.51515926258242],"image-00015.jpg":[25.049956994710683,121.51515926440514],"image-00063.jpg":[25.049956990705617,121.51515926506497],"image-00100.jpg":[25.04999872063623,121.51517115909564],"image-00037.jpg":[25.04995700551058,121.51515926588965],"image-00115.jpg":[25.050042723808303,121.51517769149373],"image-00087.jpg":[25.049972933825153,121.51516297091246],"image-00011.jpg":[25.049956998764237,121.51515926831534],"image-00084.jpg":[25.049971932927043,121.51516271971474],"image-00091.jpg":[25.049976765050225,121.51516401495489],"image-00047.jpg":[25.04995699835391,121.51515926119444],"image-00038.jpg":[25.04995700553056,121.51515926597031],"image-00101.jpg":[25.05000297013246,121.5151726027647],"image-00017.jpg":[25.04995699652929,121.51515926374478],"image-00006.jpg":[25.049956997668318,121.51515926185442],"image-00072.jpg":[25.04996253717364,121.51516048504027],"image-00036.jpg":[25.049957005296715,121.5151592659767],"image-00056.jpg":[25.049956991125732,121.51515926911975],"image-00107.jpg":[25.050017606979377,121.515176502623],"image-00003.jpg":[25.049956985868956,121.51515926448062],"image-00092.jpg":[25.049978224216133,121.51516441438743],"image-00121.jpg":[25.050081626270167,121.51518650666388],"image-00076.jpg":[25.04996783524085,121.51516173016337],"image-00041.jpg":[25.04995700340159,121.51515926461144],"image-00082.jpg":[25.04997161409651,121.51516263086991],"image-00032.jpg":[25.049957000127545,121.5151592663494],"image-00021.jpg":[25.049957002447126,121.51515926435331],"image-00108.jpg":[25.050019770208696,121.5151768646418],"image-00048.jpg":[25.04995699386646,121.51515926163628],"image-00026.jpg":[25.049957005266645,121.51515926596825],"image-00065.jpg":[25.049956990729985,121.51515926505652],"image-00089.jpg":[25.04997447041094,121.51516338266609],"image-00029.jpg":[25.049957005262712,121.51515926596542],"image-00071.jpg":[25.04996116241108,121.51516016227563],"image-00009.jpg":[25.049957004021827,121.51515926647807],"image-00113.jpg":[25.050034704756797,121.51517707311939],"image-00051.jpg":[25.049957007733543,121.51515926879341]}