{"image-00070.jpg":[25.062762638643715,121.52566396900451],"image-00095.jpg":[25.062781425034878,121.52519508986697],"image-00034.jpg":[25.062753615313692,121.52604738053006],"image-00102.jpg":[25.062786090958884,121.52506338344682],"image-00077.jpg":[25.06276675541079,121.52554834488518],"image-00058.jpg":[25.062757642809064,121.52585316290322],"image-00117.jpg":[25.06279456029428,121.52481154549659],"image-00008.jpg":[25.062753923386342,121.52605056825928],"image-00085.jpg":[25.062773604319418,121.52539420553794],"image-00020.jpg":[25.06275392341295,121.52605061008173],"image-00069.jpg":[25.06276212734968,121.52567989575172],"image-00013.jpg":[25.062753923525378,121.52605057567143],"image-00080.jpg":[25.06276923064316,121.52549118498256],"image-00050.jpg":[25.062755092889862,121.52595167781097],"image-00066.jpg":[25.062761051657336,121.525727856532],"image-00005.jpg":[25.06275392341039,121.52605056823836],"image-00040.jpg":[25.062753254680693,121.5260318035391],"image-00025.jpg":[25.062753921737723,121.526050647522],"image-00019.jpg":[25.062753923814,121.52605060496141],"image-00094.jpg":[25.062780603460777,121.5252148594983],"image-00098.jpg":[25.062783399113282,121.52513768400627],"image-00104.jpg":[25.062787319068434,121.5250273356354],"image-00054.jpg":[25.06275616210195,121.52590641706743],"image-00124.jpg":[25.062797429949722,121.52470673872361],"image-00001.jpg":[25.062753923441875,121.52605056823694],"image-00031.jpg":[25.06275451737688,121.52604916345915],"image-00078.jpg":[25.06276774947882,121.52553036424348],"image-00110.jpg":[25.062790770137667,121.5249240052593],"image-00059.jpg":[25.062758095268613,121.5258384200369],"image-00090.jpg":[25.062777580974625,121.52529420838911],"image-00123.jpg":[25.062797018252542,121.52472116353883],"image-00118.jpg":[25.06279495261599,121.52479622296198],"image-00043.jpg":[25.062753613308296,121.52601385120198],"image-00064.jpg":[25.062760260369796,121.52576036206051],"image-00075.jpg":[25.062765672347876,121.52558187956714],"image-00035.jpg":[25.062753176964723,121.52604644447027],"image-00010.jpg":[25.06275392386629,121.52605057036195],"image-00046.jpg":[25.0627539950195,121.52599068702645],"image-00114.jpg":[25.062793135175852,121.52485851686134],"image-00052.jpg":[25.062755682067703,121.52592963028778],"image-00099.jpg":[25.06278388041587,121.52511917953193],"image-00111.jpg":[25.06279143953487,121.52490731244121],"image-00112.jpg":[25.062792084515195,121.52489079479105],"image-00125.jpg":[25.062797833753674,121.52469246460879],"image-00083.jpg":[25.06277161375578,121.52543412081167],"image-00039.jpg":[25.06275249687697,121.52603742171459],"image-00062.jpg":[25.062758983525406,121.5257933615692],"image-00023.jpg":[25.0627539224208,121.52605062980138],"image-00105.jpg":[25.062788144754837,121.52500930520523],"image-00028.jpg":[25.062753920660143,121.52605068544565],"image-00120.jpg":[25.06279579632298,121.52476567991137],"image-00033.jpg":[25.06275399801612,121.52604812943197],"image-00002.jpg":[25.062753923438336,121.52605056822992],"image-00079.jpg":[25.062768423056472,121.5255123334813],"image-00027.jpg":[25.062753920911042,121.52605067057424],"image-00057.jpg":[25.062757310574067,121.52586717175133],"image-00096.jpg":[25.062781817570865,121.52517602715045],"image-00004.jpg":[25.062753923419763,121.52605056823764],"image-00109.jpg":[25.062790244801548,121.52494070100866],"image-00093.jpg":[25.062779768109486,121.52523462702793],"image-00106.jpg":[25.062788578238102,121.52499214236028],"image-00045.jpg":[25.062753861073897,121.52599901731506],"image-00016.jpg":[25.062753923925847,121.52605058847101],"image-00053.jpg":[25.06275588271875,121.52591832832857],"image-00103.jpg":[25.062786648082675,121.52504516240963],"image-00081.jpg":[25.062770217361603,121.52547213230422],"image-00061.jpg":[25.062758551462245,121.52580890602792],"image-00014.jpg":[25.06275392364982,121.52605057932234],"image-00012.jpg":[25.062753923479136,121.52605057290097],"image-00044.jpg":[25.062753765484615,121.52600685037254],"image-00116.jpg":[25.06279404037954,121.52482703208764],"image-00074.jpg":[25.062764919186897,121.52559864483459],"image-00119.jpg":[25.062795347848855,121.52478085570651],"image-00030.jpg":[25.062754720578404,121.52604941431562],"image-00073.jpg":[25.062764080794608,121.52561547284138],"image-00088.jpg":[25.062776246602333,121.52533430585969],"image-00049.jpg":[25.06275474599021,121.52596208723597],"image-00042.jpg":[25.06275352630396,121.5260204792857],"image-00055.jpg":[25.062756667036894,121.52589349208698],"image-00067.jpg":[25.062761482099134,121.5257116078343],"image-00024.jpg":[25.062753922135972,121.52605063819601],"image-00097.jpg":[25.06278259808457,121.52515671948747],"image-00086.jpg":[25.062774382556587,121.52537446470978],"image-00068.jpg":[25.062761766866704,121.52569580623972],"image-00018.jpg":[25.062753923815794,121.52605059869266],"image-00060.jpg":[25.062758478683122,121.52582362525695],"image-00007.jpg":[25.06275392339211,121.52605056824237],"image-00122.jpg":[25.06279674723625,121.52473566559968],"image-00022.jpg":[25.062753922741148,121.5260506225483],"image-00015.jpg":[25.062753923776995,121.52605058341754],"image-00063.jpg":[25.062759560863064,121.52577713235445],"image-00100.jpg":[25.062784491983294,121.5251006526523],"image-00037.jpg":[25.062754068200764,121.52604097659675],"image-00115.jpg":[25.062793596727975,121.52484265942722],"image-00087.jpg":[25.062775466543062,121.52535430588216],"image-00011.jpg":[25.062753923690455,121.52605057148543],"image-00084.jpg":[25.062772564291237,121.52541418019425],"image-00091.jpg":[25.062778514083547,121.52527384845826],"image-00047.jpg":[25.062754214641803,121.52598169112738],"image-00038.jpg":[25.06275326719021,121.52603944463026],"image-00101.jpg":[25.06278523203139,121.52508214401003],"image-00017.jpg":[25.062753923881314,121.52605059337964],"image-00006.jpg":[25.062753923400702,121.5260505682379],"image-00072.jpg":[25.062763664684287,121.52563161073259],"image-00036.jpg":[25.062752657453878,121.5260452847672],"image-00056.jpg":[25.062756953976443,121.52588062922051],"image-00107.jpg":[25.06278915997226,121.52497486202722],"image-00003.jpg":[25.062753923430375,121.5260505682308],"image-00092.jpg":[25.062779335597178,121.52525387913208],"image-00121.jpg":[25.062796225465714,121.52475070018811],"image-00076.jpg":[25.062766063939133,121.52556557597312],"image-00041.jpg":[25.06275342751336,121.52602653082357],"image-00082.jpg":[25.062771000025027,121.5254531824448],"image-00032.jpg":[25.06275427898995,121.52604874352693],"image-00021.jpg":[25.062753922839036,121.52605061545682],"image-00108.jpg":[25.062789552088603,121.52495801381788],"image-00048.jpg":[25.062754514686496,121.5259720781886],"image-00026.jpg":[25.0627539212707,121.52605065789612],"image-00065.jpg":[25.062760537758088,121.52574421593229],"image-00089.jpg":[25.0627767799611,121.52531454233215],"image-00029.jpg":[25.06275486905428,121.52604941526552],"image-00071.jpg":[25.06276319121394,121.52564782041289],"image-00009.jpg":[25.062753923394652,121.52605056833838],"image-00113.jpg":[25.062792616521325,121.52487451944606],"image-00051.jpg":[25.062755376678666,121.5259407320674]}