{"image-00070.jpg":[25.06275193262838,121.52568139112982],"image-00095.jpg":[25.062771935397365,121.5252080576411],"image-00034.jpg":[25.062742331544,121.52606812538201],"image-00102.jpg":[25.062777147873046,121.5250750288563],"image-00077.jpg":[25.062756337163545,121.52556468556247],"image-00058.jpg":[25.062746552602654,121.52587227838104],"image-00117.jpg":[25.062786749822344,121.52482063637203],"image-00008.jpg":[25.062742670580572,121.52607131702686],"image-00085.jpg":[25.06276352154873,121.52540909316048],"image-00020.jpg":[25.06274267061813,121.52607135915767],"image-00069.jpg":[25.062751393459337,121.52569746066237],"image-00013.jpg":[25.062742670743656,121.52607132448136],"image-00080.jpg":[25.062758863255702,121.52550701889999],"image-00050.jpg":[25.062743814561596,121.52597166887315],"image-00066.jpg":[25.062750194918458,121.52574585689973],"image-00005.jpg":[25.062742670605946,121.52607131700466],"image-00040.jpg":[25.06274189300766,121.52605247233157],"image-00025.jpg":[25.062742668857055,121.52607139695294],"image-00019.jpg":[25.062742671054153,121.52607135397517],"image-00094.jpg":[25.062771030308152,121.52522802917159],"image-00098.jpg":[25.062774133023513,121.5251500828912],"image-00104.jpg":[25.062778523597842,121.5250386210636],"image-00054.jpg":[25.062744948257137,121.5259260173467],"image-00124.jpg":[25.062790053356096,121.52471479716176],"image-00001.jpg":[25.062742670639185,121.52607131700178],"image-00031.jpg":[25.06274329659664,121.52606987467938],"image-00078.jpg":[25.06275735325863,121.52554653803591],"image-00110.jpg":[25.062782418483376,121.52493425179804],"image-00059.jpg":[25.06274704968235,121.52585739599888],"image-00090.jpg":[25.062767750044838,121.52530814987162],"image-00123.jpg":[25.06278957516521,121.52472936727958],"image-00118.jpg":[25.06278720382751,121.52480516425268],"image-00043.jpg":[25.062742253848853,121.52603437622122],"image-00064.jpg":[25.06274932965832,121.52577865513109],"image-00075.jpg":[25.062755233372684,121.52559850524975],"image-00035.jpg":[25.06274186422504,121.52606720446127],"image-00010.jpg":[25.0627426710962,121.52607131911937],"image-00046.jpg":[25.062742661701094,121.52601101871646],"image-00114.jpg":[25.062785104641012,121.52486808430055],"image-00052.jpg":[25.062744442439072,121.52594942638393],"image-00099.jpg":[25.062774671362504,121.52513140486118],"image-00111.jpg":[25.062783184968552,121.5249173780081],"image-00112.jpg":[25.062783906127947,121.52490068995878],"image-00125.jpg":[25.062790509776722,121.52470038482798],"image-00083.jpg":[25.062761371414464,121.5254494199529],"image-00039.jpg":[25.062741082624154,121.52605817196678],"image-00062.jpg":[25.062747946137282,121.52581197584337],"image-00023.jpg":[25.06274266954925,121.52607137907995],"image-00105.jpg":[25.062779449702564,121.52502039464532],"image-00028.jpg":[25.062742667718787,121.52607143521098],"image-00120.jpg":[25.062788180423095,121.52477431747458],"image-00033.jpg":[25.062742742335118,121.52606885939144],"image-00002.jpg":[25.06274267063546,121.52607131699489],"image-00079.jpg":[25.062758009296065,121.52552836385976],"image-00027.jpg":[25.062742667992442,121.52607142021283],"image-00057.jpg":[25.06274618570917,121.52588641432666],"image-00096.jpg":[25.062772349821802,121.52518883385021],"image-00004.jpg":[25.062742670615823,121.52607131700351],"image-00109.jpg":[25.062781822615314,121.5249511141737],"image-00093.jpg":[25.062770114500374,121.52524799762983],"image-00106.jpg":[25.062779945031767,121.52500306740377],"image-00045.jpg":[25.062742524998715,121.52601941569003],"image-00016.jpg":[25.06274267117606,121.52607133735438],"image-00053.jpg":[25.062744640463958,121.52593803616213],"image-00103.jpg":[25.062777752248387,121.5250566387088],"image-00081.jpg":[25.062759920339047,121.52548777136361],"image-00061.jpg":[25.06274749169825,121.52582765610578],"image-00014.jpg":[25.06274267087608,121.52607132815345],"image-00012.jpg":[25.06274267069073,121.52607132169396],"image-00044.jpg":[25.06274242165181,121.52602731290037],"image-00116.jpg":[25.062786147368385,121.5248362853944],"image-00074.jpg":[25.062754415521145,121.5256154404793],"image-00119.jpg":[25.062787663158858,121.52478964600536],"image-00030.jpg":[25.06274351360616,121.52607011698814],"image-00073.jpg":[25.06275352089525,121.52563243736623],"image-00088.jpg":[25.06276634261835,121.52534860911516],"image-00049.jpg":[25.062743448481374,121.5259821723113],"image-00042.jpg":[25.06274218776807,121.5260410472975],"image-00055.jpg":[25.06274548282868,121.52591297150127],"image-00067.jpg":[25.062750677121542,121.52572945493318],"image-00024.jpg":[25.062742669267447,121.52607138754281],"image-00097.jpg":[25.06277323703627,121.52516931905424],"image-00086.jpg":[25.062764349437625,121.52538916573589],"image-00068.jpg":[25.062750987252194,121.52571351775997],"image-00018.jpg":[25.06274267105575,121.52607134765947],"image-00060.jpg":[25.06274745090565,121.52584247405707],"image-00007.jpg":[25.06274267058665,121.52607131700955],"image-00122.jpg":[25.0627892690504,121.52474399891979],"image-00022.jpg":[25.062742669887275,121.52607137175775],"image-00015.jpg":[25.062742671015936,121.52607133227116],"image-00063.jpg":[25.062748576626138,121.52579558954147],"image-00100.jpg":[25.0627753638111,121.5251126913362],"image-00037.jpg":[25.06274276968138,121.52606166913236],"image-00115.jpg":[25.062785632698898,121.52485206966972],"image-00087.jpg":[25.062765508788655,121.52536879943301],"image-00011.jpg":[25.062742670910843,121.5260713202593],"image-00084.jpg":[25.062762416279856,121.52542926868627],"image-00091.jpg":[25.06276877751816,121.52528757653295],"image-00047.jpg":[25.062742904964328,121.52600194048091],"image-00038.jpg":[25.06274190338379,121.52606017130452],"image-00101.jpg":[25.062776187236512,121.52509399218417],"image-00017.jpg":[25.06274267112772,121.52607134230242],"image-00006.jpg":[25.06274267059569,121.52607131700466],"image-00072.jpg":[25.06275305935978,121.52564872473098],"image-00036.jpg":[25.06274130769155,121.5260660634413],"image-00056.jpg":[25.062745809530774,121.52589998905034],"image-00107.jpg":[25.062780607677205,121.5249856104447],"image-00003.jpg":[25.062742670627003,121.52607131699614],"image-00092.jpg":[25.06276965719441,121.52526741435753],"image-00121.jpg":[25.06278866945527,121.52475919063342],"image-00076.jpg":[25.06275561152434,121.52558207598764],"image-00041.jpg":[25.06274208135287,121.52604714965105],"image-00082.jpg":[25.06276073890199,121.52546864645677],"image-00032.jpg":[25.062743041068288,121.52606946422509],"image-00021.jpg":[25.062742669986477,121.52607136461029],"image-00108.jpg":[25.06278105420035,121.52496860424532],"image-00048.jpg":[25.062743212481166,121.52599224545028],"image-00026.jpg":[25.062742668365207,121.52607140742593],"image-00065.jpg":[25.06274962274137,121.52576237503325],"image-00089.jpg":[25.062766897161378,121.52532867630687],"image-00029.jpg":[25.06274367389363,121.52607010960901],"image-00071.jpg":[25.062752545803537,121.52566508352474],"image-00009.jpg":[25.06274267058928,121.52607131710619],"image-00113.jpg":[25.062784509130047,121.52488425079197],"image-00051.jpg":[25.062744104202743,121.52596063209432]}