{"image-00070.jpg":[25.062790313695018,121.52566250128015],"image-00095.jpg":[25.06279197647957,121.52517652857621],"image-00034.jpg":[25.062794695980475,121.52606093901784],"image-00102.jpg":[25.062791784422938,121.52503992219502],"image-00077.jpg":[25.062790247044795,121.52554257681035],"image-00058.jpg":[25.062792011267288,121.52585901932333],"image-00117.jpg":[25.062790956773295,121.52477864146374],"image-00008.jpg":[25.06279507490504,121.52606431512856],"image-00085.jpg":[25.062791450179045,121.52538292828778],"image-00020.jpg":[25.062795076295558,121.52606435875731],"image-00069.jpg":[25.062790369914772,121.52567902969007],"image-00013.jpg":[25.062795075267445,121.5260643228832],"image-00080.jpg":[25.062790664549908,121.5254833625356],"image-00050.jpg":[25.06279293812812,121.52596135660617],"image-00066.jpg":[25.062790989415046,121.52572887829254],"image-00005.jpg":[25.062795074926253,121.52606431511072],"image-00040.jpg":[25.062793882204733,121.52604463075606],"image-00025.jpg":[25.06279507599431,121.52606439753384],"image-00019.jpg":[25.062795076487394,121.52606435348278],"image-00094.jpg":[25.06279189271509,121.52519701374011],"image-00098.jpg":[25.062791843388958,121.52511697703355],"image-00104.jpg":[25.062791686979516,121.52500252520053],"image-00054.jpg":[25.062792426180767,121.52591432267474],"image-00124.jpg":[25.06279001653755,121.52466979671348],"image-00001.jpg":[25.06279507495486,121.52606431511444],"image-00031.jpg":[25.062795569995895,121.52606294794826],"image-00078.jpg":[25.062790577048982,121.52552398546861],"image-00110.jpg":[25.06279133402545,121.5248953162372],"image-00059.jpg":[25.062791931670738,121.5258437162733],"image-00090.jpg":[25.06279178012734,121.52527928064117],"image-00123.jpg":[25.062790133224862,121.52468477445785],"image-00118.jpg":[25.062790794640893,121.52476272408369],"image-00043.jpg":[25.062793628043664,121.52602596407428],"image-00064.jpg":[25.062791347143396,121.52576265314627],"image-00075.jpg":[25.062790343003655,121.52557737763541],"image-00035.jpg":[25.06279426827285,121.52605989015034],"image-00010.jpg":[25.062795075406946,121.52606431740122],"image-00046.jpg":[25.062793214372014,121.52600186506339],"image-00114.jpg":[25.062791259306334,121.52482739938681],"image-00052.jpg":[25.06279274945398,121.52593845665106],"image-00099.jpg":[25.062791662123555,121.52509775522847],"image-00111.jpg":[25.06279137059791,121.52487801552786],"image-00112.jpg":[25.062791399100306,121.5248608932986],"image-00125.jpg":[25.06278990338795,121.52465497472019],"image-00083.jpg":[25.062790967195173,121.52542423371202],"image-00039.jpg":[25.06279338098557,121.52605036564742],"image-00062.jpg":[25.062791281526405,121.52579686297165],"image-00023.jpg":[25.062795076047877,121.52606437916236],"image-00105.jpg":[25.062791824295488,121.52498385502167],"image-00028.jpg":[25.062795076256396,121.52606443691326],"image-00120.jpg":[25.06279052479692,121.52473100556264],"image-00033.jpg":[25.062795065949786,121.5260617834917],"image-00002.jpg":[25.062795074951403,121.52606431510654],"image-00079.jpg":[25.06279062303996,121.52550528866722],"image-00027.jpg":[25.0627950759937,121.5260644214427],"image-00057.jpg":[25.06279217483806,121.52587357663248],"image-00096.jpg":[25.062791709127055,121.52515670950027],"image-00004.jpg":[25.06279507493475,121.52606431511151],"image-00109.jpg":[25.062791420699597,121.5249126439998],"image-00093.jpg":[25.062791794694014,121.52521749447529],"image-00106.jpg":[25.062791640246584,121.52496602482346],"image-00045.jpg":[25.06279336338279,121.5260105321521],"image-00016.jpg":[25.062795076047212,121.52606433630046],"image-00053.jpg":[25.06279256770405,121.52592670079785],"image-00103.jpg":[25.06279168748831,121.52502100842685],"image-00081.jpg":[25.06279093175141,121.5254636522586],"image-00061.jpg":[25.0627913968682,121.52581300573195],"image-00014.jpg":[25.06279507549989,121.52606432671195],"image-00012.jpg":[25.062795075136336,121.52606431998566],"image-00044.jpg":[25.062793534086147,121.52601868685353],"image-00116.jpg":[25.06279101406114,121.52479470874343],"image-00074.jpg":[25.06279021659573,121.52559474048157],"image-00119.jpg":[25.062790632722834,121.52474676056096],"image-00030.jpg":[25.062795762103093,121.52606324321506],"image-00073.jpg":[25.06279000897951,121.52561215482147],"image-00088.jpg":[25.062791878890863,121.52532088504344],"image-00049.jpg":[25.062792963393502,121.5259721571682],"image-00042.jpg":[25.06279375493757,121.52603286359538],"image-00055.jpg":[25.06279246162401,121.52590092431507],"image-00067.jpg":[25.062790836831965,121.52571200098944],"image-00024.jpg":[25.062795076055554,121.52606438787178],"image-00097.jpg":[25.06279175968887,121.52513669968357],"image-00086.jpg":[25.062791508982425,121.52536246567655],"image-00068.jpg":[25.062790574173185,121.52569556579374],"image-00018.jpg":[25.062795076283752,121.52606434694428],"image-00060.jpg":[25.062791797412338,121.52582834743028],"image-00007.jpg":[25.062795074909733,121.52606431511188],"image-00122.jpg":[25.062790370353103,121.52469985626416],"image-00022.jpg":[25.062795076101875,121.52606437164974],"image-00015.jpg":[25.062795075747424,121.52606433100468],"image-00063.jpg":[25.062791266214987,121.52578003019246],"image-00100.jpg":[25.062791591553054,121.52507853174885],"image-00037.jpg":[25.062794915582387,121.52605433361828],"image-00115.jpg":[25.062791142246564,121.52481093551219],"image-00087.jpg":[25.062791828652124,121.52534161767113],"image-00011.jpg":[25.06279507528358,121.52606431854406],"image-00084.jpg":[25.062791161181757,121.52540359153193],"image-00091.jpg":[25.062791944076643,121.52525819822128],"image-00047.jpg":[25.062793114600687,121.52599251801013],"image-00038.jpg":[25.06279414518284,121.52605260307988],"image-00101.jpg":[25.06279164053244,121.52505934847635],"image-00017.jpg":[25.062795076168086,121.5260643414132],"image-00006.jpg":[25.062795074917418,121.52606431510863],"image-00072.jpg":[25.06279016859433,121.52562891896521],"image-00036.jpg":[25.062793760881966,121.52605859455718],"image-00056.jpg":[25.062792291091533,121.52588755495057],"image-00107.jpg":[25.062791582637047,121.52494809668482],"image-00003.jpg":[25.062795074944205,121.52606431510611],"image-00092.jpg":[25.06279203215576,121.52523750448768],"image-00121.jpg":[25.062790409067674,121.5247154518089],"image-00076.jpg":[25.062790180392152,121.52556043601385],"image-00041.jpg":[25.062793864218275,121.52603915950013],"image-00082.jpg":[25.062791026529105,121.5254440152763],"image-00032.jpg":[25.062795340913272,121.52606247049346],"image-00021.jpg":[25.062795075960388,121.52606436426886],"image-00108.jpg":[25.062791373454644,121.5249305877899],"image-00048.jpg":[25.062793076701883,121.52598254041287],"image-00026.jpg":[25.06279507590864,121.52606440827773],"image-00065.jpg":[25.062791070464247,121.52574585725827],"image-00089.jpg":[25.062791720437463,121.52530035814165],"image-00029.jpg":[25.06279589575625,121.52606326877647],"image-00071.jpg":[25.062790274676917,121.52564574860011],"image-00009.jpg":[25.06279507491522,121.52606431521242],"image-00113.jpg":[25.0627913322325,121.52484400515644],"image-00051.jpg":[25.06279284206827,121.5259499860916]}