{
    "image-00096.jpg": {
        "24.950454,121.212749": [
            58359.0, 
            66552.0, 
            66552.0, 
            67576.0, 
            54267.0, 
            54782.0, 
            53761.0, 
            53761.0, 
            65543.0, 
            66573.0, 
            66573.0, 
            67085.0, 
            67085.0, 
            62478.0, 
            68110.0, 
            68110.0, 
            68111.0, 
            68113.0, 
            68113.0, 
            54290.0, 
            66578.0, 
            66578.0, 
            67090.0, 
            67090.0, 
            67090.0, 
            68114.0, 
            68114.0, 
            68114.0, 
            52755.0, 
            54291.0, 
            61972.0, 
            62484.0, 
            61975.0, 
            65559.0, 
            65559.0, 
            65560.0, 
            65560.0, 
            64029.0, 
            64029.0, 
            64029.0, 
            64030.0, 
            64030.0, 
            64030.0, 
            64030.0, 
            64542.0, 
            64542.0, 
            64542.0, 
            66079.0, 
            66079.0, 
            67105.0, 
            67105.0, 
            67105.0, 
            67105.0, 
            67107.0, 
            67107.0, 
            67107.0, 
            62500.0, 
            62500.0, 
            63012.0, 
            64036.0, 
            65060.0, 
            62502.0, 
            62502.0, 
            62502.0, 
            64038.0, 
            64550.0, 
            64550.0, 
            65062.0, 
            67110.0, 
            67110.0, 
            64039.0, 
            64039.0, 
            64551.0, 
            64551.0, 
            64551.0, 
            65063.0, 
            65063.0, 
            66087.0, 
            66087.0, 
            64552.0, 
            64552.0, 
            64552.0, 
            65064.0, 
            65064.0, 
            65064.0, 
            65576.0, 
            65576.0, 
            65576.0, 
            63017.0, 
            66547.0, 
            66547.0, 
            64020.0, 
            53268.0, 
            64535.0, 
            52247.0, 
            60429.0, 
            62477.0, 
            54809.0, 
            61431.0, 
            60432.0, 
            53265.0, 
            67067.0, 
            52776.0, 
            66550.0
        ]
    }, 
    "image-00053.jpg": {
        "24.950396,121.212833": [
            60958.0, 
            59900.0, 
            61436.0, 
            61459.0, 
            64046.0, 
            65070.0, 
            63536.0, 
            64048.0, 
            65072.0, 
            52758.0, 
            64561.0, 
            65073.0, 
            52748.0, 
            57869.0, 
            61471.0, 
            64026.0, 
            59427.0, 
            63492.0, 
            60956.0, 
            61434.0, 
            53749.0, 
            63014.0, 
            66555.0, 
            65531.0, 
            60433.0, 
            59921.0, 
            55275.0, 
            58920.0
        ]
    }
}