{"image-00070.jpg":[24.171540350459804,120.64396605625936],"image-00095.jpg":[24.171537824742707,120.64396959786743],"image-00034.jpg":[24.171813326762873,120.64358100782424],"image-00102.jpg":[24.171537830699478,120.64396958789416],"image-00077.jpg":[24.171537839649343,120.64396959011454],"image-00058.jpg":[24.171573827570345,120.64391996193248],"image-00117.jpg":[24.171537826802858,120.6439695965224],"image-00008.jpg":[24.17215546838984,120.64309135663646],"image-00085.jpg":[24.171537832997544,120.64396958668729],"image-00020.jpg":[24.171994908760603,120.6433229046886],"image-00069.jpg":[24.171541319011006,120.64396470112487],"image-00013.jpg":[24.172087913628463,120.64318947518834],"image-00080.jpg":[24.17153782792979,120.64396959137142],"image-00050.jpg":[24.1716302752588,120.64384000632658],"image-00066.jpg":[24.17154593354639,120.6439583188903],"image-00005.jpg":[24.17219611463273,120.64303079007303],"image-00040.jpg":[24.171737437153876,120.64368897168842],"image-00025.jpg":[24.17192979815702,120.6434157482478],"image-00019.jpg":[24.17200810428569,120.64330413778019],"image-00094.jpg":[24.171537823918943,120.64396959977074],"image-00098.jpg":[24.171537830699027,120.64396958789385],"image-00104.jpg":[24.171537830700558,120.64396958789428],"image-00054.jpg":[24.17159845762083,120.64388561413172],"image-00124.jpg":[24.17153782986784,120.64396958206342],"image-00001.jpg":[24.172234541088898,120.64297291543147],"image-00031.jpg":[24.1718518354836,120.64352618948476],"image-00078.jpg":[24.171537839649343,120.64396959011454],"image-00110.jpg":[24.171537826961238,120.64396958872757],"image-00059.jpg":[24.171568872013,120.64392681245297],"image-00090.jpg":[24.171537824987578,120.64396960076482],"image-00123.jpg":[24.17153782928499,120.64396958383756],"image-00118.jpg":[24.17153782797833,120.64396959559974],"image-00043.jpg":[24.17170197377256,120.64373929015625],"image-00064.jpg":[24.17155046448319,120.64395212163562],"image-00075.jpg":[24.171537845342645,120.64396954120794],"image-00035.jpg":[24.17180051682175,120.64359927299165],"image-00010.jpg":[24.17212841101298,120.64313091581188],"image-00046.jpg":[24.171669105359364,120.6437856061308],"image-00114.jpg":[24.17153782698726,120.64396958872916],"image-00052.jpg":[24.171613446500608,120.64386426673175],"image-00099.jpg":[24.171537830699094,120.64396958789395],"image-00111.jpg":[24.171537826961266,120.64396958872777],"image-00112.jpg":[24.171537826961163,120.64396958872805],"image-00125.jpg":[24.17153783062241,120.64396958012091],"image-00083.jpg":[24.171537829484123,120.64396958801362],"image-00039.jpg":[24.17174973303072,120.64367147897764],"image-00062.jpg":[24.171556585956914,120.64394373448953],"image-00023.jpg":[24.17195570827442,120.64337873841143],"image-00105.jpg":[24.1715378306462,120.64396958783206],"image-00028.jpg":[24.171890801256914,120.64347116368347],"image-00120.jpg":[24.171537829359742,120.64396958640093],"image-00033.jpg":[24.171826109449288,120.64356283418073],"image-00002.jpg":[24.172232296575608,120.64297629932264],"image-00079.jpg":[24.171537839649343,120.64396959011454],"image-00027.jpg":[24.171903791537204,120.64345275081459],"image-00057.jpg":[24.17157934748913,120.64391240424646],"image-00096.jpg":[24.171537818934443,120.64396960622203],"image-00004.jpg":[24.17220961741687,120.64301043729301],"image-00109.jpg":[24.17153782691644,120.64396958883037],"image-00093.jpg":[24.17153782791343,120.64396959175701],"image-00106.jpg":[24.171537831000283,120.64396958764024],"image-00045.jpg":[24.171679766558423,120.64377068436863],"image-00016.jpg":[24.172047697234568,120.64324735604072],"image-00053.jpg":[24.171605720519903,120.64387526020147],"image-00103.jpg":[24.17153783070006,120.64396958789408],"image-00081.jpg":[24.17153783145809,120.64396958876327],"image-00061.jpg":[24.171560285031784,120.64393864134948],"image-00014.jpg":[24.17207438287046,120.64320884646244],"image-00012.jpg":[24.172101406929468,120.64317009813],"image-00044.jpg":[24.171690750203176,120.64375519705813],"image-00116.jpg":[24.171537827047217,120.64396958873193],"image-00074.jpg":[24.171538148898716,120.64396916118557],"image-00119.jpg":[24.171537830596776,120.64396958636144],"image-00030.jpg":[24.17186477760539,120.6435078858862],"image-00073.jpg":[24.171538506434853,120.64396863797835],"image-00088.jpg":[24.171537828352548,120.64396959393967],"image-00049.jpg":[24.17163924362576,120.64382736827446],"image-00042.jpg":[24.17171351234716,120.64372283348453],"image-00055.jpg":[24.171591615874505,120.64389531862899],"image-00067.jpg":[24.171544149334938,120.64396081968675],"image-00024.jpg":[24.171942772957536,120.64339722498168],"image-00097.jpg":[24.171537830698963,120.64396958789374],"image-00086.jpg":[24.171537827529207,120.6439695970835],"image-00068.jpg":[24.171542484627075,120.64396310328283],"image-00018.jpg":[24.172021208300134,120.64328539236291],"image-00060.jpg":[24.171564396960253,120.64393298124156],"image-00007.jpg":[24.172168937799643,120.6430713216339],"image-00122.jpg":[24.171537828313877,120.64396958570082],"image-00022.jpg":[24.17196879453772,120.64336015707516],"image-00015.jpg":[24.172060935928634,120.64322802708386],"image-00063.jpg":[24.1715533227381,120.64394818894499],"image-00100.jpg":[24.171537830699158,120.64396958789405],"image-00037.jpg":[24.171775009794256,120.64363543261663],"image-00115.jpg":[24.17153782701455,120.64396958873233],"image-00087.jpg":[24.17153783043452,120.64396959440494],"image-00011.jpg":[24.17211492663506,120.64315070160075],"image-00084.jpg":[24.17153783218447,120.64396958575028],"image-00091.jpg":[24.171537825924172,120.64396959962296],"image-00047.jpg":[24.171658727185893,120.64379998286432],"image-00038.jpg":[24.171762308366628,120.64365354966432],"image-00101.jpg":[24.171537830699243,120.64396958789413],"image-00017.jpg":[24.17203447972918,120.64326639964509],"image-00006.jpg":[24.172182529956988,120.64305114908268],"image-00072.jpg":[24.17153898389515,120.64396796723494],"image-00036.jpg":[24.171787799756622,120.64361727816635],"image-00056.jpg":[24.171585237854234,120.64390421387225],"image-00107.jpg":[24.171537826458714,120.64396958961409],"image-00003.jpg":[24.17222327045643,120.64299001084069],"image-00092.jpg":[24.171537825686393,120.64396959888104],"image-00121.jpg":[24.171537829521455,120.64396958567943],"image-00076.jpg":[24.171537839649343,120.64396959011454],"image-00041.jpg":[24.171725376293907,120.6437061585313],"image-00082.jpg":[24.17153783058368,120.64396958476466],"image-00032.jpg":[24.171838924256406,120.6435445502656],"image-00021.jpg":[24.171981856392375,120.64334159283705],"image-00108.jpg":[24.171537826839185,120.64396958913346],"image-00048.jpg":[24.171648765713122,120.64381400206358],"image-00026.jpg":[24.171916719190648,120.64343440231107],"image-00065.jpg":[24.171548062104897,120.64395538626923],"image-00089.jpg":[24.17153783145474,120.64396958717695],"image-00029.jpg":[24.17187775501508,120.6434896406821],"image-00071.jpg":[24.171539572933185,120.64396716163462],"image-00009.jpg":[24.172142069262282,120.643111009818],"image-00113.jpg":[24.171537826961103,120.64396958872823],"image-00051.jpg":[24.17162158784654,120.64385258314562]}