{"image-00070.jpg":[24.171612780640082,120.64388987392789],"image-00095.jpg":[24.171609884298604,120.64389388045257],"image-00034.jpg":[24.171922852592644,120.64345897992291],"image-00102.jpg":[24.171609890950847,120.64389386987341],"image-00077.jpg":[24.17160990192711,120.64389386722902],"image-00058.jpg":[24.1716505919369,120.64383828114464],"image-00117.jpg":[24.171609884812504,120.64389388102732],"image-00008.jpg":[24.172311730522264,120.64291260223979],"image-00085.jpg":[24.171609891775752,120.64389387041862],"image-00020.jpg":[24.172128587583458,120.64317139535116],"image-00069.jpg":[24.171613883247616,120.64388835111345],"image-00013.jpg":[24.17223431255331,120.64302257377824],"image-00080.jpg":[24.17160988737757,120.64389387446636],"image-00050.jpg":[24.17171504704621,120.64374843469207],"image-00066.jpg":[24.17161912524054,120.64388117414418],"image-00005.jpg":[24.172359153862903,120.64284398143697],"image-00040.jpg":[24.17183643254151,120.64357984833984],"image-00025.jpg":[24.172054814305127,120.64327476838278],"image-00019.jpg":[24.172143483152247,120.64315056319424],"image-00094.jpg":[24.17160988177247,120.64389388456118],"image-00098.jpg":[24.171609890950823,120.64389386987264],"image-00104.jpg":[24.171609890951224,120.64389386987423],"image-00054.jpg":[24.17167843409222,120.64379992196727],"image-00124.jpg":[24.1716098924477,120.64389386189896],"image-00001.jpg":[24.172404051156214,120.64277849827762],"image-00031.jpg":[24.171966604138067,120.6433977564777],"image-00078.jpg":[24.17160990192711,120.64389386722902],"image-00110.jpg":[24.171609888873906,120.64389386903535],"image-00059.jpg":[24.171645009210017,120.64384592170909],"image-00090.jpg":[24.17160988315627,120.64389388476351],"image-00123.jpg":[24.171609891301827,120.64389386428957],"image-00118.jpg":[24.171609886143834,120.643893879801],"image-00043.jpg":[24.171796014333605,120.64363626380765],"image-00064.jpg":[24.171624227756155,120.64387424702774],"image-00075.jpg":[24.171609928942424,120.64389379540816],"image-00035.jpg":[24.17190819945051,120.64347950712236],"image-00010.jpg":[24.172280436509713,120.64295726153033],"image-00046.jpg":[24.171758832094753,120.64368789768764],"image-00114.jpg":[24.171609888881868,120.64389386905634],"image-00052.jpg":[24.171695658482456,120.64377581612348],"image-00099.jpg":[24.171609890950794,120.64389386987284],"image-00111.jpg":[24.171609888873814,120.64389386903568],"image-00112.jpg":[24.171609888873654,120.643893869036],"image-00125.jpg":[24.17160989374641,120.64389385935777],"image-00083.jpg":[24.171609890745966,120.64389386882787],"image-00039.jpg":[24.17185047324368,120.64356021184555],"image-00062.jpg":[24.171631124182667,120.64386487225764],"image-00023.jpg":[24.172084265689733,120.64323344924273],"image-00105.jpg":[24.171609890982474,120.64389386971479],"image-00028.jpg":[24.172010537119444,120.64333664526742],"image-00120.jpg":[24.171609890145373,120.64389386813667],"image-00033.jpg":[24.17193742726272,120.64343860588079],"image-00002.jpg":[24.172401423860748,120.64278233267298],"image-00079.jpg":[24.17160990192711,120.64389386722902],"image-00027.jpg":[24.172025270544744,120.6433160945723],"image-00057.jpg":[24.17165673763583,120.64382993214693],"image-00096.jpg":[24.171609878332475,120.64389388889283],"image-00004.jpg":[24.1723750027975,120.64282085837746],"image-00109.jpg":[24.171609888803655,120.64389386916619],"image-00093.jpg":[24.171609888829273,120.64389387278497],"image-00106.jpg":[24.17160989119831,120.64389386967224],"image-00045.jpg":[24.17177082095049,120.6436713337313],"image-00016.jpg":[24.172188529502556,120.64308717329962],"image-00053.jpg":[24.17168677044102,120.64378824633388],"image-00103.jpg":[24.171609890951142,120.64389386987358],"image-00081.jpg":[24.171609890126184,120.64389387263185],"image-00061.jpg":[24.17163529863437,120.64385917638936],"image-00014.jpg":[24.172219013739568,120.64304407744967],"image-00012.jpg":[24.172249590754966,120.6430010494428],"image-00044.jpg":[24.171783246540166,120.64365407029712],"image-00116.jpg":[24.17160988890499,120.64389386909747],"image-00074.jpg":[24.17161026219473,120.64389337293466],"image-00119.jpg":[24.171609890719047,120.64389386877014],"image-00030.jpg":[24.171981210225425,120.64337741641322],"image-00073.jpg":[24.171610675514763,120.64389278268263],"image-00088.jpg":[24.171609885752957,120.64389387936792],"image-00049.jpg":[24.171725246023204,120.64373427229998],"image-00042.jpg":[24.17180913568395,120.64361787646465],"image-00055.jpg":[24.171670617421537,120.64381082924908],"image-00067.jpg":[24.17161709433906,120.64388398279982],"image-00024.jpg":[24.172069549823973,120.64325410297342],"image-00097.jpg":[24.171609890950847,120.64389386987241],"image-00086.jpg":[24.1716098855241,120.64389388138142],"image-00068.jpg":[24.171615204355145,120.6438865544709],"image-00018.jpg":[24.17215841646703,120.64312959004661],"image-00060.jpg":[24.17163993635744,120.6438528496747],"image-00007.jpg":[24.172327422870175,120.64288992414595],"image-00122.jpg":[24.171609890005666,120.64389386650566],"image-00022.jpg":[24.172098951455236,120.64321293367558],"image-00015.jpg":[24.172203846008756,120.64306533820957],"image-00063.jpg":[24.171627449148637,120.6438698539281],"image-00100.jpg":[24.17160989095077,120.64389386987304],"image-00037.jpg":[24.171879302111115,120.64351981920552],"image-00115.jpg":[24.171609888891535,120.64389386907786],"image-00087.jpg":[24.17160988635055,120.64389388138932],"image-00011.jpg":[24.172264953082816,120.64297942432171],"image-00084.jpg":[24.17160989298961,120.64389386700526],"image-00091.jpg":[24.171609884080276,120.64389388362886],"image-00047.jpg":[24.17174724254749,120.6437037845537],"image-00038.jpg":[24.171864834094894,120.64354009452546],"image-00101.jpg":[24.17160989095075,120.64389386987321],"image-00017.jpg":[24.172173445358023,120.64310847278821],"image-00006.jpg":[24.172343273127854,120.64286705715915],"image-00072.jpg":[24.171611215281512,120.64389203486807],"image-00036.jpg":[24.171893731359177,120.64349966927645],"image-00056.jpg":[24.17166339014364,120.64382078707581],"image-00107.jpg":[24.17160988818993,120.64389387013438],"image-00003.jpg":[24.172390833756385,120.64279787395017],"image-00092.jpg":[24.171609884358553,120.6438938823388],"image-00121.jpg":[24.17160989058747,120.64389386710874],"image-00076.jpg":[24.17160990192711,120.64389386722902],"image-00041.jpg":[24.17182258119654,120.64359924193779],"image-00082.jpg":[24.17160989166427,120.64389386610492],"image-00032.jpg":[24.17195201052358,120.6434181642478],"image-00021.jpg":[24.17211369220752,120.64319232858824],"image-00108.jpg":[24.171609888614526,120.64389386959174],"image-00048.jpg":[24.171736064919326,120.64371929312873],"image-00026.jpg":[24.172039936896386,120.64329561682524],"image-00065.jpg":[24.171621511094447,120.64387791724869],"image-00089.jpg":[24.171609890533826,120.64389387072359],"image-00029.jpg":[24.171995810452213,120.64335717536636],"image-00071.jpg":[24.171611888321497,120.64389112108857],"image-00009.jpg":[24.172296269251884,120.64293472232205],"image-00113.jpg":[24.17160988887354,120.64389386903628],"image-00051.jpg":[24.17170504247642,120.64376260876136]}