{"image-00070.jpg":[24.171519866914846,120.64397585732448],"image-00095.jpg":[24.171517079302635,120.64397985839028],"image-00034.jpg":[24.171817374727958,120.64354708564404],"image-00102.jpg":[24.17151708489682,120.64397984870433],"image-00077.jpg":[24.171517102899276,120.64397983815587],"image-00058.jpg":[24.171556733884298,120.64392394981036],"image-00117.jpg":[24.171517080724065,120.64397985835187],"image-00008.jpg":[24.172186906949385,120.64300707966245],"image-00085.jpg":[24.171517086853974,120.64397984838213],"image-00020.jpg":[24.17201381291745,120.64326201649044],"image-00069.jpg":[24.171520930272155,120.64397433590057],"image-00013.jpg":[24.172114111560187,120.64311509876306],"image-00080.jpg":[24.171517081282328,120.64397985355068],"image-00050.jpg":[24.17161838311543,120.64383468231892],"image-00066.jpg":[24.171526024165555,120.64396712741275],"image-00005.jpg":[24.172230675329214,120.64294035439198],"image-00040.jpg":[24.17173493792351,120.64366690075798],"image-00025.jpg":[24.171943522785586,120.64336433144473],"image-00019.jpg":[24.17202803388593,120.64324137877782],"image-00094.jpg":[24.17151707737379,120.6439798622728],"image-00098.jpg":[24.171517084896276,120.64397984870402],"image-00104.jpg":[24.171517084898074,120.64397984870442],"image-00054.jpg":[24.171583657945046,120.64388558751912],"image-00124.jpg":[24.171517082597244,120.64397984417633],"image-00001.jpg":[24.172271797538023,120.6428769833046],"image-00031.jpg":[24.171859099361207,120.64348642579728],"image-00078.jpg":[24.171517102899276,120.64397983815587],"image-00110.jpg":[24.171517080489576,120.64397984995787],"image-00059.jpg":[24.171551303112587,120.64393162090835],"image-00090.jpg":[24.171517079957933,120.64397986113619],"image-00123.jpg":[24.171517082016944,120.6439798461097],"image-00118.jpg":[24.171517082374844,120.6439798567445],"image-00043.jpg":[24.17169631742139,120.64372289848816],"image-00064.jpg":[24.171531021582027,120.6439601373813],"image-00075.jpg":[24.171517106546524,120.64397978584155],"image-00035.jpg":[24.171803422403183,120.64356742037202],"image-00010.jpg":[24.17215762938362,120.64305085006791],"image-00046.jpg":[24.17166060666373,120.64377428494777],"image-00114.jpg":[24.171517080518253,120.6439798499611],"image-00052.jpg":[24.17160006566853,120.6438616852372],"image-00099.jpg":[24.17151708489636,120.64397984870413],"image-00111.jpg":[24.171517080489625,120.6439798499581],"image-00112.jpg":[24.171517080489533,120.64397984995836],"image-00125.jpg":[24.171517083364822,120.6439798420591],"image-00083.jpg":[24.171517083803288,120.64397984836779],"image-00039.jpg":[24.171748328755992,120.64364743073133],"image-00062.jpg":[24.17153776839017,120.64395068496616],"image-00023.jpg":[24.171971544941808,120.64332345688581],"image-00105.jpg":[24.171517084850652,120.64397984860813],"image-00028.jpg":[24.171901245166996,120.64342568643872],"image-00120.jpg":[24.1715170823541,120.64397984867571],"image-00033.jpg":[24.171831282242437,120.64352688086623],"image-00002.jpg":[24.172269393025203,120.6428806930561],"image-00079.jpg":[24.171517102899276,120.64397983815587],"image-00027.jpg":[24.17191533797167,120.64340528656882],"image-00057.jpg":[24.17156275575088,120.64391553599629],"image-00096.jpg":[24.171517073613153,120.64397986663036],"image-00004.jpg":[24.172245181249234,120.64291797410178],"image-00109.jpg":[24.171517080443728,120.64397985006944],"image-00093.jpg":[24.171517082749308,120.64397985151562],"image-00106.jpg":[24.17151708522775,120.64397984842532],"image-00045.jpg":[24.171672177862856,120.64375775528225],"image-00016.jpg":[24.172070776080734,120.64317878438742],"image-00053.jpg":[24.17159159463064,120.64387401690128],"image-00103.jpg":[24.171517084897506,120.64397984870419],"image-00081.jpg":[24.17151708521539,120.64397985062328],"image-00061.jpg":[24.171541838946577,120.64394495466436],"image-00014.jpg":[24.172099572057398,120.64313633801461],"image-00012.jpg":[24.17212859991048,120.64309386728871],"image-00044.jpg":[24.171684106663655,120.64374057973957],"image-00116.jpg":[24.171517080588117,120.6439798499612],"image-00074.jpg":[24.17151745159212,120.6439793414127],"image-00119.jpg":[24.171517083831898,120.64397984850395],"image-00030.jpg":[24.17187309637688,120.64346622218741],"image-00073.jpg":[24.17151783804581,120.64397876318313],"image-00088.jpg":[24.171517081486325,120.64397985700506],"image-00049.jpg":[24.17162817419295,120.64382058180989],"image-00042.jpg":[24.171708814236556,120.64370469530068],"image-00055.jpg":[24.171576188702257,120.64389641795105],"image-00067.jpg":[24.17152406779244,120.64396993111862],"image-00024.jpg":[24.171957549050813,120.64334388481464],"image-00097.jpg":[24.171517084896198,120.64397984870389],"image-00086.jpg":[24.171517082219797,120.64397985788177],"image-00068.jpg":[24.171522221565603,120.6439725240355],"image-00018.jpg":[24.172042225905184,120.64322064099494],"image-00060.jpg":[24.17154636223246,120.64393858917697],"image-00007.jpg":[24.172201408819205,120.64298501329338],"image-00122.jpg":[24.17151708103809,120.64397984807727],"image-00022.jpg":[24.17198558695537,120.64330312759984],"image-00015.jpg":[24.172085118905677,120.64315736954457],"image-00063.jpg":[24.171534164572464,120.64395571667231],"image-00100.jpg":[24.171517084896443,120.64397984870423],"image-00037.jpg":[24.17177578185173,120.64360742999537],"image-00115.jpg":[24.171517080550274,120.64397984996302],"image-00087.jpg":[24.17151708391772,120.64397985742909],"image-00011.jpg":[24.172143173956663,120.64307251986172],"image-00084.jpg":[24.171517086801707,120.64397984583535],"image-00091.jpg":[24.171517080945893,120.64397985992889],"image-00047.jpg":[24.171649338807633,120.6437902086484],"image-00038.jpg":[24.171762005049107,120.64362750427796],"image-00101.jpg":[24.171517084896543,120.6439798487043],"image-00017.jpg":[24.17205651103866,120.64319977667961],"image-00006.jpg":[24.172216078883473,120.64296273805088],"image-00072.jpg":[24.171518357523155,120.64397801790811],"image-00036.jpg":[24.171789576251083,120.64358745057686],"image-00056.jpg":[24.17156920157852,120.64390637808086],"image-00107.jpg":[24.171517079931917,120.643979850971],"image-00003.jpg":[24.172259754168696,120.64289568081753],"image-00092.jpg":[24.17151708062535,120.6439798591492],"image-00121.jpg":[24.17151708250866,120.6439798478828],"image-00076.jpg":[24.171517102899276,120.64397983815587],"image-00041.jpg":[24.17172174758141,120.64368612459074],"image-00082.jpg":[24.1715170838476,120.64397984659149],"image-00032.jpg":[24.17184516712702,120.64350664630504],"image-00021.jpg":[24.171999666759845,120.64328270875062],"image-00108.jpg":[24.171517080368304,120.64397985040237],"image-00048.jpg":[24.171638587583974,120.6438056417199],"image-00026.jpg":[24.17192935395705,120.64338497144624],"image-00065.jpg":[24.171528351155242,120.64396385347908],"image-00089.jpg":[24.17151708476856,120.64397984951505],"image-00029.jpg":[24.171887146084615,120.64344606543968],"image-00071.jpg":[24.171519015815775,120.64397709485364],"image-00009.jpg":[24.172172472082657,120.64302872215677],"image-00113.jpg":[24.171517080489483,120.64397984995855],"image-00051.jpg":[24.17160895788386,120.64384863236548]}