{
    "image-00020.jpg": {
        "22.648631,120.303277": [
            56337.0, 
            59410.0, 
            59410.0, 
            56850.0, 
            56850.0, 
            56851.0, 
            56851.0, 
            56851.0, 
            56851.0, 
            57364.0, 
            57364.0, 
            57364.0, 
            57364.0, 
            57876.0, 
            57876.0, 
            57876.0, 
            57876.0, 
            58388.0, 
            58388.0, 
            58388.0, 
            58388.0, 
            58900.0, 
            58900.0, 
            56340.0, 
            56852.0, 
            56852.0, 
            56852.0, 
            57366.0, 
            57366.0, 
            57878.0, 
            57878.0, 
            58390.0, 
            58390.0, 
            56854.0, 
            56854.0, 
            57367.0, 
            57367.0, 
            57879.0, 
            57879.0, 
            56855.0, 
            61467.0, 
            61467.0, 
            61468.0, 
            61468.0, 
            61468.0, 
            63004.0, 
            63004.0, 
            63004.0, 
            61981.0, 
            61981.0, 
            61981.0, 
            63005.0, 
            63005.0, 
            63006.0, 
            63006.0, 
            64030.0, 
            64030.0, 
            64542.0, 
            64542.0, 
            62495.0
        ]
    }, 
    "image-00026.jpg": {
        "22.648779,120.303406": [
            69879.0, 
            61657.0, 
            61657.0, 
            62169.0, 
            62169.0, 
            62169.0, 
            62681.0, 
            62681.0, 
            62681.0, 
            64217.0, 
            64217.0, 
            65241.0, 
            65753.0, 
            65753.0, 
            67289.0, 
            60635.0, 
            61146.0, 
            61146.0, 
            61658.0, 
            61658.0, 
            61658.0, 
            62171.0, 
            62682.0, 
            62682.0, 
            62682.0, 
            65242.0, 
            63186.0, 
            61148.0, 
            61660.0, 
            61660.0, 
            62684.0, 
            62684.0, 
            62684.0, 
            60637.0, 
            61661.0, 
            61661.0, 
            62173.0, 
            62173.0, 
            62685.0, 
            62685.0, 
            61150.0, 
            62686.0, 
            62686.0, 
            61198.0, 
            61198.0, 
            62175.0, 
            62175.0, 
            62175.0, 
            62175.0, 
            62675.0, 
            63187.0, 
            63187.0, 
            63187.0, 
            63187.0, 
            64211.0, 
            64211.0, 
            64211.0, 
            64211.0, 
            65235.0, 
            65235.0, 
            65235.0, 
            62177.0, 
            62177.0, 
            56602.0, 
            62178.0, 
            62676.0, 
            62676.0, 
            63188.0, 
            64212.0, 
            64212.0, 
            64212.0, 
            64724.0, 
            64724.0, 
            64724.0, 
            65236.0, 
            65236.0, 
            65236.0, 
            65748.0, 
            66772.0, 
            66772.0, 
            62695.0, 
            61654.0, 
            63190.0, 
            63190.0, 
            64214.0, 
            64214.0, 
            64214.0, 
            64214.0, 
            64726.0, 
            64726.0, 
            64726.0, 
            64726.0, 
            65237.0, 
            65750.0, 
            61137.0, 
            61137.0, 
            62161.0, 
            62161.0, 
            64209.0, 
            64209.0, 
            64721.0, 
            64721.0, 
            61655.0, 
            61655.0, 
            62167.0, 
            62167.0, 
            62679.0, 
            64727.0, 
            64727.0, 
            65751.0, 
            66775.0, 
            66775.0, 
            61656.0, 
            61656.0, 
            62168.0, 
            62168.0, 
            62680.0, 
            62680.0, 
            62680.0, 
            63192.0, 
            63192.0, 
            64728.0
        ]
    }, 
    "image-00067.jpg": {
        "22.649936,120.303401": [
            53297.0, 
            61421.0, 
            61422.0, 
            62449.0, 
            61938.0
        ]
    }, 
    "image-00039.jpg": {
        "22.649165,120.303432": [
            60633.0, 
            60633.0, 
            61657.0, 
            61657.0, 
            64734.0, 
            65295.0, 
            61714.0, 
            62738.0, 
            62738.0, 
            60627.0, 
            65766.0, 
            65766.0, 
            65767.0, 
            67303.0, 
            68327.0, 
            66280.0, 
            67304.0, 
            68328.0, 
            67305.0, 
            67305.0, 
            68329.0, 
            68329.0, 
            60632.0, 
            61144.0, 
            61144.0
        ]
    }, 
    "image-00036.jpg": {
        "22.649388,120.303344": [
            59345.0, 
            67033.0, 
            57818.0, 
            56794.0, 
            58842.0, 
            60378.0, 
            64987.0, 
            58844.0, 
            63452.0, 
            66012.0, 
            56796.0, 
            63442.0, 
            60382.0, 
            62430.0, 
            63454.0, 
            57311.0, 
            61408.0, 
            62944.0, 
            63456.0, 
            57300.0, 
            62946.0, 
            64994.0, 
            66019.0, 
            56276.0, 
            61925.0, 
            64997.0, 
            66021.0, 
            62421.0
        ]
    }, 
    "image-00023.jpg": {
        "22.648887,120.303410": [
            56588.0, 
            56588.0, 
            59149.0, 
            64269.0, 
            56589.0, 
            56589.0, 
            56589.0, 
            57101.0, 
            59150.0, 
            57615.0, 
            57615.0, 
            57615.0, 
            57103.0, 
            57103.0, 
            57103.0, 
            58129.0, 
            59153.0, 
            59153.0, 
            60177.0, 
            60177.0, 
            56593.0, 
            56593.0, 
            64223.0, 
            65759.0, 
            66783.0, 
            67295.0, 
            56082.0, 
            56594.0, 
            62227.0, 
            60692.0, 
            66785.0, 
            64738.0, 
            65762.0, 
            65762.0, 
            65762.0, 
            66274.0, 
            66274.0, 
            66274.0, 
            66274.0, 
            67298.0, 
            66275.0, 
            66275.0, 
            66275.0, 
            66275.0, 
            67299.0, 
            66276.0, 
            66276.0, 
            65768.0, 
            65768.0, 
            66273.0, 
            65769.0, 
            66276.0
        ]
    },