{"image-00070.jpg":[25.00251336797281,121.46422631749549],"image-00095.jpg":[25.002468945096123,121.46392964771675],"image-00034.jpg":[25.002565201104623,121.46458557783033],"image-00102.jpg":[25.002455856171274,121.4638423891139],"image-00077.jpg":[25.002501608866297,121.46414149177559],"image-00058.jpg":[25.002537682536982,121.46437882899298],"image-00117.jpg":[25.002430619131797,121.46366508409054],"image-00008.jpg":[25.00258173496326,121.46477455473881],"image-00085.jpg":[25.002488523874803,121.46404833573258],"image-00020.jpg":[25.002573525144676,121.4646971389875],"image-00069.jpg":[25.00251517381789,121.46423874881344],"image-00013.jpg":[25.002578669568088,121.46474707083946],"image-00080.jpg":[25.0024966748413,121.46410617005478],"image-00050.jpg":[25.00255194692943,121.46446323462203],"image-00066.jpg":[25.002520748216366,121.46427660309956],"image-00005.jpg":[25.0025836915443,121.46479017523662],"image-00040.jpg":[25.00256212573278,121.46454074848643],"image-00025.jpg":[25.002570216169715,121.46465731225197],"image-00019.jpg":[25.00257427258466,121.46470499223295],"image-00094.jpg":[25.002471054860717,121.46394215380363],"image-00098.jpg":[25.002462888173422,121.46389208649987],"image-00104.jpg":[25.00245249069265,121.46381799989246],"image-00054.jpg":[25.00254540070211,121.46442421518492],"image-00124.jpg":[25.002419079646298,121.46358580957623],"image-00001.jpg":[25.00258535646688,121.46480307450732],"image-00031.jpg":[25.00256691110676,121.46460896966857],"image-00078.jpg":[25.002499904015913,121.46412972626763],"image-00110.jpg":[25.00244238368414,121.4637456107811],"image-00059.jpg":[25.00253553487623,121.46436653587588],"image-00090.jpg":[25.00247946788446,121.46399095679234],"image-00123.jpg":[25.00242070701802,121.46359673394996],"image-00118.jpg":[25.002429004278117,121.46365400131675],"image-00043.jpg":[25.002559884272877,121.46451934729916],"image-00064.jpg":[25.002524649094976,121.46430232257936],"image-00075.jpg":[25.00250497599516,121.46416518004693],"image-00035.jpg":[25.00256475099248,121.46457789821592],"image-00010.jpg":[25.002580465356754,121.46476388123808],"image-00046.jpg":[25.002557109721685,121.46449681994048],"image-00114.jpg":[25.002435507311482,121.46369946971492],"image-00052.jpg":[25.00254883555327,121.46444446920277],"image-00099.jpg":[25.002461049559635,121.46387963006927],"image-00111.jpg":[25.002440645880295,121.46373388964173],"image-00112.jpg":[25.002438907738867,121.46372232035908],"image-00125.jpg":[25.002417596046072,121.46357507575578],"image-00083.jpg":[25.002491977329633,121.46407125322136],"image-00039.jpg":[25.00256275738446,121.46454796293547],"image-00062.jpg":[25.002528841282224,121.46432811233862],"image-00023.jpg":[25.002571488341495,121.46467332176897],"image-00105.jpg":[25.00245083161289,121.4638057526519],"image-00028.jpg":[25.002568589748407,121.4646327290102],"image-00120.jpg":[25.002425643033014,121.46363101228329],"image-00033.jpg":[25.00256560702146,121.46459323850067],"image-00002.jpg":[25.002585043039904,121.46480051064442],"image-00079.jpg":[25.002498293144605,121.46411793538081],"image-00027.jpg":[25.002569069256147,121.46464117073873],"image-00057.jpg":[25.002539778108396,121.46439071881201],"image-00096.jpg":[25.002466886507055,121.46391711074544],"image-00004.jpg":[25.00258437716702,121.46479534729559],"image-00109.jpg":[25.00244411425283,121.4637576416606],"image-00093.jpg":[25.002473284220095,121.46395454039555],"image-00106.jpg":[25.002449242824653,121.4637935330015],"image-00045.jpg":[25.002558052003987,121.46450458409439],"image-00016.jpg":[25.002576577547522,121.46472769948187],"image-00053.jpg":[25.0025470453553,121.4644345704545],"image-00103.jpg":[25.002454180948266,121.46383021666776],"image-00081.jpg":[25.002495168826023,121.46409447124351],"image-00061.jpg":[25.002531007247992,121.4643411834542],"image-00014.jpg":[25.002578034922728,121.46474101049418],"image-00012.jpg":[25.002579296680114,121.46475279899747],"image-00044.jpg":[25.002558987122054,121.4645120518972],"image-00116.jpg":[25.00243219326173,121.46367669318332],"image-00074.jpg":[25.00250666493762,121.46417713968785],"image-00119.jpg":[25.00242733470119,121.4636424825704],"image-00030.jpg":[25.00256732640211,121.4646167976574],"image-00073.jpg":[25.0025083164258,121.4641893142176],"image-00088.jpg":[25.002483336431776,121.46401418527572],"image-00049.jpg":[25.002553353753427,121.46447197226192],"image-00042.jpg":[25.00256074356583,121.46452643901378],"image-00055.jpg":[25.002543614591982,121.46441340849161],"image-00067.jpg":[25.002518915808288,121.46426387133867],"image-00024.jpg":[25.002570817279473,121.46466546838738],"image-00097.jpg":[25.00246486369497,121.46390455200174],"image-00086.jpg":[25.002486863560566,121.4640369139564],"image-00068.jpg":[25.002516999465403,121.46425126716322],"image-00018.jpg":[25.002575075501483,121.4647128453112],"image-00060.jpg":[25.002533276829155,121.46435400978503],"image-00007.jpg":[25.002582393953638,121.46477979998633],"image-00122.jpg":[25.002422359293433,121.46360805650025],"image-00022.jpg":[25.00257211729017,121.46468137251668],"image-00015.jpg":[25.002577270671235,121.46473457534331],"image-00063.jpg":[25.002526718734124,121.46431518445863],"image-00100.jpg":[25.0024592731314,121.4638672234473],"image-00037.jpg":[25.002563820698743,121.46456286541633],"image-00115.jpg":[25.002433819963656,121.46368816845595],"image-00087.jpg":[25.00248504566091,121.4640255510224],"image-00011.jpg":[25.002579973276273,121.46475849747208],"image-00084.jpg":[25.0024902818054,121.46405977370674],"image-00091.jpg":[25.002477509873707,121.46397898810622],"image-00047.jpg":[25.002555921025024,121.46448871574769],"image-00038.jpg":[25.002563380371374,121.46455522832873],"image-00101.jpg":[25.002457622274857,121.46385477341154],"image-00017.jpg":[25.00257582974689,121.46472053825627],"image-00006.jpg":[25.002583009510886,121.46478498597054],"image-00072.jpg":[25.002509987198167,121.46420159809304],"image-00036.jpg":[25.002564314204278,121.46457027625897],"image-00056.jpg":[25.00254167379117,121.46440227538027],"image-00107.jpg":[25.00244744818774,121.46378163492615],"image-00003.jpg":[25.002584725943095,121.4647979219881],"image-00092.jpg":[25.002475311032356,121.46396689064824],"image-00121.jpg":[25.00242398643862,121.46361952885638],"image-00076.jpg":[25.002503247160497,121.46415331526629],"image-00041.jpg":[25.002561453551387,121.46453351126013],"image-00082.jpg":[25.00249349816987,121.46408285513522],"image-00032.jpg":[25.002566165176773,121.4646011052159],"image-00021.jpg":[25.00257272424897,121.46468925862584],"image-00108.jpg":[25.002445890848858,121.46376953087669],"image-00048.jpg":[25.002554571919916,121.46448052359113],"image-00026.jpg":[25.002569606809743,121.46464940457841],"image-00065.jpg":[25.002522683799363,121.46428943418951],"image-00089.jpg":[25.00248139408672,121.4640027257415],"image-00029.jpg":[25.00256782103804,121.46462474719819],"image-00071.jpg":[25.002511653972565,121.46421389859543],"image-00009.jpg":[25.002581094100734,121.464769244938],"image-00113.jpg":[25.002437209919897,121.4637108872063],"image-00051.jpg":[25.002550482272344,121.46445402076509]}