{"image-00070.jpg":[25.00253507358797,121.46425026199196],"image-00095.jpg":[25.002486350716104,121.46394198647928],"image-00034.jpg":[25.00259137949314,121.4646224570855],"image-00102.jpg":[25.00247200184129,121.46385132482078],"image-00077.jpg":[25.002522087932064,121.46416203896428],"image-00058.jpg":[25.002561467776864,121.46440837716474],"image-00117.jpg":[25.002444088558093,121.46366677909917],"image-00008.jpg":[25.002610103692565,121.46481890899123],"image-00085.jpg":[25.002507721694336,121.46406528315538],"image-00020.jpg":[25.002600951624256,121.4647384799636],"image-00069.jpg":[25.002537068295506,121.46426319988535],"image-00013.jpg":[25.00260670448552,121.46479037001725],"image-00080.jpg":[25.002516669229173,121.46412535187721],"image-00050.jpg":[25.0025767114421,121.46449550940822],"image-00066.jpg":[25.002543148600147,121.46430246802952],"image-00005.jpg":[25.00261226270847,121.46483513242654],"image-00040.jpg":[25.002587785164536,121.4645757800936],"image-00025.jpg":[25.00259716861228,121.46469704031821],"image-00019.jpg":[25.002601806605803,121.46474666757837],"image-00094.jpg":[25.002488642274102,121.46395496157983],"image-00098.jpg":[25.002479720600434,121.46390294374018],"image-00104.jpg":[25.00246828174002,121.46382595395764],"image-00054.jpg":[25.002569743625564,121.46445528006271],"image-00124.jpg":[25.002431424453267,121.4635844168615],"image-00001.jpg":[25.002614096677167,121.46484852851783],"image-00031.jpg":[25.002593339774368,121.46464676747388],"image-00078.jpg":[25.002520227856422,121.4641498350939],"image-00110.jpg":[25.0024571333964,121.46375068155027],"image-00059.jpg":[25.002559158796334,121.4643956602381],"image-00090.jpg":[25.00249777355377,121.46400559433627],"image-00123.jpg":[25.002433222348735,121.46359579082332],"image-00118.jpg":[25.00244233144561,121.46365529117722],"image-00043.jpg":[25.002585276048254,121.4645535307462],"image-00064.jpg":[25.002547404157788,121.46432915731216],"image-00075.jpg":[25.002525811526613,121.46418669310489],"image-00035.jpg":[25.00259083515648,121.46461444472648],"image-00010.jpg":[25.00260870645708,121.46480783634858],"image-00046.jpg":[25.0025822478009,121.46453019706729],"image-00114.jpg":[25.002449520279548,121.46370261272608],"image-00052.jpg":[25.002573353714965,121.4644760819732],"image-00099.jpg":[25.002477700109914,121.46388999529634],"image-00111.jpg":[25.00245520305767,121.46373846041858],"image-00112.jpg":[25.002453279319788,121.4637264074936],"image-00125.jpg":[25.00242976606951,121.46357321824964],"image-00083.jpg":[25.0025115189585,121.46408911574507],"image-00039.jpg":[25.002588520330658,121.46458331494014],"image-00062.jpg":[25.002551951643536,121.4643558938703],"image-00023.jpg":[25.00259862610894,121.464713694147],"image-00105.jpg":[25.00246645139014,121.46381322301713],"image-00028.jpg":[25.002595271755673,121.46467146345533],"image-00120.jpg":[25.00243866176532,121.4636314392467],"image-00033.jpg":[25.002591848883668,121.46463039972784],"image-00002.jpg":[25.00261375411654,121.46484587221842],"image-00079.jpg":[25.00251844482451,121.46413756692495],"image-00027.jpg":[25.002595826518174,121.46468022239105],"image-00057.jpg":[25.002563715856184,121.46442066904694],"image-00096.jpg":[25.002484089566938,121.46392893849156],"image-00004.jpg":[25.002613019744917,121.464840508483],"image-00109.jpg":[25.00245903845441,121.46376318959977],"image-00093.jpg":[25.002491074740647,121.46396784086807],"image-00106.jpg":[25.002464693965745,121.46380051878182],"image-00045.jpg":[25.002583277125343,121.46453823967323],"image-00016.jpg":[25.002604366828077,121.46477023064277],"image-00053.jpg":[25.002571480865093,121.4644659306737],"image-00103.jpg":[25.002470154314814,121.46383867030747],"image-00081.jpg":[25.00251504473468,121.46411326353378],"image-00061.jpg":[25.002554300858638,121.46436944676917],"image-00014.jpg":[25.0026060019218,121.46478408336682],"image-00012.jpg":[25.002607400233927,121.46479631747249],"image-00044.jpg":[25.002584302905863,121.46454598496823],"image-00116.jpg":[25.002445855368947,121.46367890002568],"image-00074.jpg":[25.002527680933298,121.46419914224452],"image-00119.jpg":[25.002440518154238,121.4636433578583],"image-00030.jpg":[25.002593835087897,121.4646549102673],"image-00073.jpg":[25.00252950506168,121.46421180160982],"image-00088.jpg":[25.00250200985338,121.464029751468],"image-00049.jpg":[25.002578182786273,121.46450447057218],"image-00042.jpg":[25.00258622794098,121.46456090000474],"image-00055.jpg":[25.002567802268597,121.4644440680382],"image-00067.jpg":[25.002541142026686,121.46428924987882],"image-00024.jpg":[25.002597884468162,121.46470556473395],"image-00097.jpg":[25.00248187877566,121.46391589065524],"image-00086.jpg":[25.002505886242226,121.46405339320023],"image-00068.jpg":[25.002539049666474,121.46427616697305],"image-00018.jpg":[25.002602685348172,121.46475479416533],"image-00060.jpg":[25.002556738498342,121.4643827122704],"image-00007.jpg":[25.002610842614676,121.46482437759812],"image-00122.jpg":[25.002435038068374,121.4636075589837],"image-00022.jpg":[25.002599368315042,121.46472210522924],"image-00015.jpg":[25.002605140901778,121.46477737252503],"image-00063.jpg":[25.002549653672418,121.4643424979865],"image-00100.jpg":[25.002475755977688,121.46387711743711],"image-00037.jpg":[25.002589756117086,121.46459882789719],"image-00115.jpg":[25.00244766078459,121.46369085421837],"image-00087.jpg":[25.002503885682994,121.46404156447191],"image-00011.jpg":[25.002608156061825,121.46480224870712],"image-00084.jpg":[25.00250966442682,121.464077198071],"image-00091.jpg":[25.002495657731796,121.46399319984351],"image-00047.jpg":[25.002580938345943,121.46452176781665],"image-00038.jpg":[25.00258922341937,121.46459086160579],"image-00101.jpg":[25.002473934900635,121.46386417935656],"image-00017.jpg":[25.0026035319868,121.46476278985338],"image-00006.jpg":[25.002611520945067,121.46482975897466],"image-00072.jpg":[25.00253134562324,121.46422456651949],"image-00036.jpg":[25.002590302216117,121.46460648699104],"image-00056.jpg":[25.002565730853167,121.46443257802562],"image-00107.jpg":[25.0024627293171,121.463788160721],"image-00003.jpg":[25.002613404028914,121.46484318398613],"image-00092.jpg":[25.002493282408896,121.46398066168598],"image-00121.jpg":[25.00243683213071,121.46361948934778],"image-00076.jpg":[25.002523892980403,121.46417432863865],"image-00041.jpg":[25.002587011555402,121.46456822915054],"image-00082.jpg":[25.002513197046827,121.4641011715974],"image-00032.jpg":[25.00259249863447,121.46463858995303],"image-00021.jpg":[25.00260006064149,121.464730300039],"image-00108.jpg":[25.002461007907627,121.46377558044185],"image-00048.jpg":[25.002579498774008,121.46451331593956],"image-00026.jpg":[25.002596469040867,121.46468881503938],"image-00065.jpg":[25.002545250463015,121.4643157650797],"image-00089.jpg":[25.002499886440805,121.46401783744663],"image-00029.jpg":[25.002594436617947,121.46466321818278],"image-00071.jpg":[25.002533181465356,121.46423734758889],"image-00009.jpg":[25.00260938971256,121.46481338448709],"image-00113.jpg":[25.00245141755532,121.46371452893132],"image-00051.jpg":[25.002575124781124,121.46448596303452]}