{"image-00070.jpg":[25.002529315549257,121.4642515509534],"image-00095.jpg":[25.002477178452125,121.46394950287625],"image-00034.jpg":[25.0025902393617,121.46461607070435],"image-00102.jpg":[25.00246182482833,121.46386067288557],"image-00077.jpg":[25.00251528292419,121.4641651316995],"image-00058.jpg":[25.002557416506473,121.46440648512726],"image-00117.jpg":[25.002431823445594,121.46367986827755],"image-00008.jpg":[25.002612257761673,121.46480820606664],"image-00085.jpg":[25.002499749142434,121.46407036040651],"image-00020.jpg":[25.002601882735824,121.4647295052311],"image-00069.jpg":[25.002531453409283,121.46426422757484],"image-00013.jpg":[25.002608435161857,121.46478027705913],"image-00080.jpg":[25.002509418990783,121.46412919787215],"image-00050.jpg":[25.00257362450794,121.46449185623617],"image-00066.jpg":[25.00253799600227,121.46430269380315],"image-00005.jpg":[25.002614635761535,121.46482408951948],"image-00040.jpg":[25.002585800927616,121.46457043828454],"image-00025.jpg":[25.002597398283637,121.46468897808356],"image-00019.jpg":[25.00260286254565,121.46473751687347],"image-00094.jpg":[25.002479596234082,121.4639622212679],"image-00098.jpg":[25.002470161189795,121.46391123471844],"image-00104.jpg":[25.0024578034591,121.46383582079197],"image-00054.jpg":[25.002566193000565,121.46445244586485],"image-00124.jpg":[25.002418211355604,121.46359918100123],"image-00001.jpg":[25.00261664607637,121.46483720626959],"image-00031.jpg":[25.002592641809215,121.46463983617225],"image-00078.jpg":[25.002513276191404,121.46415317798258],"image-00110.jpg":[25.00244576444061,121.46376208659485],"image-00059.jpg":[25.00255498087017,121.46439402079565],"image-00090.jpg":[25.00248920274862,121.46401185766268],"image-00123.jpg":[25.00242012997492,121.46361032687852],"image-00118.jpg":[25.002429927013598,121.46366861624354],"image-00043.jpg":[25.00258295497144,121.46454866652249],"image-00064.jpg":[25.002542552246954,121.46432884227633],"image-00075.jpg":[25.002519286325303,121.46418928578281],"image-00035.jpg":[25.002589547230812,121.4646082385207],"image-00010.jpg":[25.002610701000485,121.464797368626],"image-00046.jpg":[25.00257958978312,121.46452582880444],"image-00114.jpg":[25.002437649258464,121.46371497911181],"image-00052.jpg":[25.002570061188077,121.46447281842296],"image-00099.jpg":[25.00246799599891,121.46389854823718],"image-00111.jpg":[25.00244370838476,121.46375010925496],"image-00112.jpg":[25.002441660190033,121.46373829693304],"image-00125.jpg":[25.00241642919642,121.46358820843926],"image-00083.jpg":[25.00250380317424,121.46409371383214],"image-00039.jpg":[25.002586652639298,121.46457781069617],"image-00062.jpg":[25.0025473807373,121.46435504330707],"image-00023.jpg":[25.002599144426025,121.46470526308653],"image-00105.jpg":[25.002455816406684,121.46382335190694],"image-00028.jpg":[25.00259502759286,121.46466397715842],"image-00120.jpg":[25.002425975352786,121.46364525176386],"image-00033.jpg":[25.002590873439797,121.46462382897596],"image-00002.jpg":[25.002616265115787,121.46483460644225],"image-00079.jpg":[25.002511346656945,121.46414116091739],"image-00027.jpg":[25.00259575901187,121.46467253433156],"image-00057.jpg":[25.002559787358148,121.46441853273177],"image-00096.jpg":[25.002474795992747,121.46393671120406],"image-00004.jpg":[25.002615460498536,121.46482935443777],"image-00109.jpg":[25.002447813128953,121.46377434039667],"image-00093.jpg":[25.00248213278915,121.46397485240243],"image-00106.jpg":[25.002453896694526,121.4638109110144],"image-00045.jpg":[25.00258073644759,121.46453370008993],"image-00016.jpg":[25.00260579881911,121.4647605680455],"image-00053.jpg":[25.002568069025674,121.46446287461185],"image-00103.jpg":[25.00245982445089,121.46384827794562],"image-00081.jpg":[25.002507618187494,121.46411736707385],"image-00061.jpg":[25.002549867875253,121.46436832615544],"image-00014.jpg":[25.002607633571703,121.46477412658044],"image-00012.jpg":[25.002609220452303,121.46478609699035],"image-00044.jpg":[25.002581869764256,121.4645412821196],"image-00116.jpg":[25.002433724684018,121.463691744413],"image-00074.jpg":[25.002521297584767,121.46420148224607],"image-00119.jpg":[25.002427966363012,121.46365692879299],"image-00030.jpg":[25.002593298373345,121.46464779236643],"image-00073.jpg":[25.002523276214667,121.46421388144813],"image-00088.jpg":[25.00249366329007,121.46403554032223],"image-00049.jpg":[25.002575217830206,121.46450062905407],"image-00042.jpg":[25.002584008098687,121.46455588080792],"image-00055.jpg":[25.00256413900191,121.46444145677864],"image-00067.jpg":[25.002535832669185,121.46428974592212],"image-00024.jpg":[25.00259825526905,121.46469731585535],"image-00097.jpg":[25.002472453890885,121.46392392284132],"image-00086.jpg":[25.002497782988783,121.46405871028861],"image-00068.jpg":[25.00253359431288,121.46427692767483],"image-00018.jpg":[25.00260387666468,121.46474546510001],"image-00060.jpg":[25.002552435665812,121.4643813287719],"image-00007.jpg":[25.002613064552822,121.46481356196668],"image-00122.jpg":[25.0024220794884,121.4636218562409],"image-00022.jpg":[25.00260002331902,121.46471349079869],"image-00015.jpg":[25.00260668543096,121.4647675552381],"image-00063.jpg":[25.002544942219966,121.46434191567695],"image-00100.jpg":[25.00246589750167,121.4638859342059],"image-00037.jpg":[25.002588166031718,121.46459297739729],"image-00115.jpg":[25.002435663191715,121.4637034569662],"image-00087.jpg":[25.002495668522567,121.46404711514347],"image-00011.jpg":[25.0026100564209,121.46479190392996],"image-00084.jpg":[25.002501811401647,121.46408203856254],"image-00091.jpg":[25.002486954165235,121.46399971223326],"image-00047.jpg":[25.002578186756548,121.46451756988279],"image-00038.jpg":[25.002587485206213,121.46458519061719],"image-00101.jpg":[25.00246391270604,121.46387326384277],"image-00017.jpg":[25.002604849937455,121.46475328741609],"image-00006.jpg":[25.00261382013788,121.46481882912242],"image-00072.jpg":[25.00252527436904,121.46422638344723],"image-00036.jpg":[25.002588868089756,121.46460045953842],"image-00056.jpg":[25.002561945427207,121.4644301974516],"image-00107.jpg":[25.002451794947838,121.4637988026798],"image-00003.jpg":[25.002615877954113,121.46483197479138],"image-00092.jpg":[25.002484468667756,121.46398741849359],"image-00121.jpg":[25.002424011969953,121.46363354366318],"image-00076.jpg":[25.00251723590378,121.46417716943932],"image-00041.jpg":[25.002584912128487,121.46456304963976],"image-00082.jpg":[25.00250563575488,121.46410551961719],"image-00032.jpg":[25.00259166971036,121.46463183640837],"image-00021.jpg":[25.002600862012464,121.46472150275392],"image-00108.jpg":[25.00244991020586,121.463786484],"image-00048.jpg":[25.002576648872992,121.46450929033224],"image-00026.jpg":[25.00259655412731,121.46468093559808],"image-00065.jpg":[25.00254025356983,121.46431571953985],"image-00089.jpg":[25.00249143157579,121.46402385959921],"image-00029.jpg":[25.002594046459702,121.46465591557177],"image-00071.jpg":[25.002527268917163,121.4642389009864],"image-00009.jpg":[25.002611469546256,121.46480279721104],"image-00113.jpg":[25.002439664985133,121.46372665891778],"image-00051.jpg":[25.002571932741482,121.46448250257193]}