{"image-00070.jpg":[23.963584020526064,120.96551145326524],"image-00095.jpg":[23.963822175164573,120.96578865770249],"image-00034.jpg":[23.96329992906974,120.96520328667029],"image-00102.jpg":[23.96391014375404,120.9659002486006],"image-00077.jpg":[23.963633982441163,120.96556358876222],"image-00058.jpg":[23.96350881827525,120.96543165681774],"image-00117.jpg":[23.964126335771205,120.96616188853073],"image-00008.jpg":[23.963057113557195,120.9649149334052],"image-00085.jpg":[23.963710189657995,120.96564877916937],"image-00020.jpg":[23.96315939646955,120.96503924965933],"image-00069.jpg":[23.96357786262873,120.96550490522729],"image-00013.jpg":[23.9630989045894,120.96496601443387],"image-00080.jpg":[23.96366150713832,120.96559341466516],"image-00050.jpg":[23.96344752004202,120.96536798116648],"image-00066.jpg":[23.963559638171457,120.96548671593679],"image-00005.jpg":[23.963032786564412,120.96488493967303],"image-00040.jpg":[23.963360613332007,120.96527248388648],"image-00025.jpg":[23.963207331123648,120.96509670740224],"image-00019.jpg":[23.963151846394286,120.96503014359055],"image-00094.jpg":[23.96380952828789,120.96577233643458],"image-00098.jpg":[23.963858379091683,120.96583499334082],"image-00104.jpg":[23.963938559293332,120.965935590975],"image-00054.jpg":[23.9634786816208,120.96540080305797],"image-00124.jpg":[23.96422684704787,120.96628106738348],"image-00001.jpg":[23.96301069234969,120.96485780649054],"image-00031.jpg":[23.963269279887164,120.96516818050048],"image-00078.jpg":[23.963642996423566,120.96557308050112],"image-00110.jpg":[23.964021103373568,120.96603648147118],"image-00059.jpg":[23.963515978940745,120.96543961347233],"image-00090.jpg":[23.963763889040578,120.96571397635137],"image-00123.jpg":[23.964214796920313,120.96626641543483],"image-00118.jpg":[23.96414174666314,120.96618016472571],"image-00043.jpg":[23.963389659251142,120.96530495691866],"image-00064.jpg":[23.963546434936585,120.9654733849543],"image-00075.jpg":[23.963619088655886,120.9655477301863],"image-00035.jpg":[23.96331063776256,120.96521550167719],"image-00010.jpg":[23.963074411042395,120.96493612283183],"image-00046.jpg":[23.96341483463415,120.96533282834767],"image-00114.jpg":[23.96408286058676,120.96611043559597],"image-00052.jpg":[23.963464307393114,120.96538562546257],"image-00099.jpg":[23.963871697460068,120.96585172393125],"image-00111.jpg":[23.964036518138183,120.96605490282174],"image-00112.jpg":[23.96405193983206,120.96607372426406],"image-00125.jpg":[23.964241837400653,120.96629883407469],"image-00083.jpg":[23.963689175463063,120.9656244969558],"image-00039.jpg":[23.963350468199852,120.965261042462],"image-00062.jpg":[23.963535159628215,120.96546127704971],"image-00023.jpg":[23.963189237344587,120.96507534407552],"image-00105.jpg":[23.963949970061833,120.96595023981249],"image-00028.jpg":[23.96323876064301,120.9651329853172],"image-00120.jpg":[23.964169349071327,120.96621265792922],"image-00033.jpg":[23.96329120255938,120.96519314700834],"image-00002.jpg":[23.963012390508478,120.96485985056619],"image-00079.jpg":[23.96365206086588,120.96558292414011],"image-00027.jpg":[23.963228209293984,120.96512106181311],"image-00057.jpg":[23.96350277225557,120.96542530282969],"image-00096.jpg":[23.96383236793207,120.96580158805551],"image-00004.jpg":[23.963024342633872,120.96487450555675],"image-00109.jpg":[23.964008960234892,120.96602192357352],"image-00093.jpg":[23.963797202321985,120.96575673662159],"image-00106.jpg":[23.963964429087554,120.96596787777273],"image-00045.jpg":[23.96340601336326,120.9653231006892],"image-00016.jpg":[23.96312386244224,120.96499640526008],"image-00053.jpg":[23.963470681038356,120.96539245166545],"image-00103.jpg":[23.963924163480574,120.96591776755027],"image-00081.jpg":[23.963671171685135,120.9656041367769],"image-00061.jpg":[23.963529007014476,120.96545432743004],"image-00014.jpg":[23.963107801047332,120.96497693511375],"image-00012.jpg":[23.963090065598145,120.96495520008449],"image-00044.jpg":[23.963396982087904,120.9653131957686],"image-00116.jpg":[23.964110830367495,120.96614358349791],"image-00074.jpg":[23.963611195801718,120.96553948252107],"image-00119.jpg":[23.964157101689196,120.96619809390563],"image-00030.jpg":[23.963258352002335,120.96515583837555],"image-00073.jpg":[23.963603635138668,120.96553146640926],"image-00088.jpg":[23.963741010805247,120.96568567003268],"image-00049.jpg":[23.96343897498747,120.96535884675325],"image-00042.jpg":[23.963380094386068,120.96529459782391],"image-00055.jpg":[23.963486886809573,120.96540895809494],"image-00067.jpg":[23.96356620930807,120.96549326202005],"image-00024.jpg":[23.96319916396843,120.96508699714002],"image-00097.jpg":[23.963845268334442,120.96581788005082],"image-00086.jpg":[23.96371880311636,120.9656591690152],"image-00068.jpg":[23.96357152100806,120.96549845218095],"image-00018.jpg":[23.96314239236425,120.9650188218277],"image-00060.jpg":[23.96352265560201,120.96544721564442],"image-00007.jpg":[23.96304833655969,120.96490399772784],"image-00122.jpg":[23.964199751125413,120.96624898643844],"image-00022.jpg":[23.96317911434765,120.96506311173462],"image-00015.jpg":[23.963114882392844,120.96498560304404],"image-00063.jpg":[23.96354001567823,120.96546676645576],"image-00100.jpg":[23.963885358703074,120.96586940265173],"image-00037.jpg":[23.96333195400797,120.96523991265971],"image-00115.jpg":[23.964095355895292,120.96612530842233],"image-00087.jpg":[23.963729900342223,120.96567211110545],"image-00011.jpg":[23.963081406705484,120.96494457630811],"image-00084.jpg":[23.963699612337443,120.96563634901679],"image-00091.jpg":[23.963773304255312,120.96572588714265],"image-00047.jpg":[23.96342348317978,120.96534224011593],"image-00038.jpg":[23.963342318479384,120.96525175540464],"image-00101.jpg":[23.96389622323694,120.9658830579757],"image-00017.jpg":[23.96313303695629,120.96500761897457],"image-00006.jpg":[23.96303967661709,120.96489331225108],"image-00072.jpg":[23.96359632495064,120.96552398522952],"image-00036.jpg":[23.96332136029035,120.96522783772588],"image-00056.jpg":[23.963495114296823,120.96541712904647],"image-00107.jpg":[23.96397908028471,120.965985651088],"image-00003.jpg":[23.963015789371404,120.96486404602707],"image-00092.jpg":[23.963785074397602,120.96574122211828],"image-00121.jpg":[23.9641844634145,120.96623037682068],"image-00076.jpg":[23.963627289822664,120.96555640395849],"image-00041.jpg":[23.963370471965806,120.96528376771961],"image-00082.jpg":[23.963678988022885,120.96561310031056],"image-00032.jpg":[23.963280255330634,120.96518069067346],"image-00021.jpg":[23.963169120638106,120.9650508360483],"image-00108.jpg":[23.96399392410121,120.96600376260098],"image-00048.jpg":[23.963432099399856,120.96535150914323],"image-00026.jpg":[23.963217720533038,120.96510887086225],"image-00065.jpg":[23.96355296338335,120.9654801894203],"image-00089.jpg":[23.96375245448045,120.96569953189174],"image-00029.jpg":[23.96324953626977,120.96514560695226],"image-00071.jpg":[23.96359073668498,120.9655182473501],"image-00009.jpg":[23.963065721629267,120.96492555828819],"image-00113.jpg":[23.964067256298488,120.96609199204188],"image-00051.jpg":[23.96345600814311,120.96537687471458]}