{"image-00070.jpg":[22.96904839971691,120.19028194593113],"image-00095.jpg":[22.968681307497437,120.19023964535165],"image-00034.jpg":[22.969713149853547,120.19036244494376],"image-00102.jpg":[22.968582253292688,120.19022696222456],"image-00077.jpg":[22.968940703874072,120.19027139600858],"image-00058.jpg":[22.96925448817478,120.19030529280255],"image-00117.jpg":[22.96837770259899,120.19020310061025],"image-00008.jpg":[22.970366882605287,120.19066927211324],"image-00085.jpg":[22.968823722766267,120.1902581097566],"image-00020.jpg":[22.970010730815083,120.19040223585174],"image-00069.jpg":[22.9690644480146,120.19028319903414],"image-00013.jpg":[22.97015335810589,120.1904188857443],"image-00080.jpg":[22.968896302213892,120.19026622914649],"image-00050.jpg":[22.969396999783353,120.19032422185576],"image-00066.jpg":[22.969114102485186,120.19028773805817],"image-00005.jpg":[22.97042805297189,120.19088839923151],"image-00040.jpg":[22.969588701974008,120.1903469099172],"image-00025.jpg":[22.969904631662754,120.19038908377127],"image-00019.jpg":[22.970032046348287,120.19040509319314],"image-00094.jpg":[22.9686954887988,120.19024154816108],"image-00098.jpg":[22.96863887923015,120.19023412035612],"image-00104.jpg":[22.968554301418138,120.19022366606438],"image-00054.jpg":[22.96932557555874,120.19031512998336],"image-00124.jpg":[22.96828814657205,120.19019232918643],"image-00001.jpg":[22.97033950789791,120.19119241997953],"image-00031.jpg":[22.969776959471783,120.19037139335141],"image-00078.jpg":[22.968925736458893,120.19026975423219],"image-00110.jpg":[22.968471037483212,120.19021405619469],"image-00059.jpg":[22.969236993425604,120.19030342792306],"image-00090.jpg":[22.96875248207862,120.19024924373319],"image-00123.jpg":[22.96830086535222,120.19019386391372],"image-00118.jpg":[22.968364719537206,120.19020154489172],"image-00043.jpg":[22.969529530448686,120.19033989414456],"image-00064.jpg":[22.969148987032586,120.19029246791693],"image-00075.jpg":[22.96897063032494,120.19027458937501],"image-00035.jpg":[22.969692015004696,120.19035965316667],"image-00010.jpg":[22.97029142688695,120.19054170694248],"image-00046.jpg":[22.969471903802436,120.19033276770156],"image-00114.jpg":[22.968417364861658,120.19020794934315],"image-00052.jpg":[22.96936089113287,120.19031995791943],"image-00099.jpg":[22.968624647693954,120.19023206175936],"image-00111.jpg":[22.968457343591343,120.19021247557151],"image-00112.jpg":[22.968444039872153,120.19021103988553],"image-00125.jpg":[22.968275760055487,120.19019095499343],"image-00083.jpg":[22.96885273277541,120.19026134952719],"image-00039.jpg":[22.969609167302657,120.19034952805137],"image-00062.jpg":[22.969183837334988,120.19029652994175],"image-00023.jpg":[22.96994714859439,120.19039444987239],"image-00105.jpg":[22.968540374777678,120.19022196020674],"image-00028.jpg":[22.969840444168746,120.19038030670664],"image-00120.jpg":[22.968338908490885,120.19019821710219],"image-00033.jpg":[22.969734466625614,120.1903654175039],"image-00002.jpg":[22.97034776046121,120.19117547256482],"image-00079.jpg":[22.96891082547573,120.19026775339768],"image-00027.jpg":[22.969861864006614,120.19038348412874],"image-00057.jpg":[22.969272057326023,120.19030751369424],"image-00096.jpg":[22.968667108874037,120.19023776171578],"image-00004.jpg":[22.970428076760676,120.19097645548153],"image-00109.jpg":[22.96848466102139,120.19021541224438],"image-00093.jpg":[22.9687097073363,120.19024342624854],"image-00106.jpg":[22.968526307939214,120.19022022765223],"image-00045.jpg":[22.969491036386966,120.19033506351711],"image-00016.jpg":[22.97009425726863,120.19041221714336],"image-00053.jpg":[22.969343295931598,120.19031764058727],"image-00103.jpg":[22.968568255555837,120.19022529888733],"image-00081.jpg":[22.968881688884906,120.19026460319526],"image-00061.jpg":[22.969201788290476,120.19029886040789],"image-00014.jpg":[22.970133552047212,120.19041655573122],"image-00012.jpg":[22.97017354818555,120.19042212173296],"image-00044.jpg":[22.96951016144908,120.19033731702334],"image-00116.jpg":[22.968390846387287,120.19020471693543],"image-00074.jpg":[22.968985989422023,120.19027630833003],"image-00119.jpg":[22.968351722173104,120.19019974671068],"image-00030.jpg":[22.96979811672929,120.19037443570042],"image-00073.jpg":[22.969001100208235,120.19027771807812],"image-00088.jpg":[22.968780880482015,120.19025293709625],"image-00049.jpg":[22.969415558674118,120.19032639257478],"image-00042.jpg":[22.969549093760655,120.19034234211492],"image-00055.jpg":[22.969307978638607,120.19031261026907],"image-00067.jpg":[22.969097791268464,120.19028656078248],"image-00024.jpg":[22.969925701645998,120.19039156576554],"image-00097.jpg":[22.96865290922264,120.19023583806612],"image-00086.jpg":[22.96880932146049,120.19025639440267],"image-00068.jpg":[22.969080871939166,120.19028465097058],"image-00018.jpg":[22.970053222878565,120.19040756128412],"image-00060.jpg":[22.969219120589873,120.19030074470106],"image-00007.jpg":[22.970393118394853,120.19073820328671],"image-00122.jpg":[22.968313402147327,120.19019515609259],"image-00022.jpg":[22.969968431243764,120.19039703604213],"image-00015.jpg":[22.97011375097023,120.1904139294812],"image-00063.jpg":[22.96916632244851,120.19029456051652],"image-00100.jpg":[22.96861045370247,120.19023051102917],"image-00037.jpg":[22.969650458274213,120.19035460018159],"image-00115.jpg":[22.96840391152451,120.1902060595163],"image-00087.jpg":[22.968795055375754,120.19025463358226],"image-00011.jpg":[22.970239304200852,120.19047928774425],"image-00084.jpg":[22.968838175056376,120.19025974111943],"image-00091.jpg":[22.968738213832076,120.19024734323787],"image-00047.jpg":[22.96945294678403,120.19033056358474],"image-00038.jpg":[22.96962963921978,120.19035177980852],"image-00101.jpg":[22.968596338899225,120.19022878191356],"image-00017.jpg":[22.970074214508546,120.19041038430683],"image-00006.jpg":[22.970413475893167,120.19081125497111],"image-00072.jpg":[22.969016536600144,120.19027934734224],"image-00036.jpg":[22.969671272264215,120.1903569845473],"image-00056.jpg":[22.969289843932845,120.19031023407126],"image-00107.jpg":[22.968512324729065,120.1902183896931],"image-00003.jpg":[22.97038619908871,120.19109774322865],"image-00092.jpg":[22.968724033475628,120.19024526067838],"image-00121.jpg":[22.96832605615864,120.19019661745153],"image-00076.jpg":[22.96895542613911,120.19027298450985],"image-00041.jpg":[22.969568631083668,120.19034447086847],"image-00082.jpg":[22.96886713231317,120.19026292074324],"image-00032.jpg":[22.96975560981552,120.19036819962119],"image-00021.jpg":[22.969989567658715,120.19039961626123],"image-00108.jpg":[22.968498424643002,120.19021684892269],"image-00048.jpg":[22.969434099779683,120.19032829968863],"image-00026.jpg":[22.969883060360324,120.19038614172959],"image-00065.jpg":[22.96913174148261,120.19029046660674],"image-00089.jpg":[22.96876671355073,120.19025116254439],"image-00029.jpg":[22.969819394180547,120.19037771160004],"image-00071.jpg":[22.969032337600137,120.19028051101736],"image-00009.jpg":[22.97033207777468,120.19060787196335],"image-00113.jpg":[22.968430693124798,120.1902096025064],"image-00051.jpg":[22.969378891613434,120.19032214270399]}