{"image-00070.jpg":[22.969052001908516,120.1902651796461],"image-00095.jpg":[22.968680972812983,120.19022156320173],"image-00034.jpg":[22.96972309922305,120.19034978049072],"image-00102.jpg":[22.968580873674384,120.19020836846052],"image-00077.jpg":[22.968943183572243,120.19025437470283],"image-00058.jpg":[22.969260148113147,120.19028948413303],"image-00117.jpg":[22.96837412800298,120.19018374670567],"image-00008.jpg":[22.970376559706796,120.1906945035861],"image-00085.jpg":[22.96882497388683,120.19024064436547],"image-00020.jpg":[22.970023195097983,120.19039233827823],"image-00069.jpg":[22.969068199071625,120.19026647007894],"image-00013.jpg":[22.970166908122586,120.19041027513936],"image-00080.jpg":[22.96889830715141,120.19024904121335],"image-00050.jpg":[22.969404109465152,120.1903093086622],"image-00066.jpg":[22.969118362665288,120.19027110843007],"image-00005.jpg":[22.97043181673666,120.19094624519784],"image-00040.jpg":[22.96959758641059,120.19033322148604],"image-00025.jpg":[22.969916193749366,120.19037831270865],"image-00019.jpg":[22.97004469571769,120.19039538612616],"image-00094.jpg":[22.968695310372333,120.19022353665748],"image-00098.jpg":[22.968638082084727,120.19021583509516],"image-00104.jpg":[22.968552622962925,120.19020496299392],"image-00054.jpg":[22.96933202431891,120.19029969598478],"image-00124.jpg":[22.968283490108238,120.19017281535186],"image-00001.jpg":[22.970335568558482,120.19129288348489],"image-00031.jpg":[22.969787454184825,120.19035935352977],"image-00078.jpg":[22.968928054809496,120.19025268898784],"image-00110.jpg":[22.968468479460814,120.19019503039127],"image-00059.jpg":[22.969242519989592,120.19028747950058],"image-00090.jpg":[22.968752935967206,120.1902315136388],"image-00123.jpg":[22.96829634884135,120.19017439655482],"image-00118.jpg":[22.968360987839784,120.19018216882958],"image-00043.jpg":[22.969537888514818,120.19032578997906],"image-00064.jpg":[22.969153615809223,120.19027604381347],"image-00075.jpg":[22.968973404839836,120.19025769419457],"image-00035.jpg":[22.969701760227057,120.19034683901444],"image-00010.jpg":[22.970303434226356,120.190549432309],"image-00046.jpg":[22.969479693929497,120.19031832320826],"image-00114.jpg":[22.968414208217155,120.19018877805436],"image-00052.jpg":[22.969367666047688,120.1903048158014],"image-00099.jpg":[22.968623695577207,120.19021368755352],"image-00111.jpg":[22.968454619527545,120.19019343300624],"image-00112.jpg":[22.968441170377783,120.19019196405952],"image-00125.jpg":[22.96827096033859,120.1901714197738],"image-00083.jpg":[22.968854299154895,120.19024397076606],"image-00039.jpg":[22.969618228960513,120.1903360108031],"image-00062.jpg":[22.969188809829042,120.19028028641586],"image-00023.jpg":[22.969959097634778,120.19038399523757],"image-00105.jpg":[22.968538555652618,120.1902031823416],"image-00028.jpg":[22.96985149769429,120.19036886179072],"image-00120.jpg":[22.968334857997657,120.1901787844597],"image-00033.jpg":[22.96974459977608,120.19035295731959],"image-00002.jpg":[22.970344356492518,120.1912734144253],"image-00079.jpg":[22.968912980787685,120.19025061171834],"image-00027.jpg":[22.969873102449043,120.19037226312331],"image-00057.jpg":[22.96927790021746,120.19029179695548],"image-00096.jpg":[22.968666621576382,120.19021960446922],"image-00004.jpg":[22.970427970620968,120.19104969297189],"image-00109.jpg":[22.968482255078584,120.19019640371641],"image-00093.jpg":[22.968709682367304,120.19022548805638],"image-00106.jpg":[22.968524318328054,120.19020142153553],"image-00045.jpg":[22.969499028930702,120.1903207014443],"image-00016.jpg":[22.97010732669197,120.19040314849565],"image-00053.jpg":[22.96934992655164,120.19030233093653],"image-00103.jpg":[22.96856672360226,120.1902066536741],"image-00081.jpg":[22.968883542818816,120.19024735897035],"image-00061.jpg":[22.96920695341099,120.19028270726855],"image-00014.jpg":[22.97014697331724,120.19040772719755],"image-00012.jpg":[22.970187235302014,120.1904138095183],"image-00044.jpg":[22.96951832208463,120.19032309137353],"image-00116.jpg":[22.968387416084173,120.1901854146672],"image-00074.jpg":[22.968988922589396,120.19025947341612],"image-00119.jpg":[22.968347815033322,120.19018035522899],"image-00030.jpg":[22.96980879238176,120.19036261032564],"image-00073.jpg":[22.96900417832168,120.19026093320954],"image-00088.jpg":[22.968781641801094,120.19023534606438],"image-00049.jpg":[22.96942285485757,120.19031157042394],"image-00042.jpg":[22.969557652389092,120.19032834317775],"image-00055.jpg":[22.969314250942382,120.19029704309816],"image-00067.jpg":[22.969101906031998,120.1902698928572],"image-00024.jpg":[22.96993744597246,120.19038094994197],"image-00097.jpg":[22.968652265907544,120.1902176074899],"image-00086.jpg":[22.968810403257727,120.19023889707009],"image-00068.jpg":[22.969084810709397,120.19026791710996],"image-00018.jpg":[22.97006603328838,120.19039804517651],"image-00060.jpg":[22.969224459991757,120.19028466209198],"image-00007.jpg":[22.97040109021142,120.19077350302632],"image-00122.jpg":[22.96830904080547,120.19017568320663],"image-00022.jpg":[22.96998055151744,120.19038676796046],"image-00015.jpg":[22.970127001777232,120.19040492428357],"image-00063.jpg":[22.96917112642976,120.19027822626205],"image-00100.jpg":[22.968609365177972,120.1902120675733],"image-00037.jpg":[22.96965986608892,120.19034142664268],"image-00115.jpg":[22.968400609612473,120.1901868076859],"image-00087.jpg":[22.968795978960518,120.19023708226823],"image-00011.jpg":[22.970252203556182,120.19047871276018],"image-00084.jpg":[22.96883957634393,120.19024233232926],"image-00091.jpg":[22.96873850808941,120.1902295475665],"image-00047.jpg":[22.969460572427458,120.19031598320925],"image-00038.jpg":[22.96963887551624,120.19033840151646],"image-00101.jpg":[22.968595105054273,120.19021026730302],"image-00017.jpg":[22.97008717400709,120.19040111310238],"image-00006.jpg":[22.970420288274795,120.19085604782107],"image-00072.jpg":[22.969019806679906,120.19026255795649],"image-00036.jpg":[22.969680852913275,120.19034396981984],"image-00056.jpg":[22.96929591867329,120.19029457843453],"image-00107.jpg":[22.968510190888097,120.19019950102333],"image-00003.jpg":[22.970383540306607,120.19118703124991],"image-00092.jpg":[22.96872415672988,120.19022740142427],"image-00121.jpg":[22.968321852392073,120.19017715309207],"image-00076.jpg":[22.968958056744917,120.19025601702842],"image-00041.jpg":[22.96957733561607,120.19033063779324],"image-00082.jpg":[22.96886884195509,120.19024560375009],"image-00032.jpg":[22.969765910576186,120.19035595032902],"image-00021.jpg":[22.97000185817521,120.19038953431841],"image-00108.jpg":[22.96849614439636,120.19019791200427],"image-00048.jpg":[22.969441545399558,120.19031360497681],"image-00026.jpg":[22.969894450638876,120.19037514649642],"image-00065.jpg":[22.969136192269627,120.19027396744862],"image-00089.jpg":[22.968767314640225,120.19023352060148],"image-00029.jpg":[22.969830284947374,120.19036606722928],"image-00071.jpg":[22.96903575092803,120.19026375701185],"image-00009.jpg":[22.970343341949302,120.19062390205696],"image-00113.jpg":[22.968427673561884,120.19019050068793],"image-00051.jpg":[22.96938582173204,120.19030714047574]}