{"image-00070.jpg":[22.96906504338625,120.19027678862244],"image-00095.jpg":[22.96868015169638,120.19023632770632],"image-00034.jpg":[22.969762084688146,120.19035401291828],"image-00102.jpg":[22.968576112184707,120.190224204191],"image-00077.jpg":[22.96895243284464,120.19026666582589],"image-00058.jpg":[22.969280958270488,120.19029917703364],"image-00117.jpg":[22.968361597848137,120.19020138399287],"image-00008.jpg":[22.970477956235317,120.19064745073497],"image-00085.jpg":[22.96882982712985,120.19025394631781],"image-00020.jpg":[22.97007447140614,120.19039224556498],"image-00069.jpg":[22.969081762528017,120.19027800180108],"image-00013.jpg":[22.970223741736575,120.19040832178665],"image-00080.jpg":[22.968905871511257,120.19026172373663],"image-00050.jpg":[22.969430709815942,120.19031728228937],"image-00066.jpg":[22.969133627390956,120.19028236451649],"image-00005.jpg":[22.970570050888725,120.19085697077998],"image-00040.jpg":[22.96963160527497,120.1903390738399],"image-00025.jpg":[22.96996324812224,120.19037959454738],"image-00019.jpg":[22.97009685196247,120.1903949891989],"image-00094.jpg":[22.968695064636194,120.19023814336362],"image-00098.jpg":[22.968635563664215,120.1902310525686],"image-00104.jpg":[22.96854679410728,120.1902210518924],"image-00054.jpg":[22.969355762757033,120.19030855915545],"image-00124.jpg":[22.96826754669821,120.19019112780381],"image-00001.jpg":[22.97052068802752,120.19114662952208],"image-00031.jpg":[22.96982913698707,120.19036260241265],"image-00078.jpg":[22.968936751825144,120.19026509482154],"image-00110.jpg":[22.968459499774458,120.19021185552421],"image-00059.jpg":[22.969262675711708,120.19029737292149],"image-00090.jpg":[22.96875500868664,120.19024548455371],"image-00123.jpg":[22.968280895213738,120.19019259379934],"image-00118.jpg":[22.96834796383498,120.19019990274067],"image-00043.jpg":[22.9695696089129,120.19033232810804],"image-00064.jpg":[22.96917030835716,120.19028688274668],"image-00075.jpg":[22.968983753309097,120.19026973211777],"image-00035.jpg":[22.96973988597553,120.1903513387326],"image-00010.jpg":[22.970382797695205,120.19052566338769],"image-00046.jpg":[22.96950914811213,120.19032549971064],"image-00114.jpg":[22.968403220785746,120.19020602132727],"image-00052.jpg":[22.96939287067126,120.19031318686334],"image-00099.jpg":[22.96862057633712,120.19022908892512],"image-00111.jpg":[22.968445128289133,120.19021035027482],"image-00112.jpg":[22.96843119251141,120.19020897690372],"image-00125.jpg":[22.968254560556304,120.19018981637501],"image-00083.jpg":[22.968860230829403,120.19025704490122],"image-00039.jpg":[22.96965307363686,120.19034158979292],"image-00062.jpg":[22.969206834872388,120.19029077794292],"image-00023.jpg":[22.97000785058782,120.19038474589388],"image-00105.jpg":[22.96853218269371,120.19021941834919],"image-00028.jpg":[22.969895860642637,120.1903711525193],"image-00120.jpg":[22.968320818227888,120.19019673802887],"image-00033.jpg":[22.969784483261837,120.19035686594336],"image-00002.jpg":[22.970526907127446,120.19113046270223],"image-00079.jpg":[22.96892107240695,120.19026318519548],"image-00027.jpg":[22.96991839685551,120.19037419935958],"image-00057.jpg":[22.96929940562169,120.19030130105645],"image-00096.jpg":[22.96866522647296,120.1902345288371],"image-00004.jpg":[22.970580897548665,120.19094155856081],"image-00109.jpg":[22.968473755253065,120.19021315289905],"image-00093.jpg":[22.96871000997209,120.19023993679528],"image-00106.jpg":[22.96851740318517,120.1902177691303],"image-00045.jpg":[22.969529220442492,120.19032769563236],"image-00016.jpg":[22.97016190240601,120.190401888888],"image-00053.jpg":[22.969374408494737,120.19031095822356],"image-00103.jpg":[22.96856142649101,120.19022261451198],"image-00081.jpg":[22.96889056242687,120.19026016589179],"image-00061.jpg":[22.969225696423745,120.19029300413146],"image-00014.jpg":[22.970203025602455,120.19040606483324],"image-00012.jpg":[22.97024499539936,120.19041143435747],"image-00044.jpg":[22.96954925497077,120.19032986332695],"image-00116.jpg":[22.968375396825813,120.19020292775316],"image-00074.jpg":[22.96899984516425,120.19027137896424],"image-00119.jpg":[22.968334265427977,120.19019819848538],"image-00030.jpg":[22.969851381036257,120.19036552160894],"image-00073.jpg":[22.969015626094677,120.19027273694564],"image-00088.jpg":[22.968784850514353,120.19024901166071],"image-00049.jpg":[22.96945016488265,120.1903193625647],"image-00042.jpg":[22.969590144101385,120.19033467066535],"image-00055.jpg":[22.969337245691577,120.19030615022663],"image-00067.jpg":[22.96911665314903,120.19028122053987],"image-00024.jpg":[22.969985317925214,120.19038198305688],"image-00097.jpg":[22.968650291726366,120.190232693302],"image-00086.jpg":[22.968814708742492,120.19025231130107],"image-00068.jpg":[22.969098923295864,120.19027939146778],"image-00018.jpg":[22.970119014091317,120.19039737238819],"image-00060.jpg":[22.969243843848215,120.19029481171461],"image-00007.jpg":[22.970514190575763,120.19071334119764],"image-00122.jpg":[22.968294030799143,120.1901938243299],"image-00022.jpg":[22.970030146424822,120.19038723774304],"image-00015.jpg":[22.970182240486487,120.1904035421736],"image-00063.jpg":[22.969188491509335,120.19028888697775],"image-00100.jpg":[22.968605717992272,120.19022759925888],"image-00037.jpg":[22.969696348286607,120.19034647114846],"image-00115.jpg":[22.968389062438938,120.1902042177752],"image-00087.jpg":[22.968799729431517,120.19025063014362],"image-00011.jpg":[22.97032050674248,120.19046608134613],"image-00084.jpg":[22.96884497165065,120.190255508768],"image-00091.jpg":[22.968740004795023,120.19024367181368],"image-00047.jpg":[22.96948929561684,120.19032337830515],"image-00038.jpg":[22.969674490853098,120.19034376026369],"image-00101.jpg":[22.96859090723934,120.1902259443924],"image-00017.jpg":[22.970141033114277,120.19040009435611],"image-00006.jpg":[22.970545415478952,120.19078291053184],"image-00072.jpg":[22.969031806248445,120.1902742879094],"image-00036.jpg":[22.969718134667524,120.19034876931693],"image-00056.jpg":[22.96931818567809,120.19030388158629],"image-00107.jpg":[22.968502711193043,120.19021601163189],"image-00003.jpg":[22.970554855957303,120.19105690502002],"image-00092.jpg":[22.968725055145537,120.19024169128465],"image-00121.jpg":[22.968307313917126,120.19019521457088],"image-00076.jpg":[22.96896784761893,120.19026818883613],"image-00041.jpg":[22.96961056618504,120.19033673008984],"image-00082.jpg":[22.968875307396907,120.19025855259815],"image-00032.jpg":[22.969806663885304,120.19035954361163],"image-00021.jpg":[22.970052291003764,120.1903897235814],"image-00108.jpg":[22.96848814829309,120.19021453628184],"image-00048.jpg":[22.969469535866033,120.19032120627324],"image-00026.jpg":[22.969940601962747,120.19037676499262],"image-00065.jpg":[22.969152229243537,120.19028496623267],"image-00089.jpg":[22.968769969191655,120.19024731870665],"image-00029.jpg":[22.969873807387746,120.19036865045908],"image-00071.jpg":[22.969048254729163,120.19027541724155],"image-00009.jpg":[22.970434023851904,120.19058867891027],"image-00113.jpg":[22.96841720924501,120.19020760331452],"image-00051.jpg":[22.969411734842364,120.19031528843792]}