{"image-00070.jpg":[25.057810509416676,121.52199335511972],"image-00095.jpg":[25.05788531923381,121.52270373531047],"image-00034.jpg":[25.057703644688036,121.52112380127708],"image-00102.jpg":[25.057903057523905,121.5228972273159],"image-00077.jpg":[25.057834951792824,121.52218850282713],"image-00058.jpg":[25.057772119355693,121.5216879411027],"image-00117.jpg":[25.05795980131276,121.52330781217708],"image-00008.jpg":[25.057605712705453,121.52055339629837],"image-00085.jpg":[25.05786025822583,121.52241643359157],"image-00020.jpg":[25.057653269680294,121.52082968951565],"image-00069.jpg":[25.05780712596961,121.5219670544306],"image-00013.jpg":[25.05762317130504,121.52066894432423],"image-00080.jpg":[25.05784568022867,121.52227891960163],"image-00050.jpg":[25.057749346388935,121.52148879561409],"image-00066.jpg":[25.057797696181545,121.52189391655409],"image-00005.jpg":[25.057595363370073,121.52047891175944],"image-00040.jpg":[25.05771961936323,121.52125361466656],"image-00025.jpg":[25.057672991951602,121.52092993508018],"image-00019.jpg":[25.057647980805182,121.52080324621244],"image-00094.jpg":[25.05788291980642,121.52267536130927],"image-00098.jpg":[25.05789216707787,121.52278732605924],"image-00104.jpg":[25.05790872349733,121.52294617076561],"image-00054.jpg":[25.057760891614507,121.52158981781176],"image-00124.jpg":[25.05798691690238,121.5235011182532],"image-00001.jpg":[25.05758687805992,121.5204090636068],"image-00031.jpg":[25.057694999078638,121.52106162285048],"image-00078.jpg":[25.057838183018507,121.52221398545194],"image-00110.jpg":[25.05793136718603,121.5231097880804],"image-00059.jpg":[25.05777519930792,121.52171372455513],"image-00090.jpg":[25.057873734785197,121.52256108002928],"image-00123.jpg":[25.057983887686483,121.52347827106686],"image-00118.jpg":[25.05796380716912,121.5233365869777],"image-00043.jpg":[25.05772833611823,121.52132278197254],"image-00064.jpg":[25.05779047189132,121.52183754557478],"image-00075.jpg":[25.057827912611604,121.52212996986333],"image-00035.jpg":[25.05770638287674,121.5211453712866],"image-00010.jpg":[25.05761288935005,121.520601921649],"image-00046.jpg":[25.05773688920554,121.52138996379108],"image-00114.jpg":[25.057948007650335,121.52322581247616],"image-00052.jpg":[25.05775524052361,121.52153874595342],"image-00099.jpg":[25.057894607211963,121.52281472293396],"image-00111.jpg":[25.057935266799543,121.52313812213626],"image-00112.jpg":[25.05793939191875,121.52316712822314],"image-00125.jpg":[25.05799127528604,121.52353344207374],"image-00083.jpg":[25.057854666441333,121.52236202473918],"image-00039.jpg":[25.05771643280623,121.52122799210592],"image-00062.jpg":[25.05778457982955,121.5217908337919],"image-00023.jpg":[25.057665098517212,121.52089085401481],"image-00105.jpg":[25.05791255393955,121.52297714990169],"image-00028.jpg":[25.05768415028389,121.52099300796715],"image-00120.jpg":[25.057971935885394,121.52339357215374],"image-00033.jpg":[25.05770068609656,121.52110140115269],"image-00002.jpg":[25.0575874935073,121.52041364760865],"image-00079.jpg":[25.057841511257593,121.52224338637531],"image-00027.jpg":[25.05768061252558,121.52097186144452],"image-00057.jpg":[25.05776908116152,121.52166200226252],"image-00096.jpg":[25.057887977929873,121.52273553369614],"image-00004.jpg":[25.057591658011184,121.52044901746945],"image-00109.jpg":[25.057927236341904,121.52308125419394],"image-00093.jpg":[25.05788067629125,121.52264691438992],"image-00106.jpg":[25.057915597731792,121.52299927948718],"image-00045.jpg":[25.057734393641866,121.52137006985079],"image-00016.jpg":[25.05763503061348,121.52073481269821],"image-00053.jpg":[25.05775810401887,121.52156411080216],"image-00103.jpg":[25.057906130735716,121.52292403616832],"image-00081.jpg":[25.057848215854722,121.52230336833651],"image-00061.jpg":[25.057781370043408,121.5217651472844],"image-00014.jpg":[25.05762748462771,121.52069223906878],"image-00012.jpg":[25.057619408519365,121.52064561531485],"image-00044.jpg":[25.05773092879854,121.5213424220241],"image-00116.jpg":[25.057955610158118,121.52327877131009],"image-00074.jpg":[25.057824464251023,121.52210182522],"image-00119.jpg":[25.05796851317459,121.52336978160254],"image-00030.jpg":[25.057691091517338,121.52103606706277],"image-00073.jpg":[25.057820749667773,121.52207362392369],"image-00088.jpg":[25.0578687536056,121.52250364131379],"image-00049.jpg":[25.057746278434156,121.5214640458586],"image-00042.jpg":[25.057724865344497,121.52129524054672],"image-00055.jpg":[25.05776333030475,121.52161088352868],"image-00067.jpg":[25.05780040333713,121.52191524603509],"image-00024.jpg":[25.057669317995643,121.52091201523919],"image-00097.jpg":[25.057889947775028,121.52275941956543],"image-00086.jpg":[25.05786354012575,121.52245012643331],"image-00068.jpg":[25.057804305530922,121.52194544657314],"image-00018.jpg":[25.057643329707275,121.5207804030016],"image-00060.jpg":[25.057778307044053,121.5217394543507],"image-00007.jpg":[25.057601478909,121.52052459615794],"image-00122.jpg":[25.0579799135379,121.52345024691687],"image-00022.jpg":[25.057660825140083,121.52086937980734],"image-00015.jpg":[25.05763156033349,121.52071563415815],"image-00063.jpg":[25.057787812914977,121.52181628201458],"image-00100.jpg":[25.057897108369637,121.52284254837518],"image-00037.jpg":[25.057711746069227,121.52118858331605],"image-00115.jpg":[25.05795148169332,121.52324995767127],"image-00087.jpg":[25.057865899185078,121.52247444726976],"image-00011.jpg":[25.057615777665387,121.52062198520295],"image-00084.jpg":[25.05785785773347,121.52239200826021],"image-00091.jpg":[25.057876627333542,121.52259477040639],"image-00047.jpg":[25.05774001044364,121.52141445970952],"image-00038.jpg":[25.057714286859536,121.52121003951686],"image-00101.jpg":[25.05789958518902,121.52286543453282],"image-00017.jpg":[25.057640027775903,121.52076183662794],"image-00006.jpg":[25.05759874895688,121.52050387676361],"image-00072.jpg":[25.057817392009458,121.52204663909961],"image-00036.jpg":[25.05770908270197,121.52116702306826],"image-00056.jpg":[25.0577662379725,121.52163656437166],"image-00107.jpg":[25.057919557938796,121.52302632978838],"image-00003.jpg":[25.057589190837827,121.5204270082516],"image-00092.jpg":[25.057878527639804,121.5226182859298],"image-00121.jpg":[25.057975947801218,121.52342199707799],"image-00076.jpg":[25.057830778125837,121.52215384620203],"image-00041.jpg":[25.057721928026805,121.52127233154002],"image-00082.jpg":[25.057851674898096,121.52233320391137],"image-00032.jpg":[25.057697609851136,121.52107963506538],"image-00021.jpg":[25.057656710982034,121.52084789188676],"image-00108.jpg":[25.05792289796003,121.52305317009959],"image-00048.jpg":[25.057743166036275,121.52143919313471],"image-00026.jpg":[25.057677552602694,121.5209544160131],"image-00065.jpg":[25.05779381746879,121.5218636380087],"image-00089.jpg":[25.057871440193725,121.52253675531955],"image-00029.jpg":[25.057688252461737,121.52101796664803],"image-00071.jpg":[25.057813956434703,121.52201965271213],"image-00009.jpg":[25.057608638453935,121.52057373022936],"image-00113.jpg":[25.05794294095485,121.5231916075881],"image-00051.jpg":[25.057752334935355,121.52151391043981]}