{"image-00070.jpg":[25.05782686771144,121.5220230453001],"image-00095.jpg":[25.057896860247492,121.52273400365783],"image-00034.jpg":[25.057725311164308,121.52115308738445],"image-00102.jpg":[25.057913215730093,121.52292781521476],"image-00077.jpg":[25.057850146806327,121.522218311085],"image-00058.jpg":[25.05779026097095,121.52171733536969],"image-00117.jpg":[25.057967868289907,121.52333908123349],"image-00008.jpg":[25.057629588396452,121.52058225359929],"image-00085.jpg":[25.0578739721753,121.52244645278644],"image-00020.jpg":[25.057676132596416,121.52085893945616],"image-00069.jpg":[25.057823646259237,121.52199676122467],"image-00013.jpg":[25.057646476493726,121.52069782426709],"image-00080.jpg":[25.057860320494314,121.5223088199399],"image-00050.jpg":[25.05776876623505,121.52151805310567],"image-00066.jpg":[25.057814612942046,121.52192348083038],"image-00005.jpg":[25.057619698817376,121.52050793970456],"image-00040.jpg":[25.05774048651063,121.52128293336885],"image-00025.jpg":[25.05769561123867,121.52095938097474],"image-00019.jpg":[25.05767092522644,121.52083251928838],"image-00094.jpg":[25.057894694884144,121.52270566240074],"image-00098.jpg":[25.057903093642118,121.5228177995796],"image-00104.jpg":[25.0579185976473,121.52297688834695],"image-00054.jpg":[25.05777966020108,121.52161913569205],"image-00124.jpg":[25.057993869269737,121.52353218289824],"image-00001.jpg":[25.05761175117906,121.52043843912107],"image-00031.jpg":[25.057717014993198,121.52109093028004],"image-00078.jpg":[25.05785323042653,121.52224381820977],"image-00110.jpg":[25.057940457905197,121.52314094966212],"image-00059.jpg":[25.057793169915563,121.5217430963122],"image-00090.jpg":[25.057886414751678,121.52259130337475],"image-00123.jpg":[25.057990977359665,121.52350935214574],"image-00118.jpg":[25.05797170791885,121.52336782927856],"image-00043.jpg":[25.057748780449035,121.52135209684971],"image-00064.jpg":[25.057807703720023,121.52186702688184],"image-00075.jpg":[25.05784347740207,121.52215977108895],"image-00035.jpg":[25.057727922532255,121.52117467099632],"image-00010.jpg":[25.057636499252393,121.52063071964619],"image-00046.jpg":[25.0577569027736,121.5214191899904],"image-00114.jpg":[25.057956521352793,121.52325712114273],"image-00052.jpg":[25.057774342451044,121.52156801878006],"image-00099.jpg":[25.05790531793654,121.52284518163793],"image-00111.jpg":[25.057944234574418,121.52316940923347],"image-00112.jpg":[25.057948210214875,121.52319843900278],"image-00125.jpg":[25.05799803877241,121.52356449118969],"image-00083.jpg":[25.057868750617573,121.52239198252889],"image-00039.jpg":[25.057737452695584,121.52125729174287],"image-00062.jpg":[25.05780208431945,121.52182027272538],"image-00023.jpg":[25.0576878118867,121.52092025239679],"image-00105.jpg":[25.05792228247964,121.52300803283774],"image-00028.jpg":[25.057706494524396,121.52102234029118],"image-00120.jpg":[25.057979523125304,121.52342478657314],"image-00033.jpg":[25.057722480172608,121.52113067657815],"image-00002.jpg":[25.057612329154086,121.52044298336358],"image-00079.jpg":[25.057856362793864,121.52227321915834],"image-00027.jpg":[25.05770303997534,121.52100116797148],"image-00057.jpg":[25.057787388131082,121.521691385961],"image-00096.jpg":[25.0578992973093,121.52276591470729],"image-00004.jpg":[25.057616229551073,121.52047822696419],"image-00109.jpg":[25.057936486940484,121.52311244952335],"image-00093.jpg":[25.057892656123038,121.52267711657444],"image-00106.jpg":[25.057925226888905,121.52303024880831],"image-00045.jpg":[25.05775453439869,121.5213993151709],"image-00016.jpg":[25.057658145660973,121.52076388686818],"image-00053.jpg":[25.057777042957277,121.52159340620895],"image-00103.jpg":[25.05791611672382,121.5229546407505],"image-00081.jpg":[25.057862700383115,121.52233333044515],"image-00061.jpg":[25.05779902779145,121.5217945699948],"image-00014.jpg":[25.05765074514173,121.520721249253],"image-00012.jpg":[25.057642786195956,121.52067437619478],"image-00044.jpg":[25.057751243276176,121.52137168257377],"image-00116.jpg":[25.057963832961267,121.52331004816158],"image-00074.jpg":[25.05784019479436,121.5221315902111],"image-00119.jpg":[25.05797622797926,121.5234010004122],"image-00030.jpg":[25.057713242978885,121.52106541004862],"image-00073.jpg":[25.05783664911236,121.52210340324504],"image-00088.jpg":[25.057881854383595,121.52253376188955],"image-00049.jpg":[25.057765846047335,121.52149328417617],"image-00042.jpg":[25.057745482418586,121.52132457251379],"image-00055.jpg":[25.057781970700102,121.52164023617209],"image-00067.jpg":[25.057817207913004,121.52194487082413],"image-00024.jpg":[25.05769199325156,121.52094149350677],"image-00097.jpg":[25.057901077696183,121.52278980780741],"image-00086.jpg":[25.057877019050817,121.52248019151222],"image-00068.jpg":[25.057820938103035,121.52197509942471],"image-00018.jpg":[25.05766627560774,121.52080946392286],"image-00060.jpg":[25.057796115488188,121.52176882846021],"image-00007.jpg":[25.057625508710476,121.52055347171535],"image-00122.jpg":[25.057987161954536,121.52348135427653],"image-00022.jpg":[25.05768360191406,121.52089878368923],"image-00015.jpg":[25.05765471861891,121.52074461138247],"image-00063.jpg":[25.05780517081029,121.52184574733664],"image-00100.jpg":[25.05790761286315,121.52287303461006],"image-00037.jpg":[25.05773302323698,121.52121789950178],"image-00115.jpg":[25.05795985534414,121.52328122420698],"image-00087.jpg":[25.05787920166427,121.52250452286857],"image-00011.jpg":[25.057639269089762,121.5206507405428],"image-00084.jpg":[25.057871732539414,121.52242196367857],"image-00091.jpg":[25.057889026836317,121.52262493901024],"image-00047.jpg":[25.05775987737098,121.52144369022389],"image-00038.jpg":[25.057735423623075,121.52123934723554],"image-00101.jpg":[25.057909950914187,121.52289598733495],"image-00017.jpg":[25.057663038522932,121.52079087639672],"image-00006.jpg":[25.057622903166163,121.52053276407096],"image-00072.jpg":[25.057833439411446,121.52207635275381],"image-00036.jpg":[25.057730490760285,121.52119632879949],"image-00056.jpg":[25.05778470816377,121.52166592011201],"image-00107.jpg":[25.057929067126565,121.5230573725298],"image-00003.jpg":[25.057613936770665,121.52045631257181],"image-00092.jpg":[25.057890747377122,121.52264849178212],"image-00121.jpg":[25.057983368911735,121.52345316964434],"image-00076.jpg":[25.057846198792987,121.52218367508021],"image-00041.jpg":[25.05774268631224,121.52130167680295],"image-00082.jpg":[25.057865964968183,121.52236316857338],"image-00032.jpg":[25.057719522679104,121.52110891305747],"image-00021.jpg":[25.057679529255164,121.52087719787957],"image-00108.jpg":[25.05793227853887,121.52308434404091],"image-00048.jpg":[25.057762884726287,121.52146842674263],"image-00026.jpg":[25.057700060149227,121.5209837641138],"image-00065.jpg":[25.05781090774061,121.5218931726688],"image-00089.jpg":[25.05788429327808,121.52256694605305],"image-00029.jpg":[25.057710492179545,121.52104731847089],"image-00071.jpg":[25.057830169055258,121.52204937420606],"image-00009.jpg":[25.05763239470406,121.52060254678555],"image-00113.jpg":[25.0579516308046,121.52322291958549],"image-00051.jpg":[25.0577715947477,121.52154317106479]}