{"image-00070.jpg":[25.057890515797936,121.52228629244559],"image-00095.jpg":[25.057914675562696,121.52280664169524],"image-00034.jpg":[25.05784590023974,121.52164919480757],"image-00102.jpg":[25.057918663099418,121.52294832559049],"image-00077.jpg":[25.057900981698594,121.5224292699385],"image-00058.jpg":[25.057873999689413,121.52206254768224],"image-00117.jpg":[25.05794592694199,121.52324909974124],"image-00008.jpg":[25.057789240133012,121.52123112686289],"image-00085.jpg":[25.05791001657953,121.52259623144681],"image-00020.jpg":[25.057816807442233,121.52143359610315],"image-00069.jpg":[25.057889018078203,121.52226701610547],"image-00013.jpg":[25.05779837442591,121.5213158123288],"image-00080.jpg":[25.057905244701175,121.52249550396944],"image-00050.jpg":[25.05786545526109,121.52191665893442],"image-00066.jpg":[25.0578848287494,121.52221344781914],"image-00005.jpg":[25.05778424624828,121.52117650738995],"image-00040.jpg":[25.057852580842127,121.52174431064202],"image-00025.jpg":[25.057829239155527,121.52150706257117],"image-00019.jpg":[25.057813444581107,121.52141420184009],"image-00094.jpg":[25.05791429098854,121.52278585100692],"image-00098.jpg":[25.05791559713194,121.52286783254775],"image-00104.jpg":[25.05792083322113,121.52298416263991],"image-00054.jpg":[25.057869782570297,121.52199066679302],"image-00124.jpg":[25.05795914654754,121.5233908096981],"image-00001.jpg":[25.05778076752927,121.52112525983057],"image-00031.jpg":[25.057841722802927,121.52160362239087],"image-00078.jpg":[25.057902387426967,121.52244793864514],"image-00110.jpg":[25.057931732122196,121.52310398767564],"image-00059.jpg":[25.05787523459274,121.52208144453897],"image-00090.jpg":[25.057913209400713,121.5227021561789],"image-00123.jpg":[25.057957756787225,121.52337406336511],"image-00118.jpg":[25.057947864841488,121.52327019322766],"image-00043.jpg":[25.057856341878303,121.52179499579273],"image-00064.jpg":[25.057881643401434,121.52217215524537],"image-00075.jpg":[25.057898130587358,121.5223863814546],"image-00035.jpg":[25.057847092945394,121.52166499838634],"image-00010.jpg":[25.05779292198449,121.52126670338812],"image-00046.jpg":[25.05786007844979,121.52184424286123],"image-00114.jpg":[25.057940031601458,121.52318899409377],"image-00052.jpg":[25.05786777727519,121.52195325604458],"image-00099.jpg":[25.05791609019753,121.52288790486048],"image-00111.jpg":[25.057933599185393,121.52312472865995],"image-00112.jpg":[25.057935639347914,121.52314598253247],"image-00125.jpg":[25.057961184466603,121.52341450113221],"image-00083.jpg":[25.057908301610478,121.52255638145724],"image-00039.jpg":[25.057851229019903,121.52172553887814],"image-00062.jpg":[25.057879097253853,121.52213793374936],"image-00023.jpg":[25.057824191776856,121.52147841455067],"image-00105.jpg":[25.057922448754546,121.5230068316256],"image-00028.jpg":[25.05783582542424,121.52155332372598],"image-00120.jpg":[25.057951895631188,121.52331196292556],"image-00033.jpg":[25.057844548497073,121.521632781625],"image-00002.jpg":[25.057781053137717,121.52112862673951],"image-00079.jpg":[25.057903615226685,121.52246948072285],"image-00027.jpg":[25.0578338160528,121.52153782725487],"image-00057.jpg":[25.057872816047357,121.5220435437009],"image-00096.jpg":[25.057915079713183,121.52282991275133],"image-00004.jpg":[25.05778268547914,121.52115456719545],"image-00109.jpg":[25.057929654593245,121.52308306840676],"image-00093.jpg":[25.057914062307116,121.52276503318738],"image-00106.jpg":[25.057923904861195,121.5230230330416],"image-00045.jpg":[25.057859008424856,121.52182966138321],"image-00016.jpg":[25.057805461966304,121.52136406517829],"image-00053.jpg":[25.057868829189538,121.52197183643085],"image-00103.jpg":[25.057919820841715,121.52296796560381],"image-00081.jpg":[25.057906038586232,121.52251340423848],"image-00061.jpg":[25.057877727031997,121.52211911441572],"image-00014.jpg":[25.057800999531686,121.5213328662209],"image-00012.jpg":[25.057796293769684,121.52129873481051],"image-00044.jpg":[25.057857524461358,121.52180939880913],"image-00116.jpg":[25.05794382482501,121.52322781392972],"image-00074.jpg":[25.057896696345452,121.52236576509438],"image-00119.jpg":[25.057950184062552,121.52329452583069],"image-00030.jpg":[25.05783965783046,121.52158488435566],"image-00073.jpg":[25.05789500504864,121.52234509584565],"image-00088.jpg":[25.057912305573605,121.52266010031224],"image-00049.jpg":[25.057864159348014,121.52189852679305],"image-00042.jpg":[25.0578548447086,121.52177481071078],"image-00055.jpg":[25.05787071609555,121.52200609529059],"image-00067.jpg":[25.05788600866497,121.52222906623211],"image-00024.jpg":[25.057826872148397,121.52149391586116],"image-00097.jpg":[25.057915354901986,121.52284740783227],"image-00086.jpg":[25.057910900768892,121.52262090599137],"image-00068.jpg":[25.057887746186875,121.5222511919284],"image-00018.jpg":[25.057810453933335,121.52139749192628],"image-00060.jpg":[25.05787650107901,121.52210029754252],"image-00007.jpg":[25.05778707978137,121.5212100153604],"image-00122.jpg":[25.05795579778784,121.52335351960892],"image-00022.jpg":[25.05782148187268,121.52146266744253],"image-00015.jpg":[25.05780338051807,121.52135002327958],"image-00063.jpg":[25.057880507210523,121.52215657687586],"image-00100.jpg":[25.05791661432376,121.52290828315832],"image-00037.jpg":[25.05784936173424,121.52169665957601],"image-00115.jpg":[25.057941768221568,121.52320669832449],"image-00087.jpg":[25.05791152877166,121.52263872132963],"image-00011.jpg":[25.057794366211095,121.52128141601344],"image-00084.jpg":[25.057909354013944,121.52257834956116],"image-00091.jpg":[25.05791370855944,121.52272684567885],"image-00047.jpg":[25.057861444181203,121.52186219239002],"image-00038.jpg":[25.057850367650826,121.52171238279828],"image-00101.jpg":[25.057917459308204,121.52292503843971],"image-00017.jpg":[25.057808497046395,121.52138388467938],"image-00006.jpg":[25.05778583648794,121.52119482965473],"image-00072.jpg":[25.057893578706313,121.52232533466639],"image-00036.jpg":[25.057848242047566,121.52168086302308],"image-00056.jpg":[25.057871789089848,121.52202491100154],"image-00107.jpg":[25.057925919919818,121.5230428447213],"image-00003.jpg":[25.057781792328836,121.52113842320566],"image-00092.jpg":[25.05791394169392,121.52274406345924],"image-00121.jpg":[25.057953863569704,121.52333280325755],"image-00076.jpg":[25.057899288322442,121.52240387142317],"image-00041.jpg":[25.05785354981698,121.5217580205745],"image-00082.jpg":[25.057907364909074,121.52253526484704],"image-00032.jpg":[25.057843037062053,121.52161682922637],"image-00021.jpg":[25.057818927557012,121.52144693114604],"image-00108.jpg":[25.05792734037393,121.52306248758202],"image-00048.jpg":[25.057862827158356,121.52188031622495],"image-00026.jpg":[25.05783202051098,121.52152503003285],"image-00065.jpg":[25.057883119745565,121.52219126548312],"image-00089.jpg":[25.05791264466764,121.52268434264835],"image-00029.jpg":[25.057838124629402,121.52157161542236],"image-00071.jpg":[25.057892077262974,121.52230555775563],"image-00009.jpg":[25.05779070240189,121.52124603726489],"image-00113.jpg":[25.05793742736527,121.52316392354274],"image-00051.jpg":[25.05786664727215,121.52193506084976]}