{"image-00070.jpg":[24.749833789516586,121.0964257106051],"image-00095.jpg":[24.749758974321047,121.09637021674759],"image-00034.jpg":[24.75006413484155,121.09659549788867],"image-00102.jpg":[24.749752115820463,121.09636522810963],"image-00077.jpg":[24.74980405737396,121.09640337196097],"image-00111.jpg":[24.74974909104681,121.0963631297039],"image-00117.jpg":[24.7497487923918,121.09636289444822],"image-00008.jpg":[24.75024808002694,121.0967074128351],"image-00085.jpg":[24.749778582705773,121.09638442883998],"image-00020.jpg":[24.750167761041777,121.09666936324035],"image-00069.jpg":[24.749838724188745,121.0964290825101],"image-00013.jpg":[24.75022909410427,121.09669918924568],"image-00080.jpg":[24.749793498611123,121.09639548939853],"image-00050.jpg":[24.74995598398959,121.09651533430161],"image-00066.jpg":[24.74985374872015,121.09644039530215],"image-00005.jpg":[24.750250566436765,121.09670712955109],"image-00040.jpg":[24.750025623897777,121.09656737433724],"image-00025.jpg":[24.750124508243978,121.09663638786299],"image-00019.jpg":[24.75017675257545,121.09667699484343],"image-00094.jpg":[24.749760402295365,121.0963712014568],"image-00098.jpg":[24.749755402981783,121.09636764642691],"image-00104.jpg":[24.74975099409744,121.09636445198069],"image-00054.jpg":[24.7499280919782,121.0964950925214],"image-00124.jpg":[24.74974872833138,121.09636285924597],"image-00001.jpg":[24.75025151804784,121.09670773260581],"image-00031.jpg":[24.750082685548584,121.0966077181968],"image-00078.jpg":[24.74980037893082,121.0964007142993],"image-00110.jpg":[24.749749254331242,121.09636320780041],"image-00059.jpg":[24.74989580029857,121.09647100597549],"image-00090.jpg":[24.749767135018605,121.09637621910662],"image-00123.jpg":[24.749748739638022,121.0963628606249],"image-00118.jpg":[24.749748786105407,121.09636288103351],"image-00043.jpg":[24.7500050507385,121.09655162715654],"image-00064.jpg":[24.749865005231204,121.09644858708245],"image-00075.jpg":[24.749811695153102,121.09640925566953],"image-00035.jpg":[24.7500574363612,121.09659083483722],"image-00010.jpg":[24.750244664918878,121.09670704027481],"image-00046.jpg":[24.749984394979418,121.09653628246068],"image-00114.jpg":[24.749748851221952,121.09636295881378],"image-00052.jpg":[24.74994194606986,121.09650518717285],"image-00099.jpg":[24.749754430729013,121.09636693935273],"image-00058.jpg":[24.74990204868404,121.09647565959642],"image-00112.jpg":[24.749748925837263,121.09636301802058],"image-00125.jpg":[24.749748716050714,121.09636285943864],"image-00083.jpg":[24.749784098824986,121.09638844096318],"image-00039.jpg":[24.750032137848017,121.09657228425853],"image-00062.jpg":[24.749876941204842,121.09645737604268],"image-00023.jpg":[24.75014059590138,121.0966488131115],"image-00105.jpg":[24.749750538297306,121.09636414847857],"image-00028.jpg":[24.750102805314224,121.09662245743621],"image-00120.jpg":[24.749748769141597,121.09636286835187],"image-00033.jpg":[24.75006993823424,121.09660021976683],"image-00002.jpg":[24.750251485671164,121.09670762006672],"image-00079.jpg":[24.749796861492733,121.09639818884995],"image-00027.jpg":[24.750110114065617,121.09662677503209],"image-00057.jpg":[24.749908485572984,121.0964804066826],"image-00096.jpg":[24.749757695629388,121.09636929094714],"image-00004.jpg":[24.750251541154412,121.09670625425129],"image-00109.jpg":[24.749749412067587,121.09636332097335],"image-00093.jpg":[24.749761913376325,121.0963723209944],"image-00106.jpg":[24.749750097369713,121.09636387401684],"image-00045.jpg":[24.749991471520303,121.09654157427633],"image-00016.jpg":[24.750207059039187,121.09670157209047],"image-00053.jpg":[24.749934881582494,121.09650014245922],"image-00103.jpg":[24.749751510634077,121.09636480702378],"image-00081.jpg":[24.74979022966378,121.09639302799164],"image-00061.jpg":[24.74988343416663,121.09646171834679],"image-00014.jpg":[24.750226483330266,121.0967029955311],"image-00012.jpg":[24.75023810917416,121.09670847142979],"image-00044.jpg":[24.749998027098748,121.09654644915402],"image-00116.jpg":[24.749748796493716,121.09636291504015],"image-00074.jpg":[24.749815898319607,121.09641237456891],"image-00119.jpg":[24.749748778314032,121.09636287223006],"image-00030.jpg":[24.750089219410082,121.09661224424343],"image-00073.jpg":[24.749820324583013,121.09641578056895],"image-00088.jpg":[24.749771430091037,121.0963792590999],"image-00049.jpg":[24.749963142952907,121.09652042676197],"image-00042.jpg":[24.75001179521842,121.09655693992758],"image-00055.jpg":[24.749921359848678,121.09649015931156],"image-00067.jpg":[24.749848713844653,121.09643645803067],"image-00024.jpg":[24.750132277122933,121.09664238359251],"image-00097.jpg":[24.749756529817628,121.09636843014937],"image-00086.jpg":[24.74977610985108,121.09638256149782],"image-00068.jpg":[24.749843637209697,121.09643264793436],"image-00018.jpg":[24.750186845209722,121.09668470859503],"image-00060.jpg":[24.749889662845177,121.0964663179796],"image-00007.jpg":[24.750248056124658,121.09670663089912],"image-00122.jpg":[24.74974875002171,121.0963628624053],"image-00022.jpg":[24.750149312387936,121.09665541086137],"image-00015.jpg":[24.75021946813862,121.0967106543566],"image-00063.jpg":[24.749870721097356,121.09645296263709],"image-00100.jpg":[24.74975354979483,121.09636630520578],"image-00037.jpg":[24.750046432223247,121.09658182577334],"image-00115.jpg":[24.749748804738136,121.09636293957062],"image-00087.jpg":[24.7497736774591,121.09638089640153],"image-00011.jpg":[24.750241423378572,121.09670815026072],"image-00084.jpg":[24.749781280407916,121.09638637967299],"image-00091.jpg":[24.74976528346327,121.09637481310267],"image-00047.jpg":[24.74997736678311,121.09653107697883],"image-00038.jpg":[24.750039592139498,121.09657760314522],"image-00101.jpg":[24.749752783704114,121.09636575028497],"image-00017.jpg":[24.750196916336783,121.09669282906259],"image-00006.jpg":[24.750249163648906,121.09670814079931],"image-00072.jpg":[24.749824751822093,121.09641909893165],"image-00036.jpg":[24.750051708071712,121.09658627754926],"image-00056.jpg":[24.749914791647964,121.0964852512198],"image-00107.jpg":[24.749749785256892,121.09636367855877],"image-00003.jpg":[24.75025141623387,121.09670713902595],"image-00092.jpg":[24.749763533063007,121.09637351721909],"image-00121.jpg":[24.749748759533297,121.09636286509198],"image-00076.jpg":[24.749807778421662,121.09640625291595],"image-00041.jpg":[24.75001869509625,121.09656245719003],"image-00082.jpg":[24.74978708455975,121.09639066770814],"image-00032.jpg":[24.750076130986027,121.09660392396107],"image-00021.jpg":[24.750158203213296,121.09666221958923],"image-00108.jpg":[24.749749580771482,121.0963634708882],"image-00048.jpg":[24.74997013954795,121.09652559741971],"image-00026.jpg":[24.750116513469564,121.09663106745344],"image-00065.jpg":[24.749859229757135,121.09644440127346],"image-00089.jpg":[24.749769210564594,121.09637769636856],"image-00029.jpg":[24.75009601002538,121.0966173261162],"image-00071.jpg":[24.7498290923639,121.09642229131671],"image-00009.jpg":[24.75024569251475,121.09670885870733],"image-00113.jpg":[24.74974890293506,121.09636298382361],"image-00051.jpg":[24.74994888232309,121.09651031804265]}