{"image-00070.jpg":[24.749100020809756,121.09555626271074],"image-00095.jpg":[24.749322360632764,121.09585160731928],"image-00034.jpg":[24.748421305367323,121.09465280556496],"image-00102.jpg":[24.74934243237519,121.09587840770139],"image-00077.jpg":[24.7491892074849,121.09567434601828],"image-00111.jpg":[24.749350983505305,121.09588996672022],"image-00117.jpg":[24.749351918915888,121.09589118931389],"image-00008.jpg":[24.747953466110758,121.09399678917791],"image-00085.jpg":[24.749265154169308,121.09577514870556],"image-00020.jpg":[24.748121215187822,121.09425024825572],"image-00069.jpg":[24.749086333070593,121.09553766591056],"image-00013.jpg":[24.74798974282254,121.094053449727],"image-00080.jpg":[24.749220781664185,121.09571621086663],"image-00050.jpg":[24.748741534219164,121.0950784156753],"image-00066.jpg":[24.74904126682578,121.095478019592],"image-00005.jpg":[24.747953681440762,121.09399395139044],"image-00040.jpg":[24.748533954905085,121.0948031249016],"image-00025.jpg":[24.748254943876887,121.09442624801397],"image-00019.jpg":[24.748090429170038,121.09421086875454],"image-00094.jpg":[24.749318371597262,121.0958462009801],"image-00098.jpg":[24.749332732085563,121.0958654934627],"image-00104.jpg":[24.749345584950643,121.09588267447378],"image-00054.jpg":[24.748822690934272,121.0951868972848],"image-00124.jpg":[24.749352066974225,121.09589140379416],"image-00001.jpg":[24.74795106229564,121.09399034708262],"image-00031.jpg":[24.748371528727997,121.09458444988738],"image-00078.jpg":[24.749199932729077,121.09568868930248],"image-00110.jpg":[24.749350648118273,121.09588945867361],"image-00059.jpg":[24.748918847904466,121.09531447568531],"image-00090.jpg":[24.749298254938818,121.09581951754517],"image-00123.jpg":[24.749352057931887,121.09589138157243],"image-00118.jpg":[24.74935196878296,121.09589124272043],"image-00043.jpg":[24.748596694668294,121.09488577150209],"image-00064.jpg":[24.749008519151012,121.09543426507969],"image-00075.jpg":[24.74916578018602,121.09564353876887],"image-00035.jpg":[24.74843991547368,121.09467800749789],"image-00010.jpg":[24.747955858614848,121.09400314496025],"image-00046.jpg":[24.748657910298288,121.09496709271998],"image-00114.jpg":[24.749351675248807,121.09589089522285],"image-00052.jpg":[24.748782246312913,121.09513289397987],"image-00099.jpg":[24.749335572664965,121.09586928718937],"image-00058.jpg":[24.748900272760544,121.09528981939246],"image-00112.jpg":[24.749351438374124,121.09589058645402],"image-00125.jpg":[24.74935207133185,121.09589142306098],"image-00083.jpg":[24.749249028546,121.09575361427368],"image-00039.jpg":[24.748514406824427,121.09477725898358],"image-00062.jpg":[24.748973203587283,121.09538727127978],"image-00023.jpg":[24.748204865606205,121.09436053337801],"image-00105.jpg":[24.74934683244977,121.09588437969623],"image-00028.jpg":[24.748312079653708,121.09450526269912],"image-00120.jpg":[24.749352019845155,121.09589131035622],"image-00033.jpg":[24.748402570695706,121.09462853194765],"image-00002.jpg":[24.747951494425227,121.093990787952],"image-00079.jpg":[24.74921006321011,121.09570227273346],"image-00027.jpg":[24.74829418254135,121.09447988884304],"image-00057.jpg":[24.748881221479305,121.09526447578392],"image-00096.jpg":[24.749326110636414,121.09585661691492],"image-00004.jpg":[24.74795644607285,121.09399528528948],"image-00109.jpg":[24.749350190770436,121.09588884590036],"image-00093.jpg":[24.749313878380107,121.09584023165777],"image-00106.jpg":[24.74934797564838,121.09588597212243],"image-00045.jpg":[24.748636835648778,121.09493914390785],"image-00016.jpg":[24.74798998387452,121.09408099238016],"image-00053.jpg":[24.748802479640492,121.095160067618],"image-00103.jpg":[24.749344142962936,121.09588071894115],"image-00081.jpg":[24.749230641824393,121.09572925243623],"image-00061.jpg":[24.748955787422528,121.09536341083498],"image-00014.jpg":[24.74797703278567,121.09404498948174],"image-00012.jpg":[24.747953188861732,121.09400878407729],"image-00044.jpg":[24.748617362959827,121.09491328718781],"image-00116.jpg":[24.749351845109878,121.09589111686122],"image-00074.jpg":[24.749153436046363,121.09562711876818],"image-00119.jpg":[24.74935200275582,121.09589128340653],"image-00030.jpg":[24.748353314774462,121.09455977601601],"image-00073.jpg":[24.749139907325894,121.09560931786743],"image-00088.jpg":[24.749285969400926,121.09580299076893],"image-00049.jpg":[24.74872107744159,121.09505091611572],"image-00042.jpg":[24.748575518419848,121.09485810173373],"image-00055.jpg":[24.748842425066094,121.0952132086449],"image-00067.jpg":[24.749056887456007,121.09549848234892],"image-00024.jpg":[24.748230775267928,121.09439452685015],"image-00097.jpg":[24.74932956494155,121.09586121062085],"image-00086.jpg":[24.749272636277155,121.09578503654895],"image-00068.jpg":[24.749071991964165,121.09551850386288],"image-00018.jpg":[24.74805875676522,121.0941692721114],"image-00060.jpg":[24.748937510097257,121.09533907637339],"image-00007.jpg":[24.747956447336946,121.09399959819453],"image-00122.jpg":[24.749352047683537,121.09589135935417],"image-00022.jpg":[24.74817819983706,121.09432535386686],"image-00015.jpg":[24.74795221795546,121.0940308626377],"image-00063.jpg":[24.748991000373298,121.09541120114739],"image-00100.jpg":[24.74933811212833,121.0958726903595],"image-00037.jpg":[24.748475711801795,121.09472430243295],"image-00115.jpg":[24.749351755757807,121.09589102505194],"image-00087.jpg":[24.749279389848677,121.09579420834471],"image-00011.jpg":[24.74795310317055,121.09400461696183],"image-00084.jpg":[24.749257303373703,121.09576464853058],"image-00091.jpg":[24.74930388667916,121.09582694853759],"image-00047.jpg":[24.74867862263628,121.09499464057325],"image-00038.jpg":[24.74849301324173,121.09474853132224],"image-00101.jpg":[24.749340357221342,121.09587568960637],"image-00017.jpg":[24.748025435581418,121.09412613867767],"image-00006.jpg":[24.747950507566063,121.09399274949975],"image-00072.jpg":[24.74912655491971,121.09559164354576],"image-00036.jpg":[24.74845804633379,121.09470163756426],"image-00056.jpg":[24.748862020649216,121.09523919371256],"image-00107.jpg":[24.749348800488992,121.09588711650358],"image-00003.jpg":[24.747953281099246,121.0939925232476],"image-00092.jpg":[24.749309081175095,121.09583385205127],"image-00121.jpg":[24.749352034675326,121.09589133571801],"image-00076.jpg":[24.74917773827025,121.0956592849727],"image-00041.jpg":[24.748553659280063,121.09482964005174],"image-00082.jpg":[24.74924009519749,121.09574176816639],"image-00032.jpg":[24.748387196929027,121.09460682898533],"image-00021.jpg":[24.74815054181423,121.0942890057494],"image-00108.jpg":[24.749349604199747,121.09588810256719],"image-00048.jpg":[24.74870046541658,121.0950234903163],"image-00026.jpg":[24.748276758002184,121.09445608138304],"image-00065.jpg":[24.74902526631435,121.09545666577932],"image-00089.jpg":[24.749292287159587,121.09581150239732],"image-00029.jpg":[24.748332892509918,121.09453272782915],"image-00071.jpg":[24.749113730842488,121.09557457235255],"image-00009.jpg":[24.747948758847933,121.09399530889134],"image-00113.jpg":[24.749351566491175,121.09589073160598],"image-00051.jpg":[24.748761697943642,121.0951055758348]}