{"image-00070.jpg":[24.749113991087786,121.09557105880633],"image-00095.jpg":[24.74933446664341,121.09587820223845],"image-00034.jpg":[24.7484413881516,121.09463026966583],"image-00102.jpg":[24.749354423573134,121.09590609396193],"image-00077.jpg":[24.74920224673786,121.09569382874963],"image-00111.jpg":[24.749362989628455,121.0959181372335],"image-00117.jpg":[24.749363911618804,121.09591940389734],"image-00008.jpg":[24.747964804509163,121.09394225989922],"image-00085.jpg":[24.74927756764484,121.0957986113199],"image-00020.jpg":[24.748141548540215,121.09421164835044],"image-00069.jpg":[24.74910028974313,121.0955516302345],"image-00013.jpg":[24.748003268504604,121.09400310755015],"image-00080.jpg":[24.749233543143486,121.09573734083641],"image-00050.jpg":[24.748758555830207,121.09507330681522],"image-00066.jpg":[24.749055739425035,121.09548958908756],"image-00005.jpg":[24.747964230646584,121.09393849151607],"image-00040.jpg":[24.74855316693321,121.09478685477978],"image-00025.jpg":[24.748274636106217,121.09439351573504],"image-00019.jpg":[24.748111122815548,121.09417132229844],"image-00094.jpg":[24.749330478803344,121.09587255605473],"image-00098.jpg":[24.749344796214913,121.09589265720135],"image-00104.jpg":[24.74935757804012,121.09591054493062],"image-00054.jpg":[24.748839141935637,121.09518635018307],"image-00124.jpg":[24.749364063681533,121.09591963097881],"image-00001.jpg":[24.747961531035795,121.09393476891191],"image-00031.jpg":[24.74839139842468,121.0945586532234],"image-00078.jpg":[24.749212927159775,121.0957087530993],"image-00110.jpg":[24.749362639552057,121.09591759396761],"image-00059.jpg":[24.74893432534039,121.09531909276458],"image-00090.jpg":[24.749310530093464,121.09584482533921],"image-00123.jpg":[24.749364051923237,121.09591960537844],"image-00118.jpg":[24.74936395778966,121.09591945611552],"image-00043.jpg":[24.748615142655044,121.09487267441884],"image-00064.jpg":[24.749023265423293,121.09544396786781],"image-00075.jpg":[24.7491791177267,121.09566185338073],"image-00035.jpg":[24.748459872066686,121.0946566800246],"image-00010.jpg":[24.747967962690463,121.09394971354438],"image-00046.jpg":[24.74867573316707,121.09495733990563],"image-00114.jpg":[24.74936367980136,121.09591910385765],"image-00052.jpg":[24.748799001272953,121.09513008728928],"image-00099.jpg":[24.749347618821353,121.09589660725868],"image-00058.jpg":[24.74891593802792,121.09529343332598],"image-00112.jpg":[24.749363445802363,121.09591878478298],"image-00125.jpg":[24.74936407189536,121.09591965413227],"image-00083.jpg":[24.749261541150993,121.0957761928568],"image-00039.jpg":[24.748533848314114,121.09475994850568],"image-00062.jpg":[24.74898819201492,121.09539510237616],"image-00023.jpg":[24.74822495352428,121.09432557385202],"image-00105.jpg":[24.74935883460016,121.09591232475472],"image-00028.jpg":[24.748332251498137,121.0944763612548],"image-00120.jpg":[24.749364008507015,121.09591952629398],"image-00033.jpg":[24.748422966438113,121.09460518510384],"image-00002.jpg":[24.747961934699347,121.09393518537368],"image-00079.jpg":[24.74922299387376,121.09572292117367],"image-00027.jpg":[24.748314046778557,121.0944495996317],"image-00057.jpg":[24.74889702826305,121.09526707487261],"image-00096.jpg":[24.749338206153748,121.09588340795],"image-00004.jpg":[24.74796635968975,121.09393928594199],"image-00109.jpg":[24.74936218370505,121.09591695617338],"image-00093.jpg":[24.749326019872758,121.09586635070598],"image-00106.jpg":[24.74935999613199,121.09591399243905],"image-00045.jpg":[24.748654895316047,121.0949282461942],"image-00016.jpg":[24.748011125902924,121.09403824769822],"image-00053.jpg":[24.748819111591423,121.0951584475079],"image-00103.jpg":[24.74935613476405,121.09590850350271],"image-00081.jpg":[24.74924331283267,121.09575088346895],"image-00061.jpg":[24.74897082224216,121.09537003005758],"image-00014.jpg":[24.74799281385863,121.09399649142959],"image-00012.jpg":[24.747967784197538,121.09395785415364],"image-00044.jpg":[24.748635612221985,121.09490133918985],"image-00116.jpg":[24.74936384537748,121.09591933483429],"image-00074.jpg":[24.749166939040478,121.09564471561168],"image-00119.jpg":[24.749363990361935,121.09591949726185],"image-00030.jpg":[24.748373242395818,121.09453284646918],"image-00073.jpg":[24.749153595433818,121.09562622421277],"image-00088.jpg":[24.74929827630135,121.0958275998066],"image-00049.jpg":[24.748738206537297,121.09504460832358],"image-00042.jpg":[24.74859424888116,121.09484402831407],"image-00055.jpg":[24.74885870968096,121.09521375937592],"image-00067.jpg":[24.749071126975874,121.09551081890866],"image-00024.jpg":[24.748250656138584,121.0943607184372],"image-00097.jpg":[24.749341634480846,121.09588818513657],"image-00086.jpg":[24.749284980771527,121.095808875373],"image-00068.jpg":[24.749086030819498,121.095531681427],"image-00018.jpg":[24.748079448913423,121.09412850693859],"image-00060.jpg":[24.74895275569847,121.0953446496685],"image-00007.jpg":[24.747967550482176,121.0939448141253],"image-00122.jpg":[24.7493640393438,121.0959195802264],"image-00022.jpg":[24.74819844315023,121.09428915836699],"image-00015.jpg":[24.74797309362892,121.09398661285498],"image-00063.jpg":[24.749005924911817,121.09542005384812],"image-00100.jpg":[24.749350140219974,121.09590015774606],"image-00037.jpg":[24.748495081985837,121.09470447172333],"image-00115.jpg":[24.74936376398386,121.09591924603168],"image-00087.jpg":[24.749291738185246,121.095818457917],"image-00011.jpg":[24.74796660111609,121.09395252326118],"image-00084.jpg":[24.749269758840438,121.09578767772945],"image-00091.jpg":[24.74931610765709,121.09585253548434],"image-00047.jpg":[24.74869621489917,121.09498605174596],"image-00038.jpg":[24.74851255949088,121.09472998914691],"image-00101.jpg":[24.749352377921362,121.09590327534507],"image-00017.jpg":[24.748046214463645,121.09408433878347],"image-00006.jpg":[24.747961839013342,121.093938033463],"image-00072.jpg":[24.74914033847451,121.09560788668946],"image-00036.jpg":[24.748477738809083,121.09468113362303],"image-00056.jpg":[24.74887810587673,121.09524079062288],"image-00107.jpg":[24.749360838016063,121.09591518563397],"image-00003.jpg":[24.74796356570837,121.09393680649589],"image-00092.jpg":[24.749321260075998,121.09585971516535],"image-00121.jpg":[24.749364024683587,121.09591955411419],"image-00076.jpg":[24.749190927065857,121.09567820371002],"image-00041.jpg":[24.748572750708234,121.09481455268988],"image-00082.jpg":[24.749252680285725,121.0957638851296],"image-00032.jpg":[24.748407332288185,121.0945823344747],"image-00021.jpg":[24.74817090504232,121.09425163390142],"image-00108.jpg":[24.749361612588153,121.0959161912804],"image-00048.jpg":[24.748717806133442,121.09501603314575],"image-00026.jpg":[24.748296587949778,121.09442467896369],"image-00065.jpg":[24.749039881673998,121.09546732829531],"image-00089.jpg":[24.749304580325436,121.09583647517141],"image-00029.jpg":[24.74835297522177,121.09450476816893],"image-00071.jpg":[24.749127603001178,121.09559013203632],"image-00009.jpg":[24.747961203435903,121.09394208140606],"image-00113.jpg":[24.74936356588491,121.09591892972222],"image-00051.jpg":[24.748778626060727,121.0951016662431]}