{"image-00070.jpg":[24.320803055455396,120.7181995275034],"image-00095.jpg":[24.321190940037347,120.71786879470869],"image-00034.jpg":[24.32025107358544,120.71865675511825],"image-00102.jpg":[24.321281730037803,120.7177906587693],"image-00077.jpg":[24.320918031362417,120.71810383192854],"image-00111.jpg":[24.32137209069247,120.71771101287828],"image-00117.jpg":[24.321412814582626,120.71767859366038],"image-00008.jpg":[24.3198065370774,120.71902501207575],"image-00085.jpg":[24.321045554885753,120.7179944652431],"image-00020.jpg":[24.320032522023688,120.71883921324958],"image-00069.jpg":[24.3207862726134,120.71821351299994],"image-00013.jpg":[24.31990775176798,120.71894164861713],"image-00080.jpg":[24.320967411457776,120.71806192427391],"image-00050.jpg":[24.32049011901337,120.71846424031308],"image-00066.jpg":[24.320737097952463,120.71825451059749],"image-00005.jpg":[24.319739047465838,120.71908067398799],"image-00040.jpg":[24.320340483876524,120.71858505466514],"image-00025.jpg":[24.320113336575883,120.71877141214057],"image-00019.jpg":[24.32001529505476,120.71885311603049],"image-00094.jpg":[24.32117725302381,120.71788088427982],"image-00098.jpg":[24.321231011259247,120.71783484232824],"image-00104.jpg":[24.321305517284546,120.71776932493718],"image-00054.jpg":[24.32054800242995,120.71841540838875],"image-00124.jpg":[24.3214535874678,120.71764602331987],"image-00001.jpg":[24.319670303767893,120.71913817599446],"image-00031.jpg":[24.320205573830545,120.71869439492286],"image-00078.jpg":[24.320934282621664,120.7180904341156],"image-00110.jpg":[24.321365305466955,120.71771652796602],"image-00059.jpg":[24.32062428359069,120.71835029125373],"image-00090.jpg":[24.32112006579623,120.71793017070661],"image-00123.jpg":[24.32144851594834,120.71765034681766],"image-00118.jpg":[24.32141917939034,120.71767365014873],"image-00043.jpg":[24.320385231201357,120.71854927741515],"image-00064.jpg":[24.32070456785834,120.71828151051494],"image-00075.jpg":[24.320884856985437,120.71813211192931],"image-00035.jpg":[24.32026561172106,120.71864534901857],"image-00010.jpg":[24.319848420955406,120.71898984138683],"image-00046.jpg":[24.32043072438441,120.71851273534175],"image-00114.jpg":[24.32139250866737,120.71769495674457],"image-00052.jpg":[24.320518822795034,120.71843942585387],"image-00099.jpg":[24.321244185829492,120.71782361878407],"image-00058.jpg":[24.3206096221787,120.71836271751289],"image-00112.jpg":[24.321379035664847,120.71770559417716],"image-00125.jpg":[24.321458601165027,120.71764184178846],"image-00083.jpg":[24.321014688987102,120.7180210273296],"image-00039.jpg":[24.320325855626393,120.71859677692295],"image-00062.jpg":[24.320671706601328,120.71830924314911],"image-00023.jpg":[24.32008155663388,120.71879835775704],"image-00105.jpg":[24.321304390734532,120.7177710423633],"image-00028.jpg":[24.320159184813274,120.7187328487351],"image-00120.jpg":[24.32143149441349,120.71766432813897],"image-00033.jpg":[24.320235984218577,120.71866906258383],"image-00002.jpg":[24.319674166350012,120.71913484147535],"image-00079.jpg":[24.320951530459208,120.71807503549351],"image-00027.jpg":[24.32014413714106,120.71874535520905],"image-00057.jpg":[24.320594183573817,120.71837605544616],"image-00096.jpg":[24.32120455743567,120.7178574588718],"image-00004.jpg":[24.31971481207809,120.71910133430887],"image-00109.jpg":[24.32135809767904,120.7177224168683],"image-00093.jpg":[24.321163524718983,120.71789303958552],"image-00106.jpg":[24.32132833211979,120.71775014083914],"image-00045.jpg":[24.320415148422253,120.71852521045864],"image-00016.jpg":[24.31996305538834,120.71889638709615],"image-00053.jpg":[24.32053307571506,120.71842796799129],"image-00103.jpg":[24.321682527759375,120.71700442167324],"image-00081.jpg":[24.320983386826462,120.71804808364273],"image-00061.jpg":[24.320655893836296,120.71832283559979],"image-00014.jpg":[24.31992665925522,120.7189262075303],"image-00012.jpg":[24.31988890410901,120.71895717522],"image-00044.jpg":[24.32040007858161,120.71853726271712],"image-00116.jpg":[24.321405960507736,120.71768399813158],"image-00074.jpg":[24.320867249112403,120.71814695253087],"image-00119.jpg":[24.321425546297405,120.71766884559074],"image-00030.jpg":[24.32019089157565,120.71870546960623],"image-00073.jpg":[24.320851694305578,120.71816032546855],"image-00088.jpg":[24.321091169696267,120.71795468088668],"image-00049.jpg":[24.320475587124793,120.71847620155611],"image-00042.jpg":[24.32037034902373,120.71856120484613],"image-00055.jpg":[24.320563817317563,120.71840188714822],"image-00067.jpg":[24.320752976184828,120.71824180489074],"image-00024.jpg":[24.320097500140292,120.71878465310093],"image-00097.jpg":[24.321218382212393,120.71784571423166],"image-00086.jpg":[24.321060891868136,120.71798117356477],"image-00068.jpg":[24.320769613849578,120.71822758970171],"image-00018.jpg":[24.319998328125923,120.71886742093915],"image-00060.jpg":[24.320639995545797,120.71833654113101],"image-00007.jpg":[24.31978441607167,120.71904350438146],"image-00122.jpg":[24.321442941480864,120.71765494086846],"image-00022.jpg":[24.320065806932025,120.71881106006776],"image-00015.jpg":[24.319945711058157,120.71891078383257],"image-00063.jpg":[24.320688191162205,120.71829514504773],"image-00100.jpg":[24.32125703722179,120.71781235916612],"image-00037.jpg":[24.32029566762505,120.71862126231555],"image-00115.jpg":[24.321399215211503,120.71768981541221],"image-00087.jpg":[24.32107572768344,120.71796851197871],"image-00011.jpg":[24.319869040101302,120.71897324740931],"image-00084.jpg":[24.321030406392023,120.71800757000119],"image-00091.jpg":[24.32113511594207,120.71791745304671],"image-00047.jpg":[24.3204457988227,120.71850052892536],"image-00038.jpg":[24.32031062903424,120.71860896815946],"image-00101.jpg":[24.32126926272704,120.71780153431781],"image-00017.jpg":[24.319980825209118,120.7188815762996],"image-00006.jpg":[24.319762180308263,120.7190620152473],"image-00072.jpg":[24.320835107805017,120.71817404114506],"image-00036.jpg":[24.320280846894637,120.71863322057098],"image-00056.jpg":[24.32057908999317,120.71838897661365],"image-00107.jpg":[24.32134512348222,120.71773261884348],"image-00003.jpg":[24.3196903794598,120.71912153592],"image-00092.jpg":[24.321149460565767,120.71790525057683],"image-00121.jpg":[24.32143721979908,120.7176595617048],"image-00076.jpg":[24.320901315358814,120.71811831765837],"image-00041.jpg":[24.320355797535633,120.7185726401321],"image-00082.jpg":[24.32099919010062,120.71803452919403],"image-00032.jpg":[24.320220549423347,120.7186818551221],"image-00021.jpg":[24.320049011979883,120.71882527319951],"image-00108.jpg":[24.321351623549926,120.71772744964483],"image-00048.jpg":[24.320460938551076,120.71848812333846],"image-00026.jpg":[24.320128670737493,120.71875837382093],"image-00065.jpg":[24.32072106962127,120.71826803648952],"image-00089.jpg":[24.32110574740011,120.71794228532062],"image-00029.jpg":[24.32017468039974,120.71872009945845],"image-00071.jpg":[24.32081939801929,120.71818643822931],"image-00009.jpg":[24.319828327272425,120.71900702731826],"image-00113.jpg":[24.321385465203132,120.71770025040496],"image-00051.jpg":[24.32050427890831,120.71845234712151]}