{
    "image-00067.jpg": {
        "24.320752,120.718247": [
            67320.0, 
            71388.0, 
            71388.0, 
            72924.0, 
            72924.0, 
            70364.0, 
            70364.0, 
            70364.0, 
            70364.0, 
            72413.0, 
            69853.0, 
            69853.0, 
            69853.0, 
            71390.0, 
            72414.0, 
            72926.0, 
            72926.0, 
            72927.0, 
            72927.0, 
            64223.0, 
            72929.0, 
            68833.0, 
            68833.0, 
            69857.0, 
            71394.0, 
            71394.0, 
            71399.0, 
            72423.0, 
            72423.0, 
            72935.0, 
            63208.0, 
            66789.0, 
            66787.0, 
            66849.0, 
            73439.0, 
            69341.0, 
            70365.0
        ]
    }, 
    "image-00033.jpg": {
        "24.320285,120.718598": [
            66817.0, 
            65802.0, 
            53981.0, 
            55005.0, 
            55520.0, 
            52958.0, 
            56539.0, 
            54497.0, 
            61696.0, 
            61185.0, 
            66335.0, 
            65311.0, 
            55518.0, 
            63747.0, 
            65313.0, 
            60676.0, 
            55007.0, 
            63748.0, 
            59652.0, 
            66331.0, 
            65316.0, 
            59141.0, 
            54498.0, 
            65819.0, 
            64773.0, 
            53978.0, 
            65318.0, 
            55517.0, 
            65309.0, 
            65821.0
        ]
    }, 
    "image-00065.jpg": {
        "24.320670,120.718308": [
            69849.0, 
            70361.0, 
            70361.0, 
            70873.0, 
            70873.0, 
            71386.0, 
            71386.0, 
            71386.0, 
            66266.0, 
            66778.0, 
            68314.0, 
            68826.0, 
            68826.0, 
            69338.0, 
            69338.0, 
            69338.0, 
            69850.0, 
            69850.0, 
            70874.0, 
            70874.0, 
            69842.0, 
            70354.0, 
            70354.0, 
            71388.0, 
            71388.0, 
            71388.0, 
            71388.0, 
            66268.0, 
            66268.0, 
            66780.0, 
            69340.0, 
            69852.0, 
            69852.0, 
            70364.0, 
            70364.0, 
            70364.0, 
            70876.0, 
            70876.0, 
            70876.0, 
            66269.0, 
            66781.0, 
            71903.0, 
            69343.0, 
            70879.0, 
            65747.0, 
            70881.0, 
            69346.0, 
            70370.0, 
            70370.0, 
            69859.0, 
            71380.0, 
            71400.0, 
            72424.0, 
            71382.0, 
            69334.0, 
            69334.0, 
            69846.0, 
            55018.0, 
            55018.0, 
            71405.0, 
            70381.0
        ]
    }, 
    "image-00030.jpg": {
        "24.320212,120.718654": [
            67340.0, 
            61673.0, 
            57580.0, 
            61676.0, 
            62188.0, 
            60142.0, 
            60145.0, 
            57587.0, 
            69353.0, 
            66309.0, 
            69882.0
        ]
    }, 
    "image-00051.jpg": {
        "24.320492,120.718442": [
            67319.0, 
            67319.0, 
            67319.0, 
            69879.0, 
            69879.0, 
            71385.0, 
            71385.0, 
            72921.0, 
            71386.0, 
            71386.0, 
            71386.0, 
            72410.0, 
            71390.0, 
            72415.0, 
            72927.0, 
            71379.0, 
            71379.0, 
            72915.0, 
            73953.0, 
            73442.0, 
            73443.0, 
            73955.0, 
            74467.0, 
            72916.0, 
            63208.0, 
            65256.0, 
            62697.0, 
            62697.0, 
            73430.0, 
            71402.0, 
            72428.0, 
            66284.0, 
            71383.0, 
            71410.0, 
            71410.0, 
            69875.0, 
            72920.0, 
            62196.0, 
            64756.0, 
            64756.0, 
            64758.0, 
            64758.0, 
            67838.0, 
            70386.0, 
            62199.0, 
            64248.0, 
            62713.0, 
            68345.0, 
            71913.0, 
            69365.0, 
            65787.0, 
            64764.0
        ]
    }
}