{"image-00070.jpg":[24.32076304955589,120.71821152479498],"image-00095.jpg":[24.3210986686383,120.71790035585396],"image-00034.jpg":[24.320284491703546,120.71864052398664],"image-00102.jpg":[24.32117927174874,120.71782630603461],"image-00077.jpg":[24.320861249789594,120.71812202222031],"image-00111.jpg":[24.321255228044187,120.71775160262459],"image-00117.jpg":[24.321288772986172,120.71772172178878],"image-00008.jpg":[24.319902344786726,120.71898531620859],"image-00085.jpg":[24.32097197757949,120.71801897183323],"image-00020.jpg":[24.320096466090092,120.71881154228144],"image-00069.jpg":[24.320748960889723,120.7182245518288],"image-00013.jpg":[24.31998891208632,120.7189074165197],"image-00080.jpg":[24.320903861427357,120.71808263982032],"image-00050.jpg":[24.320491342345324,120.71846057025337],"image-00066.jpg":[24.32070677022238,120.71826294679458],"image-00005.jpg":[24.319843607133212,120.71903756672795],"image-00040.jpg":[24.320361614895535,120.71857359068716],"image-00025.jpg":[24.320166356711088,120.71874787446492],"image-00019.jpg":[24.320081601557042,120.71882453164906],"image-00094.jpg":[24.321086375477705,120.71791187530013],"image-00098.jpg":[24.32113426418407,120.71786822632166],"image-00104.jpg":[24.321199977240866,120.71780609694619],"image-00054.jpg":[24.320541917357534,120.7184145706782],"image-00124.jpg":[24.3213239240731,120.7176913354169],"image-00001.jpg":[24.31978354164723,120.7190916833812],"image-00031.jpg":[24.32024565733681,120.71867569677332],"image-00078.jpg":[24.320875454963566,120.71810943235815],"image-00110.jpg":[24.32124922549251,120.71775679294402],"image-00059.jpg":[24.32060872658828,120.71835311591852],"image-00090.jpg":[24.32103685880441,120.71795830884409],"image-00123.jpg":[24.321319649010704,120.71769537762196],"image-00118.jpg":[24.321294250921028,120.71771712762369],"image-00043.jpg":[24.320400357547978,120.71854017151149],"image-00064.jpg":[24.320678602671872,120.71828827754962],"image-00075.jpg":[24.32083261083214,120.71814861401174],"image-00035.jpg":[24.320296887452294,120.71862993689281],"image-00010.jpg":[24.31993805080634,120.71895240244636],"image-00046.jpg":[24.32043959228824,120.71850605384361],"image-00114.jpg":[24.321272835607065,120.71773665049781],"image-00052.jpg":[24.320516587116934,120.71843709622311],"image-00099.jpg":[24.32114588864057,120.71785761705645],"image-00058.jpg":[24.320595775165305,120.71836485912094],"image-00112.jpg":[24.321261075589028,120.71774659320457],"image-00125.jpg":[24.32132818802547,120.71768742766608],"image-00083.jpg":[24.320945147570384,120.71804401580643],"image-00039.jpg":[24.32034898873499,120.718584534456],"image-00062.jpg":[24.320650312362407,120.71831430769882],"image-00023.jpg":[24.32013891563865,120.7187731977086],"image-00105.jpg":[24.321197949190072,120.71780802864828],"image-00028.jpg":[24.32020598774314,120.71871165603982],"image-00120.jpg":[24.321305059182734,120.71770844538221],"image-00033.jpg":[24.32027151292012,120.71865202790764],"image-00002.jpg":[24.319786997095978,120.71908851630968],"image-00079.jpg":[24.32089034438866,120.71809488029356],"image-00027.jpg":[24.320193067257957,120.71872336661718],"image-00057.jpg":[24.32058216029252,120.71837748395993],"image-00096.jpg":[24.321110568445775,120.71788969281867],"image-00004.jpg":[24.319822428699418,120.7190570515628],"image-00109.jpg":[24.32124329080533,120.71776223880045],"image-00093.jpg":[24.321074370188825,120.71792338693415],"image-00106.jpg":[24.321218896472192,120.71778826057731],"image-00045.jpg":[24.320426167511993,120.71851769537108],"image-00016.jpg":[24.32003642074688,120.71886510646976],"image-00053.jpg":[24.32052891486592,120.71842638950002],"image-00103.jpg":[24.321459333326423,120.71705532591011],"image-00081.jpg":[24.320918264578843,120.71806946446186],"image-00061.jpg":[24.32063618515211,120.71832720772991],"image-00014.jpg":[24.320005040339858,120.71889301170087],"image-00012.jpg":[24.319972494273635,120.71892199283192],"image-00044.jpg":[24.32041298921776,120.71852898304704],"image-00116.jpg":[24.3212836516625,120.71772657864787],"image-00074.jpg":[24.320817815407526,120.71816245974927],"image-00119.jpg":[24.321299723271743,120.71771268050978],"image-00030.jpg":[24.320233206624653,120.71868590907282],"image-00073.jpg":[24.32080456172559,120.71817500691111],"image-00088.jpg":[24.321011879147665,120.71798135066445],"image-00049.jpg":[24.320478629828898,120.71847181049546],"image-00042.jpg":[24.32038755970238,120.71855129632483],"image-00055.jpg":[24.32055551075514,120.71840186580329],"image-00067.jpg":[24.32072036920037,120.71825111081904],"image-00024.jpg":[24.320152593034635,120.71876031870588],"image-00097.jpg":[24.321122762709805,120.71787859512501],"image-00086.jpg":[24.320985540229962,120.71800637829458],"image-00068.jpg":[24.320734702025177,120.71823774765343],"image-00018.jpg":[24.320066870073592,120.71883798499279],"image-00060.jpg":[24.320622339214694,120.71834013836894],"image-00007.jpg":[24.319883041176,120.71900271304071],"image-00122.jpg":[24.321314929016758,120.71769966009299],"image-00022.jpg":[24.320125194058093,120.71878509420843],"image-00015.jpg":[24.32002129659834,120.71887863715683],"image-00063.jpg":[24.320664560072846,120.71830104262955],"image-00100.jpg":[24.321157053120864,120.71784698200403],"image-00037.jpg":[24.320322977551193,120.71860741637053],"image-00115.jpg":[24.321278258818317,120.71773195882601],"image-00087.jpg":[24.320998452637575,120.7179944474384],"image-00011.jpg":[24.3199555390514,120.71893697207491],"image-00084.jpg":[24.32095878280341,120.71803134068858],"image-00091.jpg":[24.321049894755376,120.71794635235503],"image-00047.jpg":[24.32045262523344,120.71849463910138],"image-00038.jpg":[24.320335754422413,120.71859593552975],"image-00101.jpg":[24.321168038041627,120.71783666422967],"image-00017.jpg":[24.320051734080312,120.71885122116086],"image-00006.jpg":[24.319863549982554,120.71902013895485],"image-00072.jpg":[24.320790527420677,120.71818779542417],"image-00036.jpg":[24.320310215963584,120.71861858265831],"image-00056.jpg":[24.320569097231427,120.71838964691932],"image-00107.jpg":[24.32123275315095,120.71777159276465],"image-00003.jpg":[24.319801003187973,120.7190760567713],"image-00092.jpg":[24.32106217310902,120.71793490470836],"image-00121.jpg":[24.321310070458814,120.71770396000446],"image-00076.jpg":[24.320846853200706,120.71813566021878],"image-00041.jpg":[24.320374853671726,120.71856197996227],"image-00082.jpg":[24.32093177019151,120.71805674137713],"image-00032.jpg":[24.320258346852537,120.7186639829256],"image-00021.jpg":[24.32011069871223,120.71879844725458],"image-00108.jpg":[24.321238080819217,120.71776683493847],"image-00048.jpg":[24.320465811422256,120.71848300025684],"image-00026.jpg":[24.32017959165262,120.71873561858217],"image-00065.jpg":[24.32069285351199,120.71827566877846],"image-00089.jpg":[24.321024518997632,120.7179696859557],"image-00029.jpg":[24.320219378005234,120.71869971299799],"image-00071.jpg":[24.320776939240645,120.7181993542275],"image-00009.jpg":[24.319920703152455,120.71896856870003],"image-00113.jpg":[24.3212667404475,120.71774155706704],"image-00051.jpg":[24.320503736622552,120.71844936728817]}