{"image-00067.jpg":{"24.320752,120.718247":[-6.2693376541137695,63.653656005859375,-2.355846643447876,-8.187294006347656,17.310575485229492,-2.600759267807007,-8.187294006347656,17.310575485229492,-2.600759267807007,-6.391618251800537,13.513940811157227,-2.5939371585845947,-6.391618251800537,13.513940811157227,-2.5939371585845947,-10.027396202087402,21.201147079467773,-2.600874662399292,-10.027396202087402,21.201147079467773,-2.600874662399292,-10.027396202087402,21.201147079467773,-2.600874662399292,-10.027396202087402,21.201147079467773,-2.600874662399292,-6.722590446472168,14.6770658493042,-2.5974957942962646,-9.771613121032715,21.333829879760742,-2.3111231327056885,-9.771613121032715,21.333829879760742,-2.3111231327056885,-9.771613121032715,21.333829879760742,-2.3111231327056885,-7.7715535163879395,17.532344818115234,-2.6046295166015625,-6.546050071716309,14.76765251159668,-2.599113941192627,-6.065079689025879,13.682600975036621,-2.596949338912964,-6.065079689025879,13.682600975036621,-2.596949338912964,-5.900080680847168,13.763846397399902,-2.598431348800659,-5.900080680847168,13.763846397399902,-2.598431348800659,-9.256159782409668,21.592985153198242,0.8653080463409424,-5.566756248474121,13.920084953308105,-2.601344108581543,-8.74524211883545,21.86812400817871,-1.7372959852218628,-8.74524211883545,21.86812400817871,-1.7372959852218628,-8.745849609375,21.869644165039062,-2.3198258876800537,-6.921777725219727,17.944032669067383,-2.612123489379883,-6.921777725219727,17.944032669067383,-2.612123489379883,-5.828131675720215,18.39696502685547,-2.6209921836853027,-4.904226303100586,15.480583190917969,-2.612851619720459,-4.904226303100586,15.480583190917969,-2.612851619720459,-4.5421223640441895,14.337575912475586,-2.6096603870391846,-6.919848918914795,22.81168556213379,1.464529037475586,-7.70822811126709,22.406166076660156,-0.5816797018051147,-8.22773265838623,22.134790420532227,-0.5797038078308105,32.096534729003906,74.87554931640625,-1.9998512268066406,-5.494423866271973,12.817521095275879,-2.596452236175537,-9.771271705627441,21.333084106445312,-2.0206336975097656,-9.771956443786621,21.334579467773438,-2.6023359298706055]},"image-00033.jpg":{"24.320285,120.718598":[4.739776611328125,78.802734375,-3.480165481567383,5.373166561126709,-27.533485412597656,0.000039641843613935634,-4.624706745147705,-51.566795349121094,3.5968105792999268,-4.62230920791626,-51.572296142578125,3.267461061477661,-4.346309185028076,-51.026329040527344,3.205228805541992,-4.537439823150635,-51.38176727294922,3.972285270690918,-4.918132305145264,-51.65769958496094,2.793574094772339,-4.252991676330566,-50.82915496826172,3.5827858448028564,187581356623003650,9950067858954256000,980269591743692800,309272245568536600,9934245886630560000,1102320055351246800,10.969982147216797,-37.71552276611328,-0.33604568243026733,10.960959434509277,-37.736915588378906,0.3356376588344574,-4.5314483642578125,-51.395992279052734,3.1369051933288574,8.192536354064941,78.21322631835938,6.9462151527404785,11.31721305847168,-38.57962417602539,0.32789841294288635,673746022165381100,9901887259425112000,1224204355264053200,-4.441049098968506,-51.210269927978516,3.3368818759918213,9.915059089660645,77.97318267822266,6.939668655395508,671503568200532000,9868930497894154000,1467401758799036400,10.203089714050293,-35.899658203125,-0.3533255159854889,11.822346687316895,-39.77452087402344,0.3172847628593445,3.4355592727661133,-24.26778221130371,6.242429733276367,-4.155138969421387,-50.63356018066406,3.624110698699951,10.198724746704102,-35.91161346435547,-0.00004322063614381477,11.637459754943848,77.7691650390625,3.466416358947754,-5.094605922698975,-51.64286422729492,3.633446216583252,12.141611099243164,-40.529754638671875,0.3108091652393341,-4.621123790740967,-51.575016021728516,3.104520320892334,10.587274551391602,-36.85297393798828,0.3439614772796631,10.591714859008789,-36.84168243408203,-0.00005271818736218847]},"image-00065.jpg":{"24.320670,120.718308":[-13.275508880615234,14.426763534545898,-2.8266289234161377,-11.675590515136719,11.361567497253418,-2.7992522716522217,-11.675590515136719,11.361567497253418,-2.7992522716522217,-10.908918380737305,9.892744064331055,-2.90891695022583,-10.908918380737305,9.892744064331055,-2.90891695022583,-9.616291046142578,7.9809889793396,-2.892019748687744,-9.616291046142578,7.9809889793396,-2.892019748687744,-9.616291046142578,7.9809889793396,-2.892019748687744,-15.140568733215332,18.888906478881836,-0.41134217381477356,-15.139862060546875,18.887516021728516,-0.8228111267089844,-15.13774299621582,18.883331298828125,-2.058972120285034,-15.137035369873047,18.881935119628906,-2.472027063369751,-15.137035369873047,18.881935119628906,-2.472027063369751,-15.13632583618164,18.88053321838379,-2.885791063308716,-15.13632583618164,18.88053321838379,-2.885791063308716,-15.13632583618164,18.88053321838379,-2.885791063308716,-12.97476577758789,14.612441062927246,-2.829347848892212,-12.97476577758789,14.612441062927246,-2.829347848892212,-10.641729354858398,10.005762100219727,-2.9062435626983643,-10.641729354858398,10.005762100219727,-2.9062435626983643,-9.21152400970459,3.4591064453125,-1.690048098564148,-9.206599235534668,3.4513721466064453,-1.9019207954406738,-9.206599235534668,3.4513721466064453,-1.9019207954406738,-9.154147148132324,8.225974082946777,-2.8942160606384277,-9.154147148132324,8.225974082946777,-2.8942160606384277,-9.154147148132324,8.225974082946777,-2.8942160606384277,-9.154147148132324,8.225974082946777,-2.8942160606384277,-14.410775184631348,19.2697696685791,-0.4115894138813019,-14.410775184631348,19.2697696685791,-0.4115894138813019,-14.410102844238281,19.268360137939453,-0.8233049511909485,-14.406730651855469,19.26127815246582,-2.887523889541626,-12.364835739135742,14.971400260925293,-2.8345987796783447,-12.364835739135742,14.971400260925293,-2.8345987796783447,-10.870933532714844,11.832822799682617,-2.806191921234131,-10.870933532714844,11.832822799682617,-2.806191921234131,-10.870933532714844,11.832822799682617,-2.806191921234131,-10.104723930358887,10.223068237304688,-2.9011032581329346,-10.104723930358887,10.223068237304688,-2.9011032581329346,-10.104723930358887,10.223068237304688,-2.9011032581329346,-14.045439720153809,19.460430145263672,-0.41180527210235596,-14.044783592224121,19.459009170532227,-0.8237386345863342,-7.653088569641113,6.727376937866211,-2.8665413856506348,-13.309576988220215,19.83379364013672,-2.8933937549591064,-9.29301929473877,10.52719497680664,-2.8939061164855957,-9.241067886352539,3.9065968990325928,0.00001564323974889703,-8.748041152954102,10.715373039245605,-2.889451026916504,-12.206440925598145,20.40938949584961,-2.9032273292541504,-9.201047897338867,12.674945831298828,-2.8185629844665527,-9.201047897338867,12.674945831298828,-2.8185629844665527,-10.147890090942383,16.092418670654297,-2.850961923599243,-10.955855369567871,7.168952941894531,-2.8836450576782227,-6.246260166168213,9.409110069274902,-2.900968074798584,-5.169137954711914,5.889520645141602,-2.844550848007202,-10.517536163330078,7.452201843261719,-2.886730909347534,-16.39426040649414,17.76679039001465,-2.852609395980835,-16.39426040649414,17.76679039001465,-2.852609395980835,-14.16015911102295,13.845585823059082,-2.818112373352051,-2601979148847022000,9313107578844086000,2548672076353372000,-2601979148847022000,9313107578844086000,2548672076353372000,-4.981222629547119,9.7505464553833,-2.900489568710327,-5.9650726318359375,13.848453521728516,-2.8356850147247314]},