{"image-00070.jpg":[24.320772597144025,120.71822473562615],"image-00095.jpg":[24.321127322373833,120.71793984274362],"image-00034.jpg":[24.320267569872666,120.71861848806628],"image-00102.jpg":[24.32121169321639,120.71787074862544],"image-00077.jpg":[24.320876848694315,120.71814355286921],"image-00111.jpg":[24.321292963865595,120.71780385853822],"image-00117.jpg":[24.321329048309845,120.71777752660321],"image-00008.jpg":[24.31986295105726,120.7189328561395],"image-00085.jpg":[24.32099373874393,120.71804897233022],"image-00020.jpg":[24.32006850822278,120.71877447790487],"image-00069.jpg":[24.320757537750495,120.71823639297793],"image-00013.jpg":[24.319954777739856,120.71886210390244],"image-00080.jpg":[24.320921927703967,120.71810756450817],"image-00050.jpg":[24.320485867746772,120.71845341179319],"image-00066.jpg":[24.320712824608208,120.71827134082254],"image-00005.jpg":[24.31980106378962,120.71898096582898],"image-00040.jpg":[24.320349052839337,120.7185572372255],"image-00025.jpg":[24.320142360317487,120.71871617851585],"image-00019.jpg":[24.320052802927,120.71878636533663],"image-00094.jpg":[24.32111450262614,120.7179506678522],"image-00098.jpg":[24.321164558415305,120.71790982603862],"image-00104.jpg":[24.3212335566142,120.71785219530256],"image-00054.jpg":[24.320539105110676,120.71841096628663],"image-00124.jpg":[24.321366190534054,120.71774972850724],"image-00001.jpg":[24.319737850935528,120.7190309192349],"image-00031.jpg":[24.320226337890716,120.71865037829932],"image-00078.jpg":[24.320891790395567,120.71813192114253],"image-00110.jpg":[24.321286681407077,120.71780870263945],"image-00059.jpg":[24.32060938821134,120.71835418399063],"image-00090.jpg":[24.321062166554192,120.71799318868472],"image-00123.jpg":[24.32136162562599,120.71775335661985],"image-00118.jpg":[24.321334836348072,120.71777332600635],"image-00043.jpg":[24.320389923149847,120.7185265592677],"image-00064.jpg":[24.320683083043228,120.71829456601691],"image-00075.jpg":[24.320846552693467,120.71816785729538],"image-00035.jpg":[24.320280718516,120.7186088860249],"image-00010.jpg":[24.31990089396496,120.71890305073617],"image-00046.jpg":[24.320431380246752,120.71849534394457],"image-00114.jpg":[24.321311559584796,120.71779017016193],"image-00052.jpg":[24.32051239131946,120.71843166627568],"image-00099.jpg":[24.321176751803954,120.71789996753105],"image-00058.jpg":[24.32059581080218,120.71836510849458],"image-00112.jpg":[24.321299196426033,120.7177993624087],"image-00125.jpg":[24.321370725059076,120.71774619591964],"image-00083.jpg":[24.320965425029623,120.71807197409343],"image-00039.jpg":[24.320335716524113,120.71856725739121],"image-00062.jpg":[24.32065313156839,120.71831831386118],"image-00023.jpg":[24.32011333808847,120.71873933103507],"image-00105.jpg":[24.321231824604983,120.71785462103975],"image-00028.jpg":[24.32018424859273,120.71868302941084],"image-00120.jpg":[24.321346163591596,120.71776524653365],"image-00033.jpg":[24.32025383633041,120.7186289860082],"image-00002.jpg":[24.319741457673477,120.71902794779538],"image-00079.jpg":[24.320907561282063,120.71811863889381],"image-00027.jpg":[24.3201705608504,120.71869369585768],"image-00057.jpg":[24.320581521374052,120.71837682758768],"image-00096.jpg":[24.321139843557784,120.71792999714235],"image-00004.jpg":[24.319778765598183,120.71899893966108],"image-00109.jpg":[24.32128029206913,120.71781350137448],"image-00093.jpg":[24.321101853225617,120.7179612767348],"image-00106.jpg":[24.321253882927795,120.71783638633657],"image-00045.jpg":[24.32041719262748,120.71850599068696],"image-00016.jpg":[24.320005078110132,120.71882353579335],"image-00053.jpg":[24.320525402988324,120.71842184770017],"image-00103.jpg":[24.3215477910566,120.71721994925679],"image-00081.jpg":[24.320936918423403,120.71809513421302],"image-00061.jpg":[24.320638380011534,120.71833040803106],"image-00014.jpg":[24.319971899962162,120.71884904591892],"image-00012.jpg":[24.319937485916324,120.71887553481852],"image-00044.jpg":[24.32040334398311,120.71851643641577],"image-00116.jpg":[24.321323315271364,120.71778146460616],"image-00074.jpg":[24.320830739068153,120.71818025550844],"image-00119.jpg":[24.32134061751901,120.71776926096393],"image-00030.jpg":[24.320213115423503,120.71865960471298],"image-00073.jpg":[24.32081664338368,120.71819160810264],"image-00088.jpg":[24.321035759118857,120.71801427358942],"image-00049.jpg":[24.320472500796075,120.71846380386201],"image-00042.jpg":[24.32037638595319,120.71853671459436],"image-00055.jpg":[24.32055351061109,120.71839939349755],"image-00067.jpg":[24.320727231480788,120.71826057150952],"image-00024.jpg":[24.320127845691342,120.71872761840064],"image-00097.jpg":[24.321152635278025,120.71791968590009],"image-00086.jpg":[24.321007959443822,120.7180372600153],"image-00068.jpg":[24.320742406972577,120.7182483781026],"image-00018.jpg":[24.32003725829021,120.71879871971615],"image-00060.jpg":[24.320623778530493,120.71834230050558],"image-00007.jpg":[24.31984262617953,120.71894889907233],"image-00122.jpg":[24.321356598974834,120.71775721530666],"image-00022.jpg":[24.320098894737658,120.71875030331368],"image-00015.jpg":[24.319989152187336,120.71883600980453],"image-00063.jpg":[24.320668198012903,120.71830618015875],"image-00100.jpg":[24.32118854205151,120.71789020997363],"image-00037.jpg":[24.320308215431844,120.71858817107659],"image-00115.jpg":[24.32131743118673,120.71778610323399],"image-00087.jpg":[24.321021576163304,120.71802628827835],"image-00011.jpg":[24.319919494628365,120.71888912332328],"image-00084.jpg":[24.32097982341319,120.718060347869],"image-00091.jpg":[24.32107593569443,120.71798222985981],"image-00047.jpg":[24.320445140940226,120.71848488207155],"image-00038.jpg":[24.320321775789715,120.71857775556404],"image-00101.jpg":[24.32119999650603,120.71788051265469],"image-00017.jpg":[24.320021279029906,120.71881085367465],"image-00006.jpg":[24.31982214159694,120.71896502760788],"image-00072.jpg":[24.320801691858705,120.71820312421156],"image-00036.jpg":[24.320294721139256,120.71859837298457],"image-00056.jpg":[24.320567714530945,120.71838796416162],"image-00107.jpg":[24.321268896036425,120.71782164599892],"image-00003.jpg":[24.319756255539623,120.71901654064692],"image-00092.jpg":[24.3210889670634,120.71797183395351],"image-00121.jpg":[24.321351433282246,120.71776109985466],"image-00076.jpg":[24.32086159835441,120.71815598975614],"image-00041.jpg":[24.32036303167465,120.71854659677805],"image-00082.jpg":[24.320951264326848,120.71808359594911],"image-00032.jpg":[24.320239853532744,120.71863981994072],"image-00021.jpg":[24.320083562213032,120.71876250816902],"image-00108.jpg":[24.32127463829311,120.71781747058562],"image-00048.jpg":[24.32045902791053,120.71847415667517],"image-00026.jpg":[24.320156361239253,120.71870497781885],"image-00065.jpg":[24.320698139436693,120.7182830233263],"image-00089.jpg":[24.321049106694314,120.71800357594887],"image-00029.jpg":[24.320198395091023,120.71867209342682],"image-00071.jpg":[24.320787356581025,120.71821373110447],"image-00009.jpg":[24.319882541397615,120.71891782562444],"image-00113.jpg":[24.321305138031658,120.71779468233393],"image-00051.jpg":[24.32049890394445,120.71844305831502]}