{"image-00070.jpg":[24.140127745381264,120.66786821755753],"image-00095.jpg":[24.140370207743874,120.66759400169755],"image-00034.jpg":[24.13960873471565,120.66844463501599],"image-00102.jpg":[24.14041479031912,120.66754630785567],"image-00077.jpg":[24.140210775940496,120.66777360944766],"image-00111.jpg":[24.140456688883912,120.66750025917251],"image-00117.jpg":[24.14047374573245,120.66748085752727],"image-00008.jpg":[24.13909490613448,120.66895811398095],"image-00085.jpg":[24.140289669870707,120.66768311614678],"image-00020.jpg":[24.139350984410033,120.66871480553355],"image-00069.jpg":[24.140114998251175,120.66788278064382],"image-00013.jpg":[24.139202928709466,120.66885568774849],"image-00080.jpg":[24.140242382613867,120.66773726742846],"image-00050.jpg":[24.139854640733994,120.66816964068644],"image-00066.jpg":[24.140075473456104,120.66792697385314],"image-00005.jpg":[24.139032270089718,120.66902434528137],"image-00040.jpg":[24.13970734677379,120.66833537463052],"image-00025.jpg":[24.139441741535407,120.66862138357965],"image-00019.jpg":[24.139330676808935,120.66873447076108],"image-00094.jpg":[24.14036322888082,120.66760156952219],"image-00098.jpg":[24.140390024079647,120.66757256782833],"image-00104.jpg":[24.140426050174252,120.667534089596],"image-00054.jpg":[24.13991053684449,120.66810931421017],"image-00124.jpg":[24.140485853446222,120.66746687655541],"image-00001.jpg":[24.138973279564485,120.6690874490616],"image-00031.jpg":[24.139554081234326,120.66850238435742],"image-00078.jpg":[24.14022151865591,120.66776120172963],"image-00110.jpg":[24.140452861857778,120.66750437633783],"image-00059.jpg":[24.139980397570508,120.66803256515206],"image-00090.jpg":[24.140332887341554,120.66763497597151],"image-00123.jpg":[24.140484611614646,120.6674684294486],"image-00118.jpg":[24.140475680077813,120.66747870471923],"image-00043.jpg":[24.13975173078668,120.66828461132471],"image-00064.jpg":[24.140048627288948,120.66795713641588],"image-00075.jpg":[24.140188515500302,120.66779926500824],"image-00035.jpg":[24.13962636648116,120.66842569168236],"image-00010.jpg":[24.139137507244776,120.66891629066623],"image-00046.jpg":[24.139794938289647,120.66823572370333],"image-00114.jpg":[24.14046618891384,120.66748963357026],"image-00052.jpg":[24.139880883645667,120.66814087669376],"image-00099.jpg":[24.140396364716867,120.66756577994227],"image-00058.jpg":[24.13996611474403,120.6680481461084],"image-00112.jpg":[24.140460170534162,120.66749642512829],"image-00125.jpg":[24.140486655785793,120.6674659686247],"image-00083.jpg":[24.140271577433808,120.66770381254477],"image-00039.jpg":[24.139691569867114,120.66835281313135],"image-00062.jpg":[24.140021518164367,120.66798725377735],"image-00023.jpg":[24.13940894285405,120.6686563161585],"image-00105.jpg":[24.140431163921903,120.66752841824862],"image-00028.jpg":[24.139499703714797,120.66855947726822],"image-00120.jpg":[24.140480156320457,120.66747356504231],"image-00033.jpg":[24.139590722044055,120.66846377608051],"image-00002.jpg":[24.138976636975396,120.669083709529],"image-00079.jpg":[24.140232022478084,120.66774912180293],"image-00027.jpg":[24.139481387730214,120.66857901475913],"image-00057.jpg":[24.139953082151163,120.66806295532567],"image-00096.jpg":[24.140377057084113,120.66758667590696],"image-00004.jpg":[24.13901481833455,120.66904267114828],"image-00109.jpg":[24.140448857954592,120.66750879310314],"image-00093.jpg":[24.140356436010435,120.6676094759905],"image-00106.jpg":[24.14043601009674,120.66752314447183],"image-00045.jpg":[24.139780433115295,120.66825184084576],"image-00016.jpg":[24.13926707023846,120.66879565224293],"image-00053.jpg":[24.139895495953287,120.66812490734611],"image-00103.jpg":[24.14042055707834,120.66754009565071],"image-00081.jpg":[24.140252440151666,120.66772575982912],"image-00061.jpg":[24.140007910638356,120.66800216958772],"image-00014.jpg":[24.139224653126657,120.6688352804342],"image-00012.jpg":[24.139180690770118,120.66887581690466],"image-00044.jpg":[24.139765729195958,120.66826820121561],"image-00116.jpg":[24.140471063131486,120.66748392061527],"image-00074.jpg":[24.14017725055615,120.66781250246515],"image-00119.jpg":[24.140477843829917,120.66747621060745],"image-00030.jpg":[24.13953549380528,120.66852116195491],"image-00073.jpg":[24.14016522493313,120.66782597439293],"image-00088.jpg":[24.140316129339247,120.6676534284122],"image-00049.jpg":[24.13983750951831,120.66818815828262],"image-00042.jpg":[24.13973733373828,120.66830117671867],"image-00055.jpg":[24.13992442292394,120.66809380411527],"image-00067.jpg":[24.140088740353054,120.66791216415976],"image-00024.jpg":[24.13942687815525,120.66863724452216],"image-00097.jpg":[24.140383330940534,120.667579526902],"image-00086.jpg":[24.140298729456163,120.66767302126689],"image-00068.jpg":[24.14010181907816,120.66789741161863],"image-00018.jpg":[24.13930789762445,120.66875703037765],"image-00060.jpg":[24.13999434585942,120.6680172025564],"image-00007.jpg":[24.13907380745753,120.66897984062837],"image-00122.jpg":[24.140483487225858,120.66746973134227],"image-00022.jpg":[24.13938707717262,120.66867888498277],"image-00015.jpg":[24.139249591824075,120.66881202116133],"image-00063.jpg":[24.140035045705734,120.66797217044663],"image-00100.jpg":[24.140402823131435,120.66755915430886],"image-00037.jpg":[24.139659978470664,120.66838864314218],"image-00115.jpg":[24.1404687458125,120.66748665551385],"image-00087.jpg":[24.140307539215446,120.66766312168895],"image-00011.jpg":[24.139158829158422,120.66889593522203],"image-00084.jpg":[24.140280740066977,120.6676933720275],"image-00091.jpg":[24.140340827840113,120.66762608779513],"image-00047.jpg":[24.139809270998676,120.66821979443085],"image-00038.jpg":[24.13967594028662,120.6683706083824],"image-00101.jpg":[24.14040877057022,120.66755263819311],"image-00017.jpg":[24.13928754188717,120.66877627875182],"image-00006.jpg":[24.139052731159037,120.66900199713831],"image-00072.jpg":[24.140153239067683,120.66783970536854],"image-00036.jpg":[24.139643734349534,120.6684070077185],"image-00056.jpg":[24.139938848601673,120.66807830473252],"image-00107.jpg":[24.14044042492678,120.66751819350858],"image-00003.jpg":[24.138990178115684,120.66906868775617],"image-00092.jpg":[24.140349074153534,120.66761760322477],"image-00121.jpg":[24.14048163502093,120.66747185133839],"image-00076.jpg":[24.14020001708503,120.66778628801917],"image-00041.jpg":[24.139723027530263,120.66831808893156],"image-00082.jpg":[24.140262174411763,120.66771462273486],"image-00032.jpg":[24.139572533673636,120.66848330539901],"image-00021.jpg":[24.139370831459907,120.66869516145715],"image-00108.jpg":[24.14044461772626,120.66751343511604],"image-00048.jpg":[24.139823468683932,120.66820395598931],"image-00026.jpg":[24.139462999452334,120.66859855860989],"image-00065.jpg":[24.140062269939744,120.66794196951548],"image-00089.jpg":[24.140324604028255,120.66764400863033],"image-00029.jpg":[24.13951784770954,120.66854014072823],"image-00071.jpg":[24.14014090499543,120.6678537918961],"image-00009.jpg":[24.13911610993253,120.66893685179588],"image-00113.jpg":[24.140463269304675,120.66749290059526],"image-00051.jpg":[24.139866694728973,120.66815657869978]}