{
    "image-00044.jpg": {
        "24.139683,120.668374": [
            62985.0, 
            62985.0, 
            66076.0, 
            67100.0, 
            67100.0, 
            67100.0, 
            62493.0, 
            63005.0, 
            64541.0, 
            66589.0, 
            67101.0, 
            68125.0, 
            68125.0, 
            61470.0, 
            61982.0, 
            62494.0, 
            63006.0, 
            64030.0, 
            67102.0, 
            68126.0, 
            64544.0, 
            66592.0, 
            67103.0, 
            67103.0, 
            62497.0, 
            62497.0, 
            63009.0, 
            65057.0, 
            66081.0, 
            68641.0, 
            69153.0, 
            69665.0, 
            62498.0, 
            67106.0, 
            64547.0, 
            65571.0, 
            66083.0, 
            66595.0, 
            68131.0, 
            66596.0, 
            67108.0, 
            68132.0, 
            68644.0, 
            69156.0, 
            66598.0, 
            69160.0, 
            69161.0, 
            69673.0, 
            62985.0, 
            62473.0, 
            63510.0, 
            64022.0, 
            63501.0, 
            63503.0
        ]
    }, 
    "image-00004.jpg": {
        "24.139111,120.669007": [
            65021.0, 
            66578.0, 
            67090.0, 
            67090.0, 
            68114.0, 
            68114.0, 
            67091.0, 
            67091.0, 
            68115.0, 
            68115.0, 
            68115.0, 
            68116.0, 
            68119.0, 
            67097.0, 
            67097.0, 
            68121.0, 
            69145.0, 
            67099.0, 
            69147.0, 
            69149.0, 
            69149.0, 
            69661.0, 
            70173.0, 
            66078.0, 
            67102.0, 
            68126.0, 
            68638.0, 
            69662.0, 
            62495.0, 
            66591.0, 
            68127.0, 
            68127.0, 
            65569.0, 
            69153.0, 
            65058.0, 
            66082.0, 
            66082.0, 
            68130.0, 
            69154.0, 
            70178.0, 
            70178.0, 
            63011.0, 
            64547.0, 
            65059.0, 
            65059.0, 
            67107.0, 
            68131.0, 
            68131.0, 
            68131.0, 
            68643.0, 
            68643.0, 
            69155.0, 
            69155.0, 
            70179.0, 
            64548.0, 
            64548.0, 
            65060.0, 
            65060.0, 
            66084.0, 
            66084.0, 
            68132.0, 
            68132.0, 
            68132.0, 
            68644.0, 
            68644.0, 
            69156.0, 
            69156.0, 
            64550.0, 
            65574.0, 
            65574.0, 
            66598.0, 
            68646.0, 
            68646.0, 
            68646.0, 
            69158.0, 
            69158.0, 
            69158.0, 
            69670.0, 
            70694.0, 
            61479.0, 
            61479.0, 
            61479.0, 
            63015.0, 
            63015.0, 
            65575.0, 
            67111.0, 
            67111.0, 
            68647.0, 
            68647.0, 
            64552.0, 
            64552.0, 
            65576.0, 
            65576.0, 
            66088.0, 
            67112.0, 
            67112.0, 
            67112.0, 
            68136.0, 
            69672.0, 
            69672.0, 
            70184.0, 
            63017.0, 
            63017.0, 
            64041.0, 
            64041.0, 
            64553.0, 
            64553.0, 
            65065.0, 
            65065.0, 
            65065.0, 
            65577.0, 
            66601.0, 
            66601.0, 
            67113.0, 
            67113.0, 
            68137.0, 
            68137.0, 
            68137.0, 
            69161.0, 
            69161.0, 
            69673.0, 
            70185.0, 
            70185.0, 
            64555.0, 
            64555.0, 
            64555.0, 
            66603.0, 
            67115.0, 
            67115.0, 
            67115.0, 
            62508.0, 
            62508.0, 
            64556.0, 
            64556.0, 
            64556.0, 
            66604.0, 
            67116.0, 
            67116.0, 
            63021.0, 
            63021.0, 
            69165.0, 
            69165.0, 
            69165.0, 
            64558.0, 
            68142.0, 
            68142.0, 
            65071.0, 
            66095.0, 
            66095.0, 
            64561.0, 
            64561.0, 
            65585.0, 
            65585.0
        ]
    }, 
    "image-00006.jpg": {
        "24.139389,120.668694": [
            74489.0, 
            74489.0, 
            74489.0, 
            74498.0, 
            74498.0, 
            74498.0, 
            72963.0, 
            73478.0, 
            72967.0, 
            69866.0
        ]
    }, 
    "image-00011.jpg": {
        "24.139237,120.668866": [
            65561.0, 
            66585.0, 
            66075.0, 
            66075.0, 
            66075.0, 
            66075.0, 
            67099.0, 
            67099.0, 
            65052.0, 
            65052.0, 
            65052.0, 
            65052.0, 
            65564.0, 
            65564.0, 
            65564.0, 
            65564.0, 
            64541.0, 
            64541.0, 
            65565.0, 
            65565.0, 
            66589.0, 
            66589.0, 
            66589.0, 
            68125.0, 
            68125.0, 
            64030.0, 
            64030.0, 
            65054.0, 
            65054.0, 
            66590.0, 
            66590.0, 
            66590.0, 
            65055.0, 
            65055.0, 
            68127.0, 
            68127.0, 
            68127.0, 
            66081.0, 
            66081.0, 
            68129.0, 
            67106.0, 
            68130.0, 
            66083.0, 
            66595.0, 
            66595.0, 
            67107.0, 
            67107.0, 
            68643.0, 
            68643.0, 
            68643.0, 
            68643.0, 
            65574.0, 
            67110.0, 
            67110.0, 
            70182.0, 
            65575.0, 
            67111.0, 
            68135.0, 
            66600.0, 
            67112.0, 
            67112.0, 
            69160.0, 
            65577.0, 
            65577.0, 
            66089.0, 
            66089.0, 
            66601.0, 
            66601.0, 
            67113.0, 
            67113.0, 
            67113.0, 
            68137.0, 
            68649.0, 
            69161.0, 
            65579.0, 
            67115.0, 
            67115.0, 
            69163.0, 
            67628.0, 
            65581.0, 
            65582.0, 
            65073.0, 
            65073.0
        ]
    },