{"image-00070.jpg":[24.140188622866667,120.66789537119537],"image-00095.jpg":[24.140439044402417,120.66762497050586],"image-00034.jpg":[24.139654780789215,120.66846478749196],"image-00102.jpg":[24.140484575183976,120.6675777074816],"image-00077.jpg":[24.140274449941682,120.66780210474843],"image-00111.jpg":[24.140527679257183,120.6675322316253],"image-00117.jpg":[24.140545339678802,120.66751312206569],"image-00008.jpg":[24.13913848688776,120.66897780114577],"image-00085.jpg":[24.140356197719598,120.66771299238923],"image-00020.jpg":[24.139393257144015,120.66873338673253],"image-00069.jpg":[24.140175421403512,120.66790971456997],"image-00013.jpg":[24.13924584516427,120.668874846796],"image-00080.jpg":[24.140307194748488,120.66776631250451],"image-00050.jpg":[24.139907901631076,120.66819320324649],"image-00066.jpg":[24.140134702244822,120.66795334023989],"image-00005.jpg":[24.139074880311508,120.66904362432318],"image-00040.jpg":[24.13975606432173,120.66835677710203],"image-00025.jpg":[24.13948497681799,120.66864032426969],"image-00019.jpg":[24.139372917200696,120.66875306594518],"image-00094.jpg":[24.14043189847158,120.66763246112137],"image-00098.jpg":[24.14045931801697,120.6676037466551],"image-00104.jpg":[24.140496128533172,120.66756562712713],"image-00054.jpg":[24.139965091003464,120.66813347197154],"image-00124.jpg":[24.140557907873962,120.66749936500814],"image-00001.jpg":[24.139014860331567,120.66910628384795],"image-00031.jpg":[24.139599200899138,120.66852213599267],"image-00078.jpg":[24.140285588928702,120.66778988881259],"image-00110.jpg":[24.140523762194547,120.66753630712486],"image-00059.jpg":[24.14003683704402,120.66805760855743],"image-00090.jpg":[24.140400714842265,120.66766547040096],"image-00123.jpg":[24.140556598876472,120.66750088454833],"image-00118.jpg":[24.140547330517357,120.66751099600033],"image-00043.jpg":[24.13980193953158,120.66830672773963],"image-00064.jpg":[24.140106979422512,120.66798308166759],"image-00075.jpg":[24.140251364395425,120.66782736033406],"image-00035.jpg":[24.139672773411892,120.66844600613442],"image-00010.jpg":[24.139181108424225,120.66893591833224],"image-00046.jpg":[24.13984655263359,120.66825851276334],"image-00114.jpg":[24.140537484904083,120.66752175277473],"image-00052.jpg":[24.139934838340103,120.66816476431154],"image-00099.jpg":[24.140465792304308,120.66759701933621],"image-00058.jpg":[24.140022198738563,120.66807302449973],"image-00112.jpg":[24.14053125318341,120.66752844071688],"image-00125.jpg":[24.14055873579946,120.66749846927823],"image-00083.jpg":[24.140337471371524,120.66773338323469],"image-00039.jpg":[24.13973986263658,120.66837401681914],"image-00062.jpg":[24.140079117127566,120.66801284543885],"image-00023.jpg":[24.139451642785957,120.66867502957973],"image-00105.jpg":[24.14050141414787,120.66756003919693],"image-00028.jpg":[24.139543984891763,120.66857887429751],"image-00120.jpg":[24.140551972957383,120.66750593703017],"image-00033.jpg":[24.13963643983295,120.66848378430086],"image-00002.jpg":[24.139018303903647,120.66910258407006],"image-00079.jpg":[24.140296466425358,120.66777798902689],"image-00027.jpg":[24.139525352499295,120.66859827530831],"image-00057.jpg":[24.14000875241695,120.66808763696326],"image-00096.jpg":[24.14044603607202,120.66761770904205],"image-00004.jpg":[24.139057206371685,120.66906186262992],"image-00109.jpg":[24.140519641513166,120.66754066837177],"image-00093.jpg":[24.140424835938052,120.6676402360369],"image-00106.jpg":[24.140506393005182,120.66755482823552],"image-00045.jpg":[24.139831637096073,120.66827443660127],"image-00016.jpg":[24.139309495544502,120.66881444863935],"image-00053.jpg":[24.13994985408811,120.66814898583466],"image-00103.jpg":[24.1404904745044,120.66757155626925],"image-00081.jpg":[24.14031761899435,120.6677549827517],"image-00061.jpg":[24.140065156815336,120.66802759660325],"image-00014.jpg":[24.139267455747564,120.66885434555049],"image-00012.jpg":[24.139223944785705,120.6688951908411],"image-00044.jpg":[24.139816502755018,120.66829059308863],"image-00116.jpg":[24.14054256563804,120.66751614124055],"image-00074.jpg":[24.14023964369591,120.6678403756444],"image-00119.jpg":[24.140549580017254,120.66750854386441],"image-00030.jpg":[24.139580500929306,120.66854088499619],"image-00073.jpg":[24.140227260668173,120.6678536784101],"image-00088.jpg":[24.140383500660796,120.66768370847593],"image-00049.jpg":[24.139890366482035,120.66821153437192],"image-00042.jpg":[24.13978704138502,120.6683230524575],"image-00055.jpg":[24.139979385761123,120.66811815526219],"image-00067.jpg":[24.140148366225986,120.66793871906816],"image-00024.jpg":[24.13946986747524,120.6686560805388],"image-00097.jpg":[24.140452526065562,120.66761066411033],"image-00086.jpg":[24.140365530869996,120.66770302770458],"image-00068.jpg":[24.140161857734284,120.66792416332424],"image-00018.jpg":[24.139350038143608,120.66877560889348],"image-00060.jpg":[24.1400511991277,120.66804244343695],"image-00007.jpg":[24.13911717703051,120.66899945130905],"image-00122.jpg":[24.14055543084346,120.66750216517795],"image-00022.jpg":[24.13942951103534,120.66869749307835],"image-00015.jpg":[24.13929217953993,120.66883093241816],"image-00063.jpg":[24.14009302869513,120.66799794278185],"image-00100.jpg":[24.14047233235598,120.66759042676719],"image-00037.jpg":[24.13970724155093,120.66840935445796],"image-00115.jpg":[24.140540148596013,120.66751882718034],"image-00087.jpg":[24.140374621992834,120.6676932627791],"image-00011.jpg":[24.1392023441461,120.66891548288729],"image-00084.jpg":[24.140346937741388,120.667723088049],"image-00091.jpg":[24.140408916657503,120.6676567081255],"image-00047.jpg":[24.139861305968438,120.66824278293963],"image-00038.jpg":[24.139723707244702,120.66839155975256],"image-00101.jpg":[24.140478436812874,120.6675839842093],"image-00017.jpg":[24.13932983909212,120.66879497406781],"image-00006.jpg":[24.139095792089506,120.66902147968756],"image-00072.jpg":[24.140214867614443,120.66786721422625],"image-00036.jpg":[24.13969049424831,120.668427480176],"image-00056.jpg":[24.139994152030983,120.66810281375103],"image-00107.jpg":[24.140510939269706,120.66754993946533],"image-00003.jpg":[24.1390321755932,120.6690877135412],"image-00092.jpg":[24.14041726882558,120.66764826651985],"image-00121.jpg":[24.140553513223125,120.6675042536115],"image-00076.jpg":[24.140263230989152,120.66781455750659],"image-00041.jpg":[24.139772158028254,120.66833968410594],"image-00082.jpg":[24.1403277103119,120.66774401898583],"image-00032.jpg":[24.139617877195768,120.6685031453237],"image-00021.jpg":[24.139413187129747,120.6687137549705],"image-00108.jpg":[24.14051528256198,120.66754525412945],"image-00048.jpg":[24.13987590625652,120.66822713382632],"image-00026.jpg":[24.13950665414047,120.66861768592345],"image-00065.jpg":[24.140121053149528,120.66796812174539],"image-00089.jpg":[24.14039222627351,120.66767440784835],"image-00029.jpg":[24.139562489401214,120.6685596993936],"image-00071.jpg":[24.140202108084157,120.66788109604609],"image-00009.jpg":[24.139159784705278,120.66895655338578],"image-00113.jpg":[24.140534468905646,120.66752497333033],"image-00051.jpg":[24.139920244910186,120.66818027509012]}