{"image-00070.jpg":[24.14021695332294,120.66788770714597],"image-00095.jpg":[24.140467661628186,120.66761916882633],"image-00034.jpg":[24.139684101814254,120.66845290787914],"image-00102.jpg":[24.140512761687788,120.66757225115629],"image-00077.jpg":[24.14030308194483,120.66779514184924],"image-00111.jpg":[24.140555573474153,120.66752701300639],"image-00117.jpg":[24.140573244963246,120.66750801087434],"image-00008.jpg":[24.139177129536215,120.66896022340967],"image-00085.jpg":[24.140385116430984,120.66770660865441],"image-00020.jpg":[24.139425220852655,120.66871882473927],"image-00069.jpg":[24.14020372117992,120.66790196124107],"image-00013.jpg":[24.139281725711417,120.66885861686345],"image-00080.jpg":[24.14033598499964,120.66775960415946],"image-00050.jpg":[24.139937302773937,120.66818349393569],"image-00066.jpg":[24.140163036171455,120.66794527536746],"image-00005.jpg":[24.139113992425006,120.66902533795235],"image-00040.jpg":[24.13978527503699,120.668345799664],"image-00025.jpg":[24.13951576212369,120.66862675341436],"image-00019.jpg":[24.13940542869609,120.66873833355724],"image-00094.jpg":[24.14046056426896,120.66762660484883],"image-00098.jpg":[24.140487796159988,120.66759810702972],"image-00104.jpg":[24.14052420973477,120.6675602357125],"image-00054.jpg":[24.139994040701474,120.66812419063143],"image-00124.jpg":[24.140585867412742,120.6674943375132],"image-00001.jpg":[24.139054257798854,120.66908730811892],"image-00031.jpg":[24.139629049764395,120.66850972841479],"image-00078.jpg":[24.140314285895155,120.66778301346429],"image-00110.jpg":[24.14055169472612,120.66753106331464],"image-00059.jpg":[24.140065444598896,120.66804884649159],"image-00090.jpg":[24.140429528339503,120.66765939847171],"image-00123.jpg":[24.140584528563764,120.66749584597821],"image-00118.jpg":[24.14057523243516,120.66750590013487],"image-00043.jpg":[24.13983139565649,120.6682961659742],"image-00064.jpg":[24.140135358790843,120.6679748445541],"image-00075.jpg":[24.140279889728266,120.66782023081025],"image-00035.jpg":[24.139701975927427,120.66843429352352],"image-00010.jpg":[24.139218899426776,120.66891885780082],"image-00046.jpg":[24.139876085192938,120.66824830030373],"image-00114.jpg":[24.140565348841754,120.66751659053283],"image-00052.jpg":[24.139964101537196,120.66815525205493],"image-00099.jpg":[24.140494212698318,120.66759143099888],"image-00058.jpg":[24.140050884178084,120.66806414668798],"image-00112.jpg":[24.1405591362535,120.6675232514794],"image-00125.jpg":[24.14058669745229,120.66749344882305],"image-00083.jpg":[24.140366321666225,120.66772685633018],"image-00039.jpg":[24.139769105182722,120.66836290049011],"image-00062.jpg":[24.140107516973746,120.66800436401803],"image-00023.jpg":[24.139482603733576,120.66866106693942],"image-00105.jpg":[24.140529449620477,120.66755466114412],"image-00028.jpg":[24.139574405435024,120.66856592621886],"image-00120.jpg":[24.14057988792812,120.66750087063254],"image-00033.jpg":[24.139665918895716,120.66847173342839],"image-00002.jpg":[24.13905771186611,120.66908364782489],"image-00079.jpg":[24.140325222763348,120.6677712034578],"image-00027.jpg":[24.1395558808029,120.6685851206866],"image-00057.jpg":[24.14003737546951,120.66807863090628],"image-00096.jpg":[24.14047459072235,120.66761196358058],"image-00004.jpg":[24.139096441346705,120.66904335374079],"image-00109.jpg":[24.140547597198154,120.66753540031674],"image-00093.jpg":[24.140453459533674,120.66763433233857],"image-00106.jpg":[24.140534381388132,120.667549474475],"image-00045.jpg":[24.139861188925742,120.6682641005691],"image-00016.jpg":[24.139343532281437,120.66879896685188],"image-00053.jpg":[24.13997899931431,120.668139556514],"image-00103.jpg":[24.140518610652094,120.66756614272231],"image-00081.jpg":[24.140346430196278,120.66774833968208],"image-00061.jpg":[24.140093618951592,120.66801900560807],"image-00014.jpg":[24.139302675938367,120.66883832900814],"image-00012.jpg":[24.139260538116172,120.66887866168118],"image-00044.jpg":[24.13984608307423,120.66828014236525],"image-00116.jpg":[24.14057045988709,120.66751100727393],"image-00074.jpg":[24.140268057471836,120.66783315188275],"image-00119.jpg":[24.140577485417264,120.66750345852708],"image-00030.jpg":[24.13961063213344,120.66852825605446],"image-00073.jpg":[24.140255666464835,120.66784634863838],"image-00088.jpg":[24.140412383746877,120.66767750789533],"image-00049.jpg":[24.13991990367694,120.668201696175],"image-00042.jpg":[24.139816398671588,120.668312354596],"image-00055.jpg":[24.140008330619636,120.6681089915543],"image-00067.jpg":[24.140176683442952,120.66793075801246],"image-00024.jpg":[24.139500723907663,120.6686423296766],"image-00097.jpg":[24.140481097510623,120.66760496669662],"image-00086.jpg":[24.14039442750516,120.66769670882599],"image-00068.jpg":[24.14019019514878,120.66791631226084],"image-00018.jpg":[24.139383035954527,120.66876065379722],"image-00060.jpg":[24.14007970726283,120.66803375397834],"image-00007.jpg":[24.139156074098715,120.66898162847926],"image-00122.jpg":[24.140583355132723,120.66749711905817],"image-00022.jpg":[24.139460773711214,120.66868331510184],"image-00015.jpg":[24.139326678609336,120.6688152153969],"image-00063.jpg":[24.140121430719987,120.6679895854221],"image-00100.jpg":[24.140500642850203,120.66758489100133],"image-00037.jpg":[24.13973639504264,120.66839796814544],"image-00115.jpg":[24.140568022544254,120.66751367770681],"image-00087.jpg":[24.140403512329893,120.66768700724325],"image-00011.jpg":[24.139239590591437,120.66889866877446],"image-00084.jpg":[24.140375827579675,120.66771664359905],"image-00091.jpg":[24.140437700285947,120.66765067858852],"image-00047.jpg":[24.13989080187069,120.66823267765774],"image-00038.jpg":[24.139752897886318,120.66838031345233],"image-00101.jpg":[24.140506715173863,120.66757849279796],"image-00017.jpg":[24.139363339497503,120.66877974268073],"image-00006.jpg":[24.139134878380936,120.66900342503965],"image-00072.jpg":[24.140243203554316,120.66785977251281],"image-00036.jpg":[24.13971959324029,120.66841593933228],"image-00056.jpg":[24.140022942698145,120.66809373989625],"image-00107.jpg":[24.140538932438524,120.66754462539143],"image-00003.jpg":[24.139071622142946,120.66906894231302],"image-00092.jpg":[24.14044592039358,120.66764230724365],"image-00121.jpg":[24.140581430664643,120.66749919313703],"image-00076.jpg":[24.140291772964883,120.66780752330392],"image-00041.jpg":[24.13980132942777,120.66832884522661],"image-00082.jpg":[24.140356538826385,120.66773743676424],"image-00032.jpg":[24.139647486068057,120.6684909265978],"image-00021.jpg":[24.139444727423655,120.66869938896933],"image-00108.jpg":[24.140543271264324,120.66753996216846],"image-00048.jpg":[24.139905408330346,120.66821716075654],"image-00026.jpg":[24.13953731050393,120.66860432985486],"image-00065.jpg":[24.140149360598116,120.66795995578155],"image-00089.jpg":[24.140421085282714,120.66766826854635],"image-00029.jpg":[24.139592736270963,120.66854690384291],"image-00071.jpg":[24.140230398353427,120.66787355421893],"image-00009.jpg":[24.13919808283514,120.66893923292918],"image-00113.jpg":[24.140562344647744,120.66751979602003],"image-00051.jpg":[24.139949557441426,120.66817065754216]}