{"image-00070.jpg":[23.017458473075884,120.21526076584453],"image-00095.jpg":[23.017105203526317,120.21498293573482],"image-00034.jpg":[23.018080165595034,120.21560047108372],"image-00102.jpg":[23.017016510740273,120.214913894873],"image-00077.jpg":[23.01735456347404,120.215180652595],"image-00111.jpg":[23.01690590708612,120.21482818839328],"image-00117.jpg":[23.016835601277524,120.21477449412134],"image-00008.jpg":[23.01857000475359,120.21569389784419],"image-00085.jpg":[23.01724099856376,120.2150906364295],"image-00020.jpg":[23.018331638867675,120.21564961746908],"image-00069.jpg":[23.017474178276967,120.21527262668334],"image-00013.jpg":[23.01846741474316,120.21567249050042],"image-00080.jpg":[23.017311671711788,120.21514688956736],"image-00050.jpg":[23.01777840825534,120.21548398865448],"image-00066.jpg":[23.017520639936876,120.21530750521629],"image-00005.jpg":[23.018634181884977,120.21570821877448],"image-00040.jpg":[23.017966111018946,120.21556586954014],"image-00025.jpg":[23.018240251835092,120.21563420894532],"image-00019.jpg":[23.018350485888163,120.21565254462215],"image-00094.jpg":[23.017118200199842,120.21499310684722],"image-00098.jpg":[23.01706657089983,120.2149530436347],"image-00104.jpg":[23.016991684660034,120.2148946981097],"image-00054.jpg":[23.01771017878411,120.21544200462858],"image-00124.jpg":[23.01675682214516,120.21471448338704],"image-00001.jpg":[23.01869694524128,120.21572251992629],"image-00031.jpg":[23.018135423598277,120.21561363630511],"image-00078.jpg":[23.017339936518,120.21516931513297],"image-00110.jpg":[23.016917818601687,120.21483739034996],"image-00059.jpg":[23.01762915784914,120.21538718453417],"image-00090.jpg":[23.017171783717487,120.21503532882534],"image-00123.jpg":[23.01676779040083,120.21472298496232],"image-00118.jpg":[23.01682411557208,120.21476586132106],"image-00043.jpg":[23.017908205049576,120.21554439700796],"image-00064.jpg":[23.017551647025755,120.21533071275624],"image-00075.jpg":[23.017383178818594,120.21520301300272],"image-00035.jpg":[23.018061573768076,120.21559553538809],"image-00010.jpg":[23.018528173185484,120.21568536097868],"image-00046.jpg":[23.01785095591836,120.21552032112977],"image-00114.jpg":[23.016870468190497,120.21480118182127],"image-00052.jpg":[23.017743875095327,120.21546350867936],"image-00099.jpg":[23.017053979217906,120.21494323415978],"image-00058.jpg":[23.01764503316612,120.21539840435659],"image-00112.jpg":[23.016893921119426,120.21481896847075],"image-00125.jpg":[23.016745894587807,120.21470622582879],"image-00083.jpg":[23.017269433948545,120.215113247847],"image-00039.jpg":[23.017985335943433,120.21557238425041],"image-00062.jpg":[23.01758242089153,120.2153536517687],"image-00023.jpg":[23.018276608309957,120.21564058909709],"image-00105.jpg":[23.016979161837163,120.21488521121539],"image-00028.jpg":[23.01818970462517,120.21562444552384],"image-00120.jpg":[23.016801455155456,120.21474865226315],"image-00033.jpg":[23.018098778333318,120.21560532732664],"image-00002.jpg":[23.018693099959492,120.21572151895518],"image-00079.jpg":[23.017325760724795,120.2151580427483],"image-00027.jpg":[23.018207551710848,120.21562784065392],"image-00057.jpg":[23.01766112644859,120.21540972161426],"image-00096.jpg":[23.017092232659046,120.21497287368774],"image-00004.jpg":[23.018655962849724,120.21571328394106],"image-00109.jpg":[23.016929911137087,120.21484685300699],"image-00093.jpg":[23.017131412979303,120.2150034915368],"image-00106.jpg":[23.01696680298723,120.21487551849211],"image-00045.jpg":[23.017869934752532,120.21552875449848],"image-00016.jpg":[23.01840773968995,120.21566182473896],"image-00053.jpg":[23.017726866788557,120.21545274260026],"image-00103.jpg":[23.017004021455694,120.21490429500062],"image-00081.jpg":[23.017297800175538,120.21513568152713],"image-00061.jpg":[23.01759786527132,120.215364905359],"image-00014.jpg":[23.018447456961155,120.21566864584753],"image-00012.jpg":[23.0184871568154,120.2156764537201],"image-00044.jpg":[23.01788886558147,120.21553665686955],"image-00116.jpg":[23.016847138629817,120.21478341543164],"image-00074.jpg":[23.017397878346944,120.2152143036462],"image-00119.jpg":[23.016812682385087,120.2147571824686],"image-00030.jpg":[23.018153717410293,120.21561734562928],"image-00073.jpg":[23.01741274112809,120.21522588274783],"image-00088.jpg":[23.017198956690446,120.2150571711879],"image-00049.jpg":[23.017796035665576,120.21549353511539],"image-00042.jpg":[23.01792766493459,120.2155519080253],"image-00055.jpg":[23.017693737248067,120.21543137662096],"image-00067.jpg":[23.017505147762844,120.21529575391952],"image-00024.jpg":[23.018258299463835,120.21563744185619],"image-00097.jpg":[23.01707937194079,120.21496297032864],"image-00086.jpg":[23.01722700259719,120.21507948089061],"image-00068.jpg":[23.017489710386347,120.21528420616562],"image-00018.jpg":[23.01836939508858,120.21565537249575],"image-00060.jpg":[23.017613434529068,120.21537590703862],"image-00007.jpg":[23.018591026345195,120.21569865300728],"image-00122.jpg":[23.01677880591418,120.21473138546683],"image-00022.jpg":[23.018294771768716,120.21564376561587],"image-00015.jpg":[23.018426941228732,120.21566522109384],"image-00063.jpg":[23.017567000163226,120.21534221545306],"image-00100.jpg":[23.017041345162095,120.21493336968243],"image-00037.jpg":[23.018023587625276,120.21558440577796],"image-00115.jpg":[23.016858730845055,120.21479218586065],"image-00087.jpg":[23.01721301366654,120.2150682232584],"image-00011.jpg":[23.018507510810434,120.21568082419779],"image-00084.jpg":[23.017255224027586,120.21510193122774],"image-00091.jpg":[23.01715825035446,120.21502455152682],"image-00047.jpg":[23.01783226660796,120.21551144980018],"image-00038.jpg":[23.01800457581164,120.21557868715314],"image-00101.jpg":[23.017028855110606,120.2149235725914],"image-00017.jpg":[23.01838854344592,120.21565857156628],"image-00006.jpg":[23.01861241558918,120.21570340858975],"image-00072.jpg":[23.017427684227076,120.21523743376882],"image-00036.jpg":[23.01804268801729,120.2155902792874],"image-00056.jpg":[23.017677439899362,120.21542093483524],"image-00107.jpg":[23.01695444269692,120.21486586764118],"image-00003.jpg":[23.018678126047195,120.21571825283557],"image-00092.jpg":[23.017144810221144,120.21501401767608],"image-00121.jpg":[23.016790058571658,120.2147399648517],"image-00076.jpg":[23.017368792278177,120.21519180723794],"image-00041.jpg":[23.01794683395422,120.21555900425395],"image-00082.jpg":[23.017283453815313,120.21512455613347],"image-00032.jpg":[23.01811713609607,120.2156096894529],"image-00021.jpg":[23.018312914983806,120.21564653520136],"image-00108.jpg":[23.016942111889094,120.21485617703786],"image-00048.jpg":[23.017814044666828,120.21550284199401],"image-00026.jpg":[23.01822242833239,120.21563072090301],"image-00065.jpg":[23.017536118582047,120.21531920631912],"image-00089.jpg":[23.017185292131558,120.21504623362827],"image-00029.jpg":[23.018171760846773,120.21562097769313],"image-00071.jpg":[23.017442794948387,120.21524903631197],"image-00009.jpg":[23.018548871664734,120.21568961505517],"image-00113.jpg":[23.01688215953675,120.2148099326661],"image-00051.jpg":[23.01776097833606,120.21547385672946]}