{
    "image-00087.jpg": {
        "23.017282,120.215164": [
            60953.0, 
            69145.0, 
            69657.0, 
            69657.0, 
            69658.0, 
            68124.0, 
            68636.0, 
            68636.0, 
            68125.0, 
            68637.0, 
            61470.0, 
            61471.0, 
            61471.0, 
            61986.0, 
            61986.0, 
            62499.0, 
            61990.0, 
            61990.0, 
            61990.0, 
            62502.0, 
            62502.0, 
            62502.0, 
            64038.0, 
            64038.0, 
            64550.0, 
            64550.0, 
            64550.0, 
            63015.0, 
            63015.0, 
            62504.0, 
            62504.0, 
            63016.0, 
            63016.0, 
            62505.0, 
            64014.0
        ]
    }, 
    "image-00090.jpg": {
        "23.017216,120.215114": [
            67102.0, 
            67102.0, 
            67614.0, 
            67614.0, 
            68638.0, 
            68127.0, 
            68127.0, 
            68639.0, 
            68639.0, 
            68639.0, 
            69151.0, 
            68129.0, 
            68129.0, 
            68641.0, 
            68641.0, 
            69153.0, 
            69153.0, 
            69665.0, 
            69665.0, 
            69665.0, 
            67106.0, 
            68130.0, 
            68642.0, 
            68642.0, 
            68642.0, 
            69154.0, 
            69154.0, 
            69154.0, 
            69666.0, 
            69666.0, 
            68131.0, 
            68131.0, 
            68131.0, 
            69155.0, 
            69155.0, 
            69155.0, 
            71204.0, 
            71204.0, 
            68132.0, 
            68132.0, 
            68132.0, 
            69668.0, 
            69668.0, 
            68646.0, 
            68646.0, 
            69158.0, 
            69158.0, 
            69670.0, 
            69670.0, 
            70182.0, 
            70694.0, 
            68647.0, 
            69671.0, 
            69671.0, 
            68126.0, 
            56825.0
        ]
    }, 
    "image-00026.jpg": {
        "23.018272,120.215687": [
            64489.0, 
            65513.0, 
            67051.0, 
            65006.0, 
            67054.0, 
            62958.0, 
            71721.0, 
            59422.0, 
            63467.0, 
            66545.0, 
            72235.0, 
            70699.0, 
            62443.0, 
            65521.0, 
            61937.0, 
            66557.0, 
            67581.0, 
            68605.0, 
            65068.0, 
            65534.0, 
            68594.0, 
            65582.0, 
            65070.0, 
            72750.0, 
            67570.0, 
            68607.0, 
            64048.0, 
            65523.0, 
            68097.0, 
            67574.0, 
            65526.0, 
            62466.0, 
            61940.0, 
            59895.0, 
            58871.0, 
            69646.0, 
            69624.0, 
            68600.0, 
            57377.0, 
            68099.0, 
            67576.0, 
            66052.0, 
            65519.0, 
            65525.0, 
            68601.0, 
            71205.0, 
            66554.0, 
            67078.0, 
            71157.0, 
            72230.0, 
            67579.0, 
            71207.0, 
            66087.0, 
            65575.0, 
            68603.0, 
            60912.0, 
            68598.0, 
            72232.0, 
            73256.0, 
            67079.0
        ]
    }, 
    "image-00024.jpg": {
        "23.018360,120.215709": [
            64555.0, 
            61996.0, 
            64557.0, 
            65069.0, 
            60974.0, 
            64491.0, 
            61419.0, 
            60395.0, 
            62955.0, 
            61931.0, 
            67580.0, 
            67080.0, 
            66557.0, 
            64509.0, 
            65533.0, 
            68605.0, 
            66058.0, 
            67559.0, 
            67058.0, 
            65522.0, 
            68082.0, 
            66034.0, 
            63474.0, 
            64023.0, 
            68096.0, 
            67560.0, 
            68595.0, 
            70686.0, 
            67063.0, 
            67575.0, 
            68098.0, 
            68584.0, 
            66062.0, 
            67086.0, 
            65015.0, 
            66051.0, 
            63465.0, 
            65513.0, 
            62953.0, 
            63481.0, 
            64489.0, 
            70171.0, 
            62969.0, 
            68586.0, 
            67573.0, 
            64506.0, 
            67578.0, 
            65530.0, 
            68602.0, 
            67562.0, 
            66032.0, 
            71196.0, 
            70172.0, 
            65013.0, 
            66054.0, 
            68581.0, 
            64496.0, 
            60924.0, 
            67580.0
        ]
    }, 
    "image-00041.jpg": {
        "23.018096,120.215639": [
            65026.0, 
            62980.0, 
            69156.0, 
            61478.0, 
            69158.0, 
            69158.0, 
            69158.0, 
            69159.0, 
            69159.0, 
            69159.0, 
            68648.0, 
            68137.0, 
            68649.0, 
            72235.0, 
            68651.0, 
            68651.0, 
            69163.0, 
            69675.0, 
            66093.0, 
            68655.0, 
            58353.0, 
            67582.0, 
            68106.0, 
            69631.0, 
            68108.0, 
            67585.0, 
            69146.0, 
            67106.0, 
            68130.0, 
            68643.0, 
            59427.0, 
            65028.0, 
            65572.0, 
            61477.0, 
            63014.0, 
            67110.0
        ]
    }, 
    "image-00094.jpg": {
        "23.017076,120.215007": [
            69145.0, 
            62491.0, 
            58923.0, 
            58923.0, 
            65067.0, 
            67115.0, 
            67115.0, 
            64556.0, 
            67116.0, 
            67116.0, 
            68140.0, 
            68140.0, 
            67117.0, 
            67117.0, 
            66606.0, 
            67118.0, 
            67118.0, 
            67118.0, 
            67119.0, 
            67119.0, 
            67049.0, 
            66540.0, 
            66029.0, 
            65066.0, 
            65578.0, 
            58387.0, 
            60436.0, 
            72237.0, 
            61462.0, 
            62486.0, 
            72241.0, 
            68590.0, 
            68122.0, 
            63515.0, 
            63472.0, 
            68592.0, 
            68637.0, 
            65065.0
        ]
    }
}