{"image-00070.jpg":[23.017464696256095,120.21524980639273],"image-00095.jpg":[23.017100376148417,120.21496560828409],"image-00034.jpg":[23.018102952179394,120.21559998582146],"image-00102.jpg":[23.01700910371013,120.21489456652705],"image-00077.jpg":[23.017357411948083,120.21516817623811],"image-00111.jpg":[23.01689530957422,120.21480632439523],"image-00117.jpg":[23.016823013630226,120.21475097123547],"image-00008.jpg":[23.01860157029642,120.21570283810343],"image-00085.jpg":[23.01724025583376,120.21507616604984],"image-00020.jpg":[23.01835889469128,120.21565411258436],"image-00069.jpg":[23.01748087810873,120.21526195944877],"image-00013.jpg":[23.018497035784478,120.21567960524825],"image-00080.jpg":[23.017313134933516,120.21513373621447],"image-00050.jpg":[23.017794309123826,120.2154781673095],"image-00066.jpg":[23.017528787584226,120.21529760781138],"image-00005.jpg":[23.018666938308435,120.21571840308303],"image-00040.jpg":[23.01798653989561,120.21556327303824],"image-00025.jpg":[23.018265998028333,120.21563675567492],"image-00019.jpg":[23.018378052882184,120.2156574298454],"image-00094.jpg":[23.017113767455992,120.2149760379524],"image-00098.jpg":[23.017060613582572,120.21493486746549],"image-00104.jpg":[23.01698356162416,120.2148748022924],"image-00054.jpg":[23.017724137537797,120.21543508566135],"image-00124.jpg":[23.01674200072527,120.21468911764089],"image-00001.jpg":[23.01873083223088,120.21573401153898],"image-00031.jpg":[23.0181592700134,120.21561418517595],"image-00078.jpg":[23.017342310258464,120.21515662164705],"image-00110.jpg":[23.016907577272093,120.21481576986506],"image-00059.jpg":[23.017640680419813,120.21537901405526],"image-00090.jpg":[23.017168941273866,120.2150194221199],"image-00123.jpg":[23.016753288523873,120.21469786371249],"image-00118.jpg":[23.01681120879765,120.21474206069381],"image-00043.jpg":[23.017927275593024,120.21554090189252],"image-00064.jpg":[23.017560767715747,120.21532131049479],"image-00075.jpg":[23.0173869710394,120.21519093649343],"image-00035.jpg":[23.018083990603944,120.21559470728197],"image-00010.jpg":[23.018558975188057,120.21569350037164],"image-00046.jpg":[23.017868666949315,120.21551583748355],"image-00114.jpg":[23.016858856478553,120.21477850921366],"image-00052.jpg":[23.017758812702514,120.21545712472894],"image-00099.jpg":[23.0170476539601,120.21492477737866],"image-00058.jpg":[23.017657038066694,120.21539049099961],"image-00112.jpg":[23.01688297496046,120.2147968394646],"image-00125.jpg":[23.01673076151022,120.21468061172304],"image-00083.jpg":[23.017269545038978,120.21509938195015],"image-00039.jpg":[23.01800617175615,120.21557015517403],"image-00062.jpg":[23.01759253408417,120.21534467637036],"image-00023.jpg":[23.018302983313365,120.215643859727],"image-00105.jpg":[23.01697068104449,120.21486503097492],"image-00028.jpg":[23.01821455419746,120.21562599288686],"image-00120.jpg":[23.0167878961067,120.21472434592292],"image-00033.jpg":[23.01812191647209,120.21560522291021],"image-00002.jpg":[23.018726915337066,120.21573292971524],"image-00079.jpg":[23.0173276765282,120.21514512027765],"image-00027.jpg":[23.01823272067303,120.2156297320513],"image-00057.jpg":[23.017673629943115,120.21540204456736],"image-00096.jpg":[23.017087030197587,120.21495525041433],"image-00004.jpg":[23.018689131217368,120.21572388291949],"image-00109.jpg":[23.016920018518043,120.21482551444547],"image-00093.jpg":[23.017127368579015,120.21498671644991],"image-00106.jpg":[23.016957962924025,120.21485505552964],"image-00045.jpg":[23.017888090332622,120.2155246341348],"image-00016.jpg":[23.018436326583107,120.21566774648488],"image-00053.jpg":[23.017741320731275,120.2154460695049],"image-00103.jpg":[23.016996263703803,120.21488466269768],"image-00081.jpg":[23.017298807397186,120.21512231322973],"image-00061.jpg":[23.01760845814563,120.21535617300613],"image-00014.jpg":[23.018476696203134,120.21567542877659],"image-00012.jpg":[23.018517170450817,120.21568387097547],"image-00044.jpg":[23.01790748339311,120.21553283213439],"image-00116.jpg":[23.0168348883779,120.21476014584586],"image-00074.jpg":[23.01740214864069,120.21520243816798],"image-00119.jpg":[23.01679943967695,120.21473314218841],"image-00030.jpg":[23.018177898308327,120.21561824228695],"image-00073.jpg":[23.017417514168297,120.2152141951035],"image-00088.jpg":[23.017196956797342,120.21504179374357],"image-00049.jpg":[23.017812400491074,120.21548801936363],"image-00042.jpg":[23.017947183039364,120.21554874911729],"image-00055.jpg":[23.01770722076242,120.21542418474398],"image-00067.jpg":[23.017512804128394,120.21528561307053],"image-00024.jpg":[23.01828435758554,120.21564035159415],"image-00097.jpg":[23.017073794673756,120.21494506379352],"image-00086.jpg":[23.017225848919303,120.21506469086631],"image-00068.jpg":[23.017496895965767,120.21527378849893],"image-00018.jpg":[23.018397298263935,120.21566059009827],"image-00060.jpg":[23.017624498422364,120.2153674312716],"image-00007.jpg":[23.018622987966737,120.21570799041352],"image-00122.jpg":[23.01676461026925,120.21470653604872],"image-00022.jpg":[23.01832146388099,120.21564739073997],"image-00015.jpg":[23.01845587071943,120.21567150293454],"image-00063.jpg":[23.0175766153597,120.21533303043773],"image-00100.jpg":[23.017034652222947,120.21491462692833],"image-00037.jpg":[23.01804522740288,120.21558287520355],"image-00115.jpg":[23.01684679189704,120.21476922353787],"image-00087.jpg":[23.017211437646846,120.21505313455923],"image-00011.jpg":[23.018537912155814,120.21568860527958],"image-00084.jpg":[23.017254915148385,120.21508774739598],"image-00091.jpg":[23.01715500807278,120.21500834174586],"image-00047.jpg":[23.01784952512088,120.21550661415239],"image-00038.jpg":[23.018025829839253,120.21557679075643],"image-00101.jpg":[23.017021807556876,120.21490452505628],"image-00017.jpg":[23.018416795290428,120.21566412346758],"image-00006.jpg":[23.018644772106562,120.21571316427813],"image-00072.jpg":[23.01743294643035,120.21522595708521],"image-00036.jpg":[23.018064719265283,120.21558911363084],"image-00056.jpg":[23.01769044570304,120.21541349180973],"image-00107.jpg":[23.01694525555728,120.21484509657081],"image-00003.jpg":[23.018711674383475,120.2157293527129],"image-00092.jpg":[23.01714116625403,120.21499752538264],"image-00121.jpg":[23.016776172377902,120.21471540058437],"image-00076.jpg":[23.017372120316367,120.21517950837261],"image-00041.jpg":[23.01796683168806,120.2155560750625],"image-00082.jpg":[23.017284006134894,120.21511095057272],"image-00032.jpg":[23.01814063895141,120.21560989974547],"image-00021.jpg":[23.018339892525656,120.21565056518992],"image-00108.jpg":[23.01693256420272,120.21483512761696],"image-00048.jpg":[23.017830868987676,120.21549764944496],"image-00026.jpg":[23.01824785928756,120.21563291099433],"image-00065.jpg":[23.017544754350773,120.21530955634282],"image-00089.jpg":[23.017182879064226,120.2150305686844],"image-00029.jpg":[23.01819627367629,120.21562221155813],"image-00071.jpg":[23.017448536385984,120.21523780374687],"image-00009.jpg":[23.018580052095597,120.21569815076701],"image-00113.jpg":[23.016870880576633,120.21478752327988],"image-00051.jpg":[23.017776403530508,120.21546773773866]}