{"image-00087.jpg":{"23.017282,120.215164":[-3001658222613364700,-9474975481662013000,1102222061377421300,-7.129258632659912,-22.504074096679688,-2.0328574180603027,-6.390487194061279,-20.17208480834961,-2.0840914249420166,-6.390487194061279,-20.17208480834961,-2.0840914249420166,-6.648325443267822,-20.124767303466797,-2.087475061416626,-10.25166130065918,-28.651472091674805,-1.8695263862609863,-8.838841438293457,-24.702905654907227,-1.935327172279358,-8.838841438293457,-24.702905654907227,-1.935327172279358,-10.613759994506836,-28.55384063720703,-1.8715146780014038,-9.149697303771973,-24.61511993408203,-1.937101125717163,-3581620094817534000,-9285001862614876000,980171322891960300,-3695292004943528000,-9240350695410893000,980171391611437000,-3695292004943528000,-9240350695410893000,980171391611437000,-4037470193989976000,-9108387309845217000,857972974970470400,-4037470193989976000,-9108387309845217000,857972974970470400,-4153012373394817000,-9067045672640840000,735645365713240000,-4479534616373362700,-8899306377730589000,857973043689947100,-4479534616373362700,-8899306377730589000,857973043689947100,-4479534616373362700,-8899306377730589000,857973043689947100,-4483930738739118000,-8908040898101641000,735645571871670300,-4483930738739118000,-8908040898101641000,735645571871670300,-4483930738739118000,-8908040898101641000,735645571871670300,-4493066580854309000,-8926190536541340000,368071790959788000,-4493066580854309000,-8926190536541340000,368071790959788000,-4494759279005270000,-8929552843099079000,245411923032539140,-4494759279005270000,-8929552843099079000,245411923032539140,-4494759279005270000,-8929552843099079000,245411923032539140,-4596720290783822000,-8859692073293447000,613207118098464800,-4596720290783822000,-8859692073293447000,613207118098464800,-4701194511265563000,-8795316766998790000,735645503152193500,-4701194511265563000,-8795316766998790000,735645503152193500,-4705096128276726000,-8802615874939781000,613207186817941500,-4705096128276726000,-8802615874939781000,613207186817941500,-4808772927950422000,-8736963485889462000,735645709310623700,-15.37558364868164,-88.6116714477539,3.312528610229492]},"image-00090.jpg":{"23.017216,120.215114":[-13.963838577270508,-46.86176300048828,-1.4920412302017212,-13.963838577270508,-46.86176300048828,-1.4920412302017212,-13.939309120178223,-46.796470642089844,-1.9866411685943604,-13.939309120178223,-46.796470642089844,-1.9866411685943604,-10.512392044067383,-37.675315856933594,-2.2641797065734863,-12.087637901306152,-40.67952346801758,-2.0927555561065674,-12.087637901306152,-40.67952346801758,-2.0927555561065674,-10.89389705657959,-37.616920471191406,-2.270217180252075,-10.89389705657959,-37.616920471191406,-2.270217180252075,-10.89389705657959,-37.616920471191406,-2.270217180252075,-8.765820503234863,-32.15724182128906,-2.1456918716430664,-12.969435691833496,-40.621315002441406,-2.1097333431243896,-12.969435691833496,-40.621315002441406,-2.1097333431243896,-11.65854263305664,-37.48769760131836,-2.2825071811676025,-11.65854263305664,-37.48769760131836,-2.2825071811676025,-9.341392517089844,-31.948673248291016,-2.1476054191589355,-9.341392517089844,-31.948673248291016,-2.1476054191589355,-8.263524055480957,-29.372081756591797,-2.181169271469116,-8.263524055480957,-29.372081756591797,-2.181169271469116,-8.263524055480957,-29.372081756591797,-2.181169271469116,-20.655242919921875,-57.317691802978516,-1.9415868520736694,-13.414241790771484,-40.58811950683594,-2.1185574531555176,-12.04161548614502,-37.41680908203125,-2.288760185241699,-12.04161548614502,-37.41680908203125,-2.288760185241699,-12.04161548614502,-37.41680908203125,-2.288760185241699,-9.627543449401855,-31.839351654052734,-2.1485915184020996,-9.627543449401855,-31.839351654052734,-2.1485915184020996,-9.627543449401855,-31.839351654052734,-2.1485915184020996,-8.517173767089844,-29.273958206176758,-2.1820597648620605,-8.517173767089844,-29.273958206176758,-2.1820597648620605,-13.861740112304688,-40.55215072631836,-2.1276113986968994,-13.861740112304688,-40.55215072631836,-2.1276113986968994,-13.861740112304688,-40.55215072631836,-2.1276113986968994,-9.912555694580078,-31.7266845703125,-2.1495988368988037,-9.912555694580078,-31.7266845703125,-2.1495988368988037,-9.912555694580078,-31.7266845703125,-2.1495988368988037,-6.760519981384277,-24.1783390045166,-2.279754638671875,-6.760519981384277,-24.1783390045166,-2.279754638671875,-14.311988830566406,-40.51336669921875,-2.1368954181671143,-14.311988830566406,-40.51336669921875,-2.1368954181671143,-14.311988830566406,-40.51336669921875,-2.1368954181671143,-9.044113159179688,-29.118114471435547,-2.189246416091919,-9.044113159179688,-29.118114471435547,-2.189246416091919,-13.57809829711914,-37.090816497802734,-2.314497947692871,-13.57809829711914,-37.090816497802734,-2.314497947692871,-10.760394096374512,-31.36870002746582,-2.152738094329834,-10.760394096374512,-31.36870002746582,-2.152738094329834,-9.575310707092285,-28.962068557739258,-2.1979119777679443,-9.575310707092285,-28.962068557739258,-2.1979119777679443,-8.652517318725586,-27.088085174560547,-2.2431156635284424,-7.828696250915527,-25.415096282958984,-2.2647337913513184,-13.963085174560547,-36.998565673828125,-2.3211135864257812,-9.840867042541504,-28.880205154418945,-2.2023990154266357,-9.840867042541504,-28.880205154418945,-2.2023990154266357,-11.650529861450195,-40.70460510253906,-2.0845961570739746,5.46125602722168,-63.48052215576172,12.301969528198242]},