{"image-00070.jpg":[23.017465466404325,120.21524395797412],"image-00095.jpg":[23.01710329269329,120.21494319639464],"image-00034.jpg":[23.018096777621817,120.21568330521038],"image-00102.jpg":[23.017012585311267,120.21486793209138],"image-00077.jpg":[23.017358838019327,120.21515661885401],"image-00111.jpg":[23.01689950524991,120.21477429052624],"image-00117.jpg":[23.01682768126379,120.21471521720028],"image-00008.jpg":[23.018586170309234,120.215925378339],"image-00085.jpg":[23.01724235544775,120.21505953565767],"image-00020.jpg":[23.018348005450594,120.21580835480981],"image-00069.jpg":[23.01748154210422,120.215257038398],"image-00013.jpg":[23.018483524613465,120.21587364141253],"image-00080.jpg":[23.017314818323644,120.21512012736821],"image-00050.jpg":[23.0177925461095,120.21549900689413],"image-00066.jpg":[23.017529135642423,120.2152955660302],"image-00005.jpg":[23.0186503737738,120.21595834752429],"image-00040.jpg":[23.017982236650536,120.21561926338278],"image-00025.jpg":[23.01825687829698,120.21576432046075],"image-00019.jpg":[23.01836679367686,120.21581728036972],"image-00094.jpg":[23.017116603303503,120.21495424216062],"image-00098.jpg":[23.01706377948658,120.21491053167964],"image-00104.jpg":[23.016987204335585,120.21484693863349],"image-00054.jpg":[23.017723034846693,120.21544798932533],"image-00124.jpg":[23.01674720005676,120.21464912452954],"image-00001.jpg":[23.018713132627703,120.21599080902999],"image-00031.jpg":[23.018152111653155,120.2157121767107],"image-00078.jpg":[23.017343827472253,120.21514428667149],"image-00110.jpg":[23.0169116962523,120.21478434496018],"image-00059.jpg":[23.01764025438161,120.21538444914059],"image-00090.jpg":[23.01717144792832,120.21499999874848],"image-00123.jpg":[23.016758417285917,120.21465840892319],"image-00118.jpg":[23.01681595668817,120.21470564701642],"image-00043.jpg":[23.01792383426746,120.21558448243621],"image-00064.jpg":[23.017560903953893,120.21532122814723],"image-00075.jpg":[23.01738822333925,120.21518084191433],"image-00035.jpg":[23.018078136100293,120.2156732895919],"image-00010.jpg":[23.01854435102595,120.21590437213342],"image-00046.jpg":[23.017866019699177,120.21554834116714],"image-00114.jpg":[23.016863290558586,120.2147445614574],"image-00052.jpg":[23.017757400527504,120.21547364413132],"image-00099.jpg":[23.017050899824444,120.2148998433318],"image-00058.jpg":[23.01765648933489,120.2153971918767],"image-00112.jpg":[23.01688724920206,120.21476418796291],"image-00125.jpg":[23.016736035816887,120.21464000001765],"image-00083.jpg":[23.01727147467355,120.21508393525437],"image-00039.jpg":[23.018001567341873,120.21563047316],"image-00062.jpg":[23.017592459853763,120.21534661161459],"image-00023.jpg":[23.01829316636561,120.2157819656868],"image-00105.jpg":[23.016974409166828,120.21483646781996],"image-00028.jpg":[23.01820638455256,120.21573925491057],"image-00120.jpg":[23.016792797396675,120.21468667848285],"image-00033.jpg":[23.018115418655025,120.21569329806933],"image-00002.jpg":[23.018709282631423,120.21598874495044],"image-00079.jpg":[23.017329276502505,120.21513215556216],"image-00027.jpg":[23.018224214702975,120.21574806970708],"image-00057.jpg":[23.017672956289854,120.21541006456215],"image-00096.jpg":[23.01709003021125,120.21493220883592],"image-00004.jpg":[23.018672176027167,120.21596965645895],"image-00109.jpg":[23.016924061267733,120.21479464047108],"image-00093.jpg":[23.017130122489114,120.21496551229275],"image-00106.jpg":[23.016961768345865,120.21482593500153],"image-00045.jpg":[23.017885188514324,120.21556060992805],"image-00016.jpg":[23.018423955838337,120.21584456036139],"image-00053.jpg":[23.017740067174532,120.21546073909171],"image-00103.jpg":[23.016999828087986,120.21485739703584],"image-00081.jpg":[23.01730056772845,120.21510815411504],"image-00061.jpg":[23.017608271973145,120.21535920840057],"image-00014.jpg":[23.018463558672146,120.21586377921486],"image-00012.jpg":[23.018503293800713,120.2158834815329],"image-00044.jpg":[23.017904318591576,120.21557251141044],"image-00116.jpg":[23.016839481428715,120.21472496873541],"image-00074.jpg":[23.017403307339908,120.21519317014791],"image-00119.jpg":[23.016804264622962,120.21469608589236],"image-00030.jpg":[23.018170400234748,120.21572134758657],"image-00073.jpg":[23.01741858268205,120.21520571714089],"image-00088.jpg":[23.01719930736039,120.21502343419806],"image-00049.jpg":[23.01781043850534,120.21551141665324],"image-00042.jpg":[23.017943457420618,120.21559636352538],"image-00055.jpg":[23.017706266509094,120.21543538478824],"image-00067.jpg":[23.017513254577977,120.21528265246928],"image-00024.jpg":[23.018274893055224,120.21577312082489],"image-00097.jpg":[23.01707687873609,120.21492136311235],"image-00086.jpg":[23.017228032244162,120.21504750041274],"image-00068.jpg":[23.017497452840264,120.2152698663655],"image-00018.jpg":[23.018385667161102,120.21582614326167],"image-00060.jpg":[23.017624191762412,120.2153717063645],"image-00007.jpg":[23.018607208181823,120.21593621149029],"image-00122.jpg":[23.01676966449761,120.21466766252158],"image-00022.jpg":[23.018311298569152,120.21579077130596],"image-00015.jpg":[23.018443132914,120.21585388561522],"image-00063.jpg":[23.01757664772449,120.21533392900065],"image-00100.jpg":[23.017037977967725,120.21488910381231],"image-00037.jpg":[23.018040004552542,120.21565219752429],"image-00115.jpg":[23.016851304438045,120.21473467443214],"image-00087.jpg":[23.01721370177062,120.21503541595916],"image-00011.jpg":[23.01852366334984,120.21589382095007],"image-00084.jpg":[23.017256929795483,120.21507172468628],"image-00091.jpg":[23.017157595708692,120.21498836973967],"image-00047.jpg":[23.017847116296924,120.21553592191411],"image-00038.jpg":[23.01802092034795,120.21564154557197],"image-00101.jpg":[23.017025211913356,120.21487844966768],"image-00017.jpg":[23.018404794811563,120.21583531864363],"image-00006.jpg":[23.01862860372512,120.2159471908391],"image-00072.jpg":[23.01743392145453,120.21521829205373],"image-00036.jpg":[23.018059184405168,120.21566297493582],"image-00056.jpg":[23.01768964004158,120.21542295541035],"image-00107.jpg":[23.016949139899687,120.21481541530903],"image-00003.jpg":[23.018694315566353,120.21598108838697],"image-00092.jpg":[23.01714383742089,120.21497693080863],"image-00121.jpg":[23.016781150221377,120.21467711753093],"image-00076.jpg":[23.017373461335087,120.21516867562957],"image-00041.jpg":[23.017962822340614,120.21560783946036],"image-00082.jpg":[23.01728585640812,120.21509604426141],"image-00032.jpg":[23.018133814837846,120.21570286970746],"image-00021.jpg":[23.01832936923325,120.21579934784225],"image-00108.jpg":[23.01693652514227,120.21480489614544],"image-00048.jpg":[23.017828693891744,120.21552383206188],"image-00026.jpg":[23.018239073715595,120.215755452913],"image-00065.jpg":[23.0175449991389,120.21530844623535],"image-00089.jpg":[23.017185309696362,120.21501166733054],"image-00029.jpg":[23.01818844013153,120.21573037440625],"image-00071.jpg":[23.0174494143619,120.2152309750872],"image-00009.jpg":[23.01856504469089,120.21591478414321],"image-00113.jpg":[23.01687523271562,120.21475427224229],"image-00051.jpg":[23.017774822346574,120.21548632241927]}