{
    "image-00085.jpg": {
        "22.331007,120.892469": [
            65021.0, 
            67069.0, 
            68110.0, 
            70168.0, 
            69657.0, 
            64029.0, 
            64029.0, 
            64541.0, 
            63006.0, 
            64030.0, 
            64542.0, 
            64542.0, 
            64031.0, 
            64031.0, 
            64546.0, 
            64546.0, 
            66082.0, 
            62499.0, 
            62502.0, 
            62502.0, 
            66087.0, 
            65064.0, 
            65576.0, 
            62505.0, 
            62505.0, 
            62505.0, 
            63017.0, 
            63017.0, 
            63017.0, 
            65065.0, 
            65065.0, 
            65577.0, 
            66089.0, 
            64043.0, 
            65067.0, 
            65579.0, 
            65579.0, 
            66091.0, 
            65580.0, 
            66092.0, 
            54240.0, 
            66044.0, 
            68116.0, 
            65534.0, 
            57824.0, 
            55776.0, 
            65582.0, 
            70143.0, 
            68619.0, 
            68118.0, 
            69131.0, 
            55774.0, 
            65025.0, 
            67608.0, 
            65566.0, 
            69624.0, 
            68600.0, 
            67618.0, 
            63010.0, 
            59871.0, 
            55780.0, 
            53732.0, 
            69626.0, 
            53727.0, 
            67612.0, 
            66077.0, 
            69160.0, 
            63528.0, 
            63016.0
        ]
    }, 
    "image-00092.jpg": {
        "22.330896,120.892410": [
            70138.0, 
            69644.0, 
            70674.0, 
            61463.0, 
            69655.0, 
            69655.0, 
            69655.0, 
            70167.0, 
            69144.0, 
            69656.0, 
            69656.0, 
            70684.0, 
            71197.0, 
            71197.0, 
            70174.0, 
            69154.0, 
            71209.0, 
            70185.0, 
            70185.0, 
            70185.0, 
            70697.0, 
            70697.0, 
            70697.0, 
            70700.0, 
            70700.0, 
            68082.0
        ]
    }, 
    "image-00067.jpg": {
        "22.331765,120.893019": [
            67080.0, 
            68105.0, 
            67083.0, 
            67083.0, 
            67084.0, 
            68108.0, 
            67085.0, 
            67085.0, 
            68109.0, 
            68109.0, 
            66574.0, 
            66574.0, 
            66574.0, 
            67598.0, 
            66575.0, 
            67087.0, 
            67089.0, 
            67089.0, 
            66578.0, 
            66578.0, 
            66578.0, 
            66578.0, 
            67090.0, 
            67090.0, 
            67090.0, 
            66579.0, 
            66579.0, 
            66579.0, 
            66579.0, 
            67091.0, 
            66580.0, 
            67092.0, 
            68116.0, 
            66582.0, 
            67094.0, 
            67094.0, 
            66583.0, 
            61929.0, 
            62961.0, 
            62963.0
        ]
    }, 
    "image-00079.jpg": {
        "22.331228,120.892602": [
            68102.0, 
            67084.0, 
            67086.0, 
            67087.0, 
            67087.0, 
            67087.0, 
            66577.0, 
            66577.0, 
            61975.0, 
            61975.0, 
            61975.0, 
            62487.0, 
            62487.0, 
            66071.0, 
            66071.0, 
            68631.0, 
            68631.0, 
            68631.0, 
            63000.0, 
            63000.0, 
            65048.0, 
            65048.0, 
            65048.0, 
            65048.0, 
            66072.0, 
            66584.0, 
            66584.0, 
            68632.0, 
            63513.0, 
            63513.0, 
            63513.0, 
            64537.0, 
            64537.0, 
            68123.0, 
            69659.0, 
            69659.0, 
            67101.0, 
            67101.0, 
            68125.0, 
            66078.0, 
            66590.0, 
            66590.0, 
            67102.0, 
            67102.0, 
            68126.0, 
            68126.0, 
            68126.0, 
            65567.0, 
            66079.0, 
            66079.0, 
            66079.0, 
            66591.0, 
            66591.0, 
            67103.0, 
            67103.0, 
            65569.0, 
            66593.0, 
            66593.0, 
            67105.0, 
            67105.0, 
            68129.0, 
            66082.0, 
            66082.0, 
            66082.0, 
            67106.0, 
            67106.0, 
            67106.0, 
            65571.0, 
            66083.0, 
            66083.0, 
            66595.0, 
            66595.0, 
            66595.0, 
            62957.0, 
            62446.0, 
            61935.0, 
            69116.0, 
            69118.0, 
            68106.0, 
            68107.0, 
            66571.0, 
            69121.0, 
            67585.0, 
            68621.0, 
            68109.0, 
            69656.0, 
            70680.0, 
            63966.0, 
            65040.0, 
            65552.0
        ]
    }, 
    "image-00095.jpg": {
        "22.330674,120.892301": [
            60431.0, 
            60431.0, 
            60433.0, 
            60433.0, 
            62481.0, 
            62952.0, 
            63977.0, 
            63977.0, 
            69100.0, 
            69615.0, 
            69615.0, 
            69615.0, 
            68593.0, 
            68593.0, 
            68593.0, 
            69105.0, 
            69105.0, 
            69105.0, 
            69617.0, 
            69617.0, 
            69617.0, 
            69617.0, 
            70129.0, 
            70129.0, 
            67570.0, 
            67570.0, 
            67570.0, 
            69106.0, 
            69106.0, 
            67572.0, 
            68596.0, 
            68596.0, 
            68596.0, 
            65512.0, 
            69123.0, 
            63977.0, 
            62992.0, 
            69127.0
        ]
    }, 
    "image-00076.jpg": {
        "22.331447,120.892766": [
            68099.0, 
            68100.0, 
            67078.0, 
            68102.0, 
            68620.0, 
            68620.0, 
            70669.0, 
            69134.0, 
            66063.0, 
            67087.0, 
            67087.0, 
            68111.0, 
            66066.0, 
            66067.0, 
            66067.0, 
            66579.0, 
            66579.0, 
            66071.0, 
            66071.0, 
            66583.0, 
            66583.0, 
            66583.0, 
            66072.0, 
            69666.0
        ]
    },