{"image-00070.jpg":[22.610325688165677,120.31264626206308],"image-00095.jpg":[22.610574544997814,120.31208268116183],"image-00034.jpg":[22.60956691718946,120.31346532158265],"image-00102.jpg":[22.610641822642364,120.31193029126216],"image-00077.jpg":[22.610399488881328,120.31248025033877],"image-00058.jpg":[22.610193625987783,120.3129418408666],"image-00117.jpg":[22.610780872375233,120.3116121433714],"image-00008.jpg":[22.60881834109587,120.31328008612812],"image-00085.jpg":[22.61047807815696,120.31230013321138],"image-00020.jpg":[22.609096646783406,120.31343172138583],"image-00069.jpg":[22.610315682956493,120.31266955462121],"image-00013.jpg":[22.608922179674696,120.31333757478531],"image-00080.jpg":[22.61042900931533,120.31241210614202],"image-00050.jpg":[22.610099947357266,120.31314783883468],"image-00066.jpg":[22.61028351359677,120.31274181108866],"image-00005.jpg":[22.60876470274233,120.3132428366671],"image-00040.jpg":[22.60988511289069,120.31340515766198],"image-00025.jpg":[22.609247876783375,120.3134564278738],"image-00019.jpg":[22.60906907936175,120.31342125433463],"image-00094.jpg":[22.610564870802968,120.31210458811296],"image-00098.jpg":[22.610603390101254,120.31201752036054],"image-00104.jpg":[22.610660848951646,120.31188704088919],"image-00054.jpg":[22.610146008445007,120.31304483590235],"image-00124.jpg":[22.610841197345618,120.31147309149327],"image-00001.jpg":[22.60871695464757,120.31320469504418],"image-00031.jpg":[22.609446243699683,120.31347508290398],"image-00078.jpg":[22.610409444070754,120.31245737824628],"image-00110.jpg":[22.610716399585325,120.31175895024609],"image-00059.jpg":[22.610205166220577,120.3129163965177],"image-00090.jpg":[22.610526134313094,120.31219122176643],"image-00123.jpg":[22.61083283143888,120.31149220232894],"image-00118.jpg":[22.610789775622457,120.31159174799564],"image-00043.jpg":[22.610013480877907,120.31333357093635],"image-00064.jpg":[22.610261804632493,120.31279087507403],"image-00075.jpg":[22.610378824076705,120.31252705010598],"image-00035.jpg":[22.609614030076433,120.31346168043355],"image-00010.jpg":[22.608858106258438,120.31330255207206],"image-00046.jpg":[22.610052456435408,120.31325298245721],"image-00114.jpg":[22.610753480759094,120.31167427531821],"image-00052.jpg":[22.610123046047406,120.31309584179718],"image-00099.jpg":[22.610612845014597,120.31199588646717],"image-00111.jpg":[22.610725929051405,120.31173755697705],"image-00112.jpg":[22.61073521469204,120.3117164487692],"image-00125.jpg":[22.61084966121663,120.31145398614555],"image-00083.jpg":[22.610458437581343,120.3123450779085],"image-00039.jpg":[22.60982951915597,120.3134250569378],"image-00062.jpg":[22.610239732288132,120.3128407209216],"image-00023.jpg":[22.60918668053822,120.31345582567698],"image-00105.jpg":[22.610669931246754,120.31186575010685],"image-00028.jpg":[22.609342470753152,120.313469179771],"image-00120.jpg":[22.610807369117637,120.3115512429757],"image-00033.jpg":[22.60952286644954,120.31346691103047],"image-00002.jpg":[22.608720320854136,120.31320584222189],"image-00079.jpg":[22.61041932519529,120.3124345923579],"image-00027.jpg":[22.609315690160024,120.31346915839893],"image-00057.jpg":[22.6101820134789,120.3129670930368],"image-00096.jpg":[22.610584136453355,120.31206092141832],"image-00004.jpg":[22.608748168149756,120.3132274718764],"image-00109.jpg":[22.610707246052108,120.31178022866797],"image-00093.jpg":[22.610555366664144,120.31212623793483],"image-00106.jpg":[22.61067843737644,120.31184520689912],"image-00045.jpg":[22.61003898520931,120.31328104177096],"image-00016.jpg":[22.608991347478234,120.31337560001116],"image-00053.jpg":[22.610134225578374,120.31307041568328],"image-00103.jpg":[22.610651124946855,120.31190882463451],"image-00081.jpg":[22.610438761247245,120.31238970493149],"image-00061.jpg":[22.610228463488077,120.31286558135525],"image-00014.jpg":[22.60894310264529,120.31335215203202],"image-00012.jpg":[22.608900030782785,120.31332826866509],"image-00044.jpg":[22.610027354792336,120.3133063564099],"image-00116.jpg":[22.610772071597218,120.31163240205554],"image-00074.jpg":[22.610368324402657,120.3125507872926],"image-00119.jpg":[22.610798672554107,120.311571444864],"image-00030.jpg":[22.609410861697064,120.31347378300138],"image-00073.jpg":[22.61035763871566,120.31257468910346],"image-00088.jpg":[22.610506876228385,120.31223442702807],"image-00049.jpg":[22.61008910271074,120.3131725627268],"image-00042.jpg":[22.609998675231076,120.31336330852426],"image-00055.jpg":[22.61015884928364,120.31301790337936],"image-00067.jpg":[22.610294285985816,120.31271753560222],"image-00024.jpg":[22.60921334605871,120.3134605950932],"image-00097.jpg":[22.61059352159728,120.31203948707905],"image-00086.jpg":[22.61048769908474,120.31227799466332],"image-00068.jpg":[22.610304755022735,120.31269373039214],"image-00018.jpg":[22.60904231655007,120.31340318742411],"image-00060.jpg":[22.61021671510186,120.31289120279135],"image-00007.jpg":[22.608801327335016,120.3132664135925],"image-00122.jpg":[22.61082439765233,120.31151172317072],"image-00022.jpg":[22.609156815312943,120.3134397129613],"image-00015.jpg":[22.60896658704357,120.31336415815599],"image-00063.jpg":[22.610250652173463,120.31281631408153],"image-00100.jpg":[22.610622376753795,120.31197414169564],"image-00037.jpg":[22.609721125174865,120.31345281137322],"image-00115.jpg":[22.610762994041593,120.31165332709024],"image-00087.jpg":[22.610497282668568,120.31225609687061],"image-00011.jpg":[22.60888063661238,120.31331269979994],"image-00084.jpg":[22.610468152911714,120.3123226618068],"image-00091.jpg":[22.61053582200549,120.31216971297911],"image-00047.jpg":[22.610065202667226,120.3132256018979],"image-00038.jpg":[22.609775324791794,120.3134442270391],"image-00101.jpg":[22.610632186287276,120.31195211562752],"image-00017.jpg":[22.60901626760001,120.31338937107003],"image-00006.jpg":[22.608784229023538,120.31325199067285],"image-00072.jpg":[22.6103468796094,120.31259859720228],"image-00036.jpg":[22.609664667294073,120.31345949641471],"image-00056.jpg":[22.610170410228314,120.31299249493193],"image-00107.jpg":[22.610688269610236,120.31182318922617],"image-00003.jpg":[22.608731774229895,120.31321415614718],"image-00092.jpg":[22.610545581041205,120.31214804631219],"image-00121.jpg":[22.610815897777655,120.31153139969945],"image-00076.jpg":[22.610389059219727,120.31250367896268],"image-00041.jpg":[22.60993928713701,120.31338564942214],"image-00082.jpg":[22.610448653935773,120.31236736738944],"image-00032.jpg":[22.609486761663256,120.31346905556266],"image-00021.jpg":[22.609126574037113,120.3134384917258],"image-00108.jpg":[22.61069783500478,120.31180138924734],"image-00048.jpg":[22.610077109152716,120.31319909629683],"image-00026.jpg":[22.609278832295743,120.31347064769821],"image-00065.jpg":[22.61027282648471,120.31276615226201],"image-00089.jpg":[22.610516408716634,120.31221284447082],"image-00029.jpg":[22.609375275160808,120.31346705502453],"image-00071.jpg":[22.610336100394136,120.31262266817322],"image-00009.jpg":[22.60883819133305,120.31329283073674],"image-00113.jpg":[22.610744430420752,120.3116952803085],"image-00051.jpg":[22.610111363482233,120.31312197526336]}