{"image-00070.jpg":[22.610341951249154,120.31266405465286],"image-00095.jpg":[22.610573253977197,120.31211549453978],"image-00034.jpg":[22.609656191406955,120.31341370914255],"image-00102.jpg":[22.610635809247654,120.31196711376964],"image-00077.jpg":[22.61041048470525,120.31250261017706],"image-00058.jpg":[22.610219356804667,120.31295139912899],"image-00117.jpg":[22.61076532647806,120.31165681235669],"image-00008.jpg":[22.608970914997183,120.3132018096927],"image-00085.jpg":[22.610483448421043,120.31232746832819],"image-00020.jpg":[22.60922951100066,120.31335292714257],"image-00069.jpg":[22.61033266338459,120.31268670312653],"image-00013.jpg":[22.609066629033716,120.31326081383116],"image-00080.jpg":[22.61043789913022,120.31243632976593],"image-00050.jpg":[22.6101325887079,120.31315120165334],"image-00066.jpg":[22.61030276005616,120.3127570383318],"image-00005.jpg":[22.608921511452674,120.31316386103572],"image-00040.jpg":[22.60993726403905,120.31339090850672],"image-00025.jpg":[22.609367109123255,120.31338519811436],"image-00019.jpg":[22.609204336115287,120.31334142186827],"image-00094.jpg":[22.610564237746154,120.31213687245227],"image-00098.jpg":[22.610600136335506,120.31205190968598],"image-00104.jpg":[22.610653601344747,120.31192477337598],"image-00054.jpg":[22.61017521938489,120.31305135637956],"image-00124.jpg":[22.610821517452088,120.31152118406614],"image-00001.jpg":[22.60887774963574,120.31312472268579],"image-00031.jpg":[22.60954716977306,120.3134150376629],"image-00078.jpg":[22.61041971156175,120.31248040485025],"image-00110.jpg":[22.61070528167884,120.31179997877427],"image-00059.jpg":[22.61023002510633,120.31292676578256],"image-00090.jpg":[22.61052822603255,120.31222120960513],"image-00123.jpg":[22.610813772257217,120.31153971761844],"image-00118.jpg":[22.61077367177697,120.31163680234182],"image-00043.jpg":[22.61005301956442,120.31333014980355],"image-00064.jpg":[22.610282645158954,120.31280465345662],"image-00075.jpg":[22.610391254815607,120.31254821368613],"image-00035.jpg":[22.609698099508854,120.31341482768143],"image-00010.jpg":[22.60900750121956,120.31322499765588],"image-00046.jpg":[22.610088698517387,120.31325297002189],"image-00114.jpg":[22.61073977561442,120.3117174938765],"image-00052.jpg":[22.61015398851438,120.3131007477859],"image-00099.jpg":[22.610608908225167,120.31203088752892],"image-00111.jpg":[22.61071418282045,120.31177905805475],"image-00112.jpg":[22.610722773348854,120.3117586020976],"image-00125.jpg":[22.61082946833508,120.31150239962167],"image-00083.jpg":[22.610465199538513,120.31237120307013],"image-00039.jpg":[22.609888351792943,120.31340363116516],"image-00062.jpg":[22.61026211164329,120.31285321087722],"image-00023.jpg":[22.609310894527265,120.3133825241365],"image-00105.jpg":[22.610661970050487,120.311904210596],"image-00028.jpg":[22.60945215727578,120.31340502855178],"image-00120.jpg":[22.61079002332416,120.31159737612151],"image-00033.jpg":[22.609615924694392,120.3134133175318],"image-00002.jpg":[22.60888084524105,120.31312595122256],"image-00079.jpg":[22.610428903051645,120.31245820797653],"image-00027.jpg":[22.609427640412008,120.31340390738717],"image-00057.jpg":[22.61020854395534,120.31297601748665],"image-00096.jpg":[22.610582156267764,120.31209434284054],"image-00004.jpg":[22.608906193536694,120.31314856667424],"image-00109.jpg":[22.610696703215815,120.31182085085027],"image-00093.jpg":[22.6105553990985,120.31215795683327],"image-00106.jpg":[22.610669892204285,120.31188417345408],"image-00045.jpg":[22.610076358680146,120.31327986459124],"image-00016.jpg":[22.60913139176567,120.31329759574254],"image-00053.jpg":[22.61016431987832,120.31307613253483],"image-00103.jpg":[22.610644475570346,120.31194617226232],"image-00081.jpg":[22.610446976095098,120.31241449524958],"image-00061.jpg":[22.61025166752405,120.31287733905737],"image-00014.jpg":[22.609086387925252,120.3132745682876],"image-00012.jpg":[22.609046219403176,120.31325110422048],"image-00044.jpg":[22.610065662587562,120.31330424454417],"image-00116.jpg":[22.610757079550353,120.31167668270851],"image-00074.jpg":[22.610381559931888,120.31257117410314],"image-00119.jpg":[22.610781894631458,120.31161714400649],"image-00030.jpg":[22.609514650565952,120.31341260036265],"image-00073.jpg":[22.610371607782998,120.31259448296451],"image-00088.jpg":[22.61051022749461,120.31226348349077],"image-00049.jpg":[22.610122547738012,120.31317518046033],"image-00042.jpg":[22.610039375564764,120.31335881546765],"image-00055.jpg":[22.610187100816255,120.31302527118697],"image-00067.jpg":[22.61031278879754,120.31273337395417],"image-00024.jpg":[22.609335378931178,120.31338811887414],"image-00097.jpg":[22.610590919389296,120.31207338927035],"image-00086.jpg":[22.610492346850364,120.31230601670819],"image-00068.jpg":[22.610322494276936,120.31271025907262],"image-00018.jpg":[22.609179300789943,120.3133238593309],"image-00060.jpg":[22.6102407355765,120.31290230096015],"image-00007.jpg":[22.608954719380222,120.31318913508588],"image-00122.jpg":[22.61080584941384,120.31155890838059],"image-00022.jpg":[22.609283462464706,120.31336574971152],"image-00015.jpg":[22.6091081566516,120.31328666616702],"image-00063.jpg":[22.610272274740776,120.31282942565257],"image-00100.jpg":[22.61061775191631,120.31200975683333],"image-00037.jpg":[22.60979337541543,120.3134167642292],"image-00115.jpg":[22.610748713025338,120.31169689295768],"image-00087.jpg":[22.61050127502708,120.31228465547409],"image-00011.jpg":[22.609027572013243,120.31323708946775],"image-00084.jpg":[22.610474198090134,120.31234945324647],"image-00091.jpg":[22.610537217302586,120.31220030523282],"image-00047.jpg":[22.61010039185443,120.31322667062113],"image-00038.jpg":[22.609840916489983,120.31341525902371],"image-00101.jpg":[22.610626911778727,120.3119882237554],"image-00017.jpg":[22.609154653080598,120.31331107819173],"image-00006.jpg":[22.60893914718336,120.31317415100716],"image-00072.jpg":[22.610361621925765,120.31261771978284],"image-00036.jpg":[22.609742718524508,120.31341867217282],"image-00056.jpg":[22.61019780293494,120.31300064045752],"image-00107.jpg":[22.6106791460887,120.31186248518642],"image-00003.jpg":[22.608891118397384,120.31313502555395],"image-00092.jpg":[22.610546301575,120.31217918731707],"image-00121.jpg":[22.610797970122455,120.31157801516378],"image-00076.jpg":[22.610400740612974,120.31252552602541],"image-00041.jpg":[22.609985717327426,120.31337662394857],"image-00082.jpg":[22.61045614245376,120.31239281730748],"image-00032.jpg":[22.6095835611305,120.31341238412394],"image-00021.jpg":[22.60925617580319,120.31336241957875],"image-00108.jpg":[22.610688086060275,120.31184115500696],"image-00048.jpg":[22.610111424561964,120.31320094948998],"image-00026.jpg":[22.60939572178459,120.31339975738639],"image-00065.jpg":[22.610292827379826,120.31278073005284],"image-00089.jpg":[22.610519085982858,120.31224247974833],"image-00029.jpg":[22.609482322796236,120.31340399838314],"image-00071.jpg":[22.61035161332684,120.31264112472445],"image-00009.jpg":[22.60898876847759,120.31321580010848],"image-00113.jpg":[22.61073135830312,120.311737953267],"image-00051.jpg":[22.61014318419005,120.31312606182533]}