{"image-00070.jpg":[22.610336102974532,120.3126506905736],"image-00095.jpg":[22.610571391549033,120.31210147278179],"image-00034.jpg":[22.609587507612588,120.31340317430028],"image-00102.jpg":[22.610635030315112,120.31195291259196],"image-00077.jpg":[22.610405869647952,120.31248905265038],"image-00058.jpg":[22.610211221174794,120.31293838180756],"image-00117.jpg":[22.61076665899134,120.31164223213521],"image-00008.jpg":[22.608774418377727,120.31319709100663],"image-00085.jpg":[22.610479929895686,120.31231371402642],"image-00020.jpg":[22.60908702473893,120.31334557764649],"image-00069.jpg":[22.610326698839668,120.31267336313189],"image-00013.jpg":[22.608890091354855,120.31325516514686],"image-00080.jpg":[22.610433667395057,120.31242269901583],"image-00050.jpg":[22.61012266111172,120.31313842558643],"image-00066.jpg":[22.61029624144176,120.31274378499944],"image-00005.jpg":[22.60871423835516,120.31315963847933],"image-00040.jpg":[22.609910779032067,120.31337895281884],"image-00025.jpg":[22.609249363262315,120.31337676349371],"image-00019.jpg":[22.609056931791386,120.31333429114281],"image-00094.jpg":[22.61056221228253,120.31212287797831],"image-00098.jpg":[22.61059876975498,120.31203780625373],"image-00104.jpg":[22.61065315200802,120.3119105147599],"image-00054.jpg":[22.61016605352627,120.31303846813901],"image-00124.jpg":[22.6108237014087,120.31150644175827],"image-00001.jpg":[22.608660637954628,120.31312093879212],"image-00031.jpg":[22.609460865293848,120.31340524288794],"image-00078.jpg":[22.61041522673837,120.31246682363289],"image-00110.jpg":[22.610705592908243,120.31178557547182],"image-00059.jpg":[22.610222099242804,120.3129137203418],"image-00090.jpg":[22.610525508371353,120.31220732071299],"image-00123.jpg":[22.610815842583285,120.31152499490295],"image-00118.jpg":[22.610775154975332,120.31162219425016],"image-00043.jpg":[22.610041327376614,120.31331757085394],"image-00064.jpg":[22.610275792950453,120.31279145333832],"image-00075.jpg":[22.610386301426743,120.31253471235276],"image-00035.jpg":[22.609636092614302,120.31340404928244],"image-00010.jpg":[22.60881865448011,120.31321992644934],"image-00046.jpg":[22.610077939314287,120.3132403077091],"image-00114.jpg":[22.610740645850328,120.3117029922314],"image-00052.jpg":[22.610144428110157,120.31308791480814],"image-00099.jpg":[22.61060767381612,120.31201676076202],"image-00111.jpg":[22.61071467288824,120.31176462603577],"image-00112.jpg":[22.610723394097946,120.31174414851583],"image-00125.jpg":[22.610831819188796,120.31148762891195],"image-00083.jpg":[22.61046139796237,120.31235749910871],"image-00039.jpg":[22.609855152824807,120.31339188724189],"image-00062.jpg":[22.610254891118807,120.31284007067606],"image-00023.jpg":[22.60918355915966,120.31337454308542],"image-00105.jpg":[22.610661596681837,120.31188993481153],"image-00028.jpg":[22.609349383665883,120.31339599293813],"image-00120.jpg":[22.610791746133195,120.31158272317245],"image-00033.jpg":[22.609540530797382,120.31340309042444],"image-00002.jpg":[22.60866433280217,120.31312213942775],"image-00079.jpg":[22.610424552994203,120.31244460112534],"image-00027.jpg":[22.60932071282545,120.31339506383095],"image-00057.jpg":[22.6102001496746,120.31296303474178],"image-00096.jpg":[22.610580440957868,120.31208029669915],"image-00004.jpg":[22.60869532343394,120.31314451270157],"image-00109.jpg":[22.610696879634364,120.31180647534535],"image-00093.jpg":[22.610553227789264,120.31214398751976],"image-00106.jpg":[22.610669579177415,120.31186987717007],"image-00045.jpg":[22.610065287413153,120.31326723115396],"image-00016.jpg":[22.608968459380502,120.31329125794096],"image-00053.jpg":[22.610154912270307,120.3130632744541],"image-00103.jpg":[22.610643826858322,120.31193194605338],"image-00081.jpg":[22.610442884704746,120.31240083859441],"image-00061.jpg":[22.610244234388436,120.3128642281481],"image-00014.jpg":[22.608914215552538,120.31326869190369],"image-00012.jpg":[22.608865613959622,120.31324564627103],"image-00044.jpg":[22.61005437717711,120.3132916363518],"image-00116.jpg":[22.610758270085686,120.31166212963572],"image-00074.jpg":[22.610376456633727,120.31255769613585],"image-00119.jpg":[22.610783495443805,120.31160251600494],"image-00030.jpg":[22.609422735659358,120.31340307136234],"image-00073.jpg":[22.610366307883623,120.31258103536774],"image-00088.jpg":[22.61050714332888,120.31224965339545],"image-00049.jpg":[22.61011246948727,120.3131624299302],"image-00042.jpg":[22.61002724397102,120.31334627664064],"image-00055.jpg":[22.610178259337896,120.31301234755429],"image-00067.jpg":[22.61030645562296,120.31272009073633],"image-00024.jpg":[22.60921250447009,120.31337992994676],"image-00097.jpg":[22.61058935600485,120.31205931596512],"image-00086.jpg":[22.61048894595485,120.31229224089009],"image-00068.jpg":[22.610316314508452,120.31269695018071],"image-00018.jpg":[22.609026427055984,120.31331700179318],"image-00060.jpg":[22.610233047852923,120.3128892243366],"image-00007.jpg":[22.608754515941477,120.31318461495336],"image-00122.jpg":[22.61080778401588,120.31154421280606],"image-00022.jpg":[22.60915044478058,120.3133580283662],"image-00015.jpg":[22.60894047472818,120.3132805733735],"image-00063.jpg":[22.610265253975307,120.31281625487712],"image-00100.jpg":[22.610616655040086,120.31199560634727],"image-00037.jpg":[22.60974651259944,120.31340543278151],"image-00115.jpg":[22.61074980442574,120.31168235806444],"image-00087.jpg":[22.610498022030818,120.31227085335942],"image-00011.jpg":[22.60884268173165,120.31323187078516],"image-00084.jpg":[22.610470515637022,120.31233572681134],"image-00091.jpg":[22.61053467787579,120.31218639059843],"image-00047.jpg":[22.610089880934066,120.31321398177758],"image-00038.jpg":[22.609801238032762,120.31340370492295],"image-00101.jpg":[22.610625997794166,120.31197404392427],"image-00017.jpg":[22.60899660365596,120.31330449694778],"image-00006.jpg":[22.608735404212304,120.31316978292776],"image-00072.jpg":[22.610356125337326,120.31260430072828],"image-00036.jpg":[22.609687859744763,120.31340765740568],"image-00056.jpg":[22.610189181539045,120.3129876874348],"image-00107.jpg":[22.610679043830665,120.31184815426079],"image-00003.jpg":[22.60867684011484,120.31313112621058],"image-00092.jpg":[22.61054395044109,120.31216524487954],"image-00121.jpg":[22.61079980246527,120.31156333956594],"image-00076.jpg":[22.610395930085414,120.31251200002303],"image-00041.jpg":[22.60996602436918,120.31336440701833],"image-00082.jpg":[22.610452204437053,120.31237913633716],"image-00032.jpg":[22.609502928986192,120.31340236251657],"image-00021.jpg":[22.609118521030613,120.31335489020668],"image-00108.jpg":[22.610688144352746,120.31182679568259],"image-00048.jpg":[22.610101122362444,120.31318823045723],"image-00026.jpg":[22.609283766629147,120.31339104710926],"image-00065.jpg":[22.61028614656817,120.3127675045778],"image-00089.jpg":[22.610516154331478,120.31222862455479],"image-00029.jpg":[22.609384544734034,120.31339472338567],"image-00071.jpg":[22.610345925850474,120.31262773426222],"image-00009.jpg":[22.608796054255123,120.31321093034403],"image-00113.jpg":[22.610732114075418,120.311723474693],"image-00051.jpg":[22.610133433792697,120.31311325670588]}