{
    "image-00048.jpg": {
        "25.021300,121.303397": [
            64253.0, 
            64765.0, 
            65789.0, 
            66303.0, 
            66303.0, 
            57621.0, 
            57624.0, 
            58137.0, 
            62228.0, 
            66303.0, 
            66303.0, 
            66270.0, 
            66325.0, 
            64277.0, 
            62229.0, 
            67861.0, 
            65301.0, 
            68373.0, 
            64225.0, 
            64737.0, 
            65761.0, 
            67863.0, 
            66327.0, 
            64279.0, 
            64791.0, 
            60695.0, 
            68328.0, 
            67297.0, 
            67299.0, 
            66847.0, 
            64287.0, 
            63769.0, 
            63257.0, 
            64259.0, 
            64259.0, 
            66330.0, 
            66842.0, 
            67866.0, 
            65306.0, 
            62234.0, 
            60698.0, 
            66276.0, 
            63780.0, 
            63780.0, 
            62756.0, 
            63761.0, 
            64784.0, 
            66332.0, 
            63772.0, 
            64796.0, 
            65308.0, 
            67300.0, 
            68325.0, 
            67807.0, 
            64738.0, 
            64786.0
        ]
    }, 
    "image-00020.jpg": {
        "25.021464,121.303324": [
            66302.0, 
            66818.0, 
            60676.0, 
            61188.0, 
            61189.0, 
            63239.0, 
            57633.0, 
            70953.0, 
            68907.0, 
            70443.0, 
            67865.0, 
            65795.0, 
            64783.0, 
            71976.0
        ]
    }, 
    "image-00059.jpg": {
        "25.021218,121.303433": [
            62204.0, 
            62717.0, 
            66302.0, 
            66306.0, 
            59156.0, 
            61204.0, 
            61204.0, 
            64788.0, 
            64788.0, 
            66324.0, 
            66324.0, 
            56596.0, 
            59158.0, 
            60694.0, 
            60694.0, 
            61206.0, 
            65302.0, 
            56597.0, 
            65304.0, 
            61209.0, 
            58138.0, 
            58140.0, 
            67357.0, 
            67357.0, 
            61217.0, 
            61729.0, 
            62753.0, 
            62753.0, 
            65825.0, 
            64804.0, 
            64804.0, 
            65316.0, 
            64806.0, 
            61226.0, 
            63773.0, 
            67848.0, 
            66324.0, 
            66324.0, 
            63252.0, 
            61204.0, 
            61204.0, 
            60692.0, 
            60692.0, 
            63766.0, 
            64278.0, 
            67350.0, 
            62742.0, 
            66315.0, 
            63767.0, 
            66327.0, 
            67351.0, 
            62231.0, 
            69406.0, 
            67352.0, 
            66335.0, 
            63769.0, 
            64281.0, 
            62233.0, 
            62745.0, 
            65817.0, 
            64287.0, 
            69407.0, 
            62751.0, 
            62751.0, 
            69401.0, 
            63265.0, 
            63265.0, 
            68856.0, 
            66330.0, 
            66338.0, 
            67362.0, 
            67874.0, 
            63770.0, 
            61210.0, 
            62234.0, 
            62746.0, 
            67364.0, 
            67877.0, 
            63772.0, 
            66332.0, 
            64284.0, 
            67356.0, 
            65308.0, 
            62748.0, 
            67365.0, 
            68389.0, 
            68390.0, 
            67879.0, 
            67357.0, 
            67357.0
        ]
    }, 
    "image-00118.jpg": {
        "25.020562,121.303723": [
            63226.0, 
            63238.0, 
            66275.0, 
            66349.0, 
            66349.0, 
            66349.0, 
            66861.0, 
            66861.0, 
            66846.0, 
            64286.0, 
            70429.0, 
            66346.0, 
            67370.0, 
            62762.0, 
            61738.0, 
            68907.0, 
            67371.0, 
            59692.0, 
            68910.0, 
            59694.0, 
            68401.0, 
            73521.0, 
            62743.0, 
            65303.0, 
            67359.0, 
            63776.0, 
            68384.0, 
            69409.0, 
            68897.0, 
            55578.0, 
            56090.0, 
            57626.0, 
            62755.0, 
            68388.0, 
            66843.0, 
            67365.0, 
            57116.0, 
            62759.0, 
            65831.0, 
            67368.0, 
            62760.0, 
            61736.0
        ]
    }, 
    "image-00114.jpg": {
        "25.020659,121.303680": [
            64760.0, 
            64263.0, 
            58134.0, 
            60694.0, 
            58135.0, 
            58647.0, 
            65816.0, 
            66328.0, 
            71455.0, 
            65313.0, 
            68386.0, 
            69411.0, 
            66852.0, 
            71462.0, 
            72487.0, 
            63271.0, 
            64295.0, 
            65831.0, 
            66343.0, 
            66855.0, 
            67367.0, 
            69927.0, 
            70439.0, 
            70951.0, 
            72488.0, 
            61736.0, 
            66856.0, 
            68904.0, 
            69416.0, 
            69928.0, 
            70440.0, 
            72489.0, 
            61737.0, 
            64297.0, 
            70441.0, 
            70953.0, 
            62250.0, 
            63787.0, 
            64298.0, 
            62764.0, 
            67372.0, 
            68396.0, 
            68908.0, 
            64302.0, 
            65326.0, 
            61745.0, 
            62257.0, 
            68850.0, 
            63219.0, 
            64244.0, 
            70955.0, 
            68909.0, 
            68909.0, 
            72478.0, 
            59167.0, 
            68340.0, 
            68340.0, 
            66336.0, 
            66849.0, 
            58138.0, 
            64794.0, 
            72475.0, 
            69413.0, 
            69413.0, 
            58140.0, 
            68892.0, 
            57116.0, 
            72477.0
        ]
    },