{"image-00070.jpg":[25.001863985184954,121.49812947060892],"image-00095.jpg":[25.00183715065048,121.49808241943717],"image-00034.jpg":[25.001956610970044,121.49834479119178],"image-00102.jpg":[25.001837121631656,121.49808238665815],"image-00077.jpg":[25.001848881949307,121.4981022531681],"image-00058.jpg":[25.00189439355708,121.49819408572299],"image-00117.jpg":[25.001835339891716,121.49807950128688],"image-00008.jpg":[25.002037078867822,121.49852549040375],"image-00085.jpg":[25.001838944970658,121.49808536576859],"image-00020.jpg":[25.00199716434849,121.49843692885301],"image-00069.jpg":[25.001866518058176,121.49813420103621],"image-00013.jpg":[25.00202005452085,121.49848751535967],"image-00080.jpg":[25.001844357703657,121.4980945072748],"image-00050.jpg":[25.00191431420539,121.4982429478063],"image-00066.jpg":[25.001874013869276,121.49814910932483],"image-00005.jpg":[25.002047853235712,121.49854919371771],"image-00040.jpg":[25.001941075396104,121.49830754006317],"image-00025.jpg":[25.001981902343665,121.49840272820668],"image-00019.jpg":[25.002000325508504,121.49844401441197],"image-00094.jpg":[25.00183715065048,121.49808241943715],"image-00098.jpg":[25.00183714799249,121.49808241603961],"image-00104.jpg":[25.001837120130933,121.49808238563149],"image-00054.jpg":[25.001904077106367,121.49821796393545],"image-00124.jpg":[25.001832750692092,121.49807522807086],"image-00001.jpg":[25.002058309993537,121.49857230702955],"image-00031.jpg":[25.001964764727013,121.49836363115352],"image-00078.jpg":[25.00184727209639,121.49809944796243],"image-00110.jpg":[25.001837110071534,121.49808237856278],"image-00059.jpg":[25.00189195642532,121.49818823205555],"image-00090.jpg":[25.001837135991046,121.49808241100078],"image-00123.jpg":[25.00183310474302,121.49807575369852],"image-00118.jpg":[25.00183503150704,121.49807885808877],"image-00043.jpg":[25.00193312647643,121.49828827657512],"image-00064.jpg":[25.00187946052824,121.49815986273049],"image-00075.jpg":[25.00185257996121,121.49810863331484],"image-00035.jpg":[25.001954152043364,121.49833868447368],"image-00010.jpg":[25.002030228704474,121.49851009905936],"image-00046.jpg":[25.00192509240713,121.49826875698595],"image-00114.jpg":[25.00183650590115,121.49808130584906],"image-00052.jpg":[25.00190914589362,121.49823033928516],"image-00099.jpg":[25.0018371434419,121.49808241097233],"image-00111.jpg":[25.001837009652046,121.49808227753627],"image-00112.jpg":[25.0018368372594,121.49808204872471],"image-00125.jpg":[25.00183236022458,121.49807470120376],"image-00083.jpg":[25.001840807629414,121.49808843295911],"image-00039.jpg":[25.00194379031769,121.49831393362354],"image-00062.jpg":[25.00188442602972,121.49817090759218],"image-00023.jpg":[25.001987907755943,121.49841624613234],"image-00105.jpg":[25.00183711770183,121.49808238303098],"image-00028.jpg":[25.001973278409253,121.49838300281064],"image-00120.jpg":[25.001834144915858,121.49807748334094],"image-00033.jpg":[25.001959266722388,121.49835101742526],"image-00002.jpg":[25.002057661353316,121.4985709202619],"image-00079.jpg":[25.001845755014756,121.49809686412104],"image-00027.jpg":[25.00197612006051,121.49838953011849],"image-00057.jpg":[25.00189671710229,121.49819990968108],"image-00096.jpg":[25.001837150650488,121.4980824194372],"image-00004.jpg":[25.00205131785521,121.4985571598265],"image-00109.jpg":[25.001837112342233,121.4980823800625],"image-00093.jpg":[25.001837139450043,121.49808240659385],"image-00106.jpg":[25.00183712238567,121.49808238916239],"image-00045.jpg":[25.00192785405425,121.49827527090132],"image-00016.jpg":[25.00200999651657,121.49846546263018],"image-00053.jpg":[25.00190655382151,121.49822411631612],"image-00103.jpg":[25.001837128954335,121.49808239545365],"image-00081.jpg":[25.001843096929107,121.49809233492411],"image-00061.jpg":[25.001887051647344,121.49817672216281],"image-00014.jpg":[25.00201651449767,121.49848002483739],"image-00012.jpg":[25.002023415275005,121.49849494663732],"image-00044.jpg":[25.001930481883,121.49828173682724],"image-00116.jpg":[25.001835798100643,121.4980801730506],"image-00074.jpg":[25.0018546364439,121.49811233261595],"image-00119.jpg":[25.001834554608383,121.49807815379344],"image-00030.jpg":[25.001967637886025,121.49837008143422],"image-00073.jpg":[25.001856956686197,121.49811636745765],"image-00088.jpg":[25.00183737606803,121.49808277852327],"image-00049.jpg":[25.001916926583263,121.49824931484676],"image-00042.jpg":[25.001935933402276,121.49829480736449],"image-00055.jpg":[25.001901792621325,121.49821196134182],"image-00067.jpg":[25.001871728762197,121.49814412155897],"image-00024.jpg":[25.001984868548284,121.498409431525],"image-00097.jpg":[25.001837148661814,121.49808241661927],"image-00086.jpg":[25.001838237847362,121.49808421678563],"image-00068.jpg":[25.001869138134925,121.4981391050523],"image-00018.jpg":[25.00200345609406,121.49845108440621],"image-00060.jpg":[25.00188937758893,121.49818238333667],"image-00007.jpg":[25.00204036696342,121.49853321054186],"image-00122.jpg":[25.001833391931196,121.49807629962584],"image-00022.jpg":[25.001990973818764,121.49842306669589],"image-00015.jpg":[25.002013219373595,121.49847268937513],"image-00063.jpg":[25.0018817910475,121.49816523966606],"image-00100.jpg":[25.00183714554619,121.49808241396707],"image-00037.jpg":[25.001949045434873,121.49832642547877],"image-00115.jpg":[25.001836102653314,121.49808076749792],"image-00087.jpg":[25.001837735523214,121.49808336555074],"image-00011.jpg":[25.00202678933483,121.49850250198318],"image-00084.jpg":[25.001839795547205,121.49808677395654],"image-00091.jpg":[25.001837153834877,121.49808242283484],"image-00047.jpg":[25.00192245201097,121.49826229162275],"image-00038.jpg":[25.001946473800356,121.49832023078054],"image-00101.jpg":[25.00183714642318,121.49808241513803],"image-00017.jpg":[25.002006699558628,121.49845825679478],"image-00006.jpg":[25.00204417115792,121.49854118990343],"image-00072.jpg":[25.00185923151775,121.4981205783073],"image-00036.jpg":[25.00195171553037,121.49833262847221],"image-00056.jpg":[25.001899285311925,121.4982059212183],"image-00107.jpg":[25.001837119955887,121.49808238718146],"image-00003.jpg":[25.002055070739647,121.49856537681984],"image-00092.jpg":[25.001837149006565,121.49808241638144],"image-00121.jpg":[25.00183382426086,121.49807689453192],"image-00076.jpg":[25.00185069206294,121.498105308308],"image-00041.jpg":[25.001938382396943,121.49830114016353],"image-00082.jpg":[25.001841859583276,121.4980902834551],"image-00032.jpg":[25.001961958926277,121.49835727286407],"image-00021.jpg":[25.001994059237113,121.49842999106488],"image-00108.jpg":[25.00183712177668,121.49808239091445],"image-00048.jpg":[25.001919742259584,121.49825581897055],"image-00026.jpg":[25.001978913525768,121.49839602071327],"image-00065.jpg":[25.001876778892477,121.49815442796302],"image-00089.jpg":[25.001837173400716,121.49808246806023],"image-00029.jpg":[25.001970362059602,121.49837648446618],"image-00071.jpg":[25.001861656220537,121.49812497037368],"image-00009.jpg":[25.002033731063886,121.4985178048034],"image-00113.jpg":[25.001836656201096,121.49808171484136],"image-00051.jpg":[25.001911615257978,121.49823658012735]}