{"image-00070.jpg":[25.001861384211583,121.49813730712742],"image-00095.jpg":[25.00183488757282,121.4980899964605],"image-00034.jpg":[25.001946134533906,121.49834991828098],"image-00102.jpg":[25.001834856872076,121.49808996293095],"image-00077.jpg":[25.001846560880455,121.49810998280549],"image-00058.jpg":[25.001889991404806,121.49820149036364],"image-00117.jpg":[25.00183306808293,121.4980870464735],"image-00008.jpg":[25.002020561448884,121.49852867967691],"image-00085.jpg":[25.001836686429876,121.4980929792883],"image-00020.jpg":[25.00198351751085,121.49844103670698],"image-00069.jpg":[25.00186384642029,121.49814203591852],"image-00013.jpg":[25.002004791234654,121.49849112307788],"image-00080.jpg":[25.001842074493513,121.49810219453332],"image-00050.jpg":[25.00190789838826,121.49824960779554],"image-00066.jpg":[25.001871031522512,121.49815691953785],"image-00005.jpg":[25.002030577861397,121.4985521218099],"image-00040.jpg":[25.001932072292895,121.49831322460898],"image-00025.jpg":[25.001969389613837,121.49840719083615],"image-00019.jpg":[25.001986442329255,121.49844804490516],"image-00094.jpg":[25.001834887572812,121.49808999646046],"image-00098.jpg":[25.001834884807455,121.49808999301057],"image-00104.jpg":[25.001834855229824,121.49808996191297],"image-00054.jpg":[25.001898684580354,121.4982250117547],"image-00124.jpg":[25.00183047755086,121.49808272966396],"image-00001.jpg":[25.002040295906255,121.49857500712596],"image-00031.jpg":[25.0019536033442,121.49836850844525],"image-00078.jpg":[25.001844968457068,121.49810715891707],"image-00110.jpg":[25.00183484419611,121.49808995476324],"image-00059.jpg":[25.0018877800477,121.49819570446225],"image-00090.jpg":[25.001834872909757,121.49808999286685],"image-00123.jpg":[25.001830840269115,121.49808326846079],"image-00118.jpg":[25.00183277648852,121.49808640700643],"image-00043.jpg":[25.001924903977745,121.49829426312166],"image-00064.jpg":[25.0018762543082,121.49816763528284],"image-00075.jpg":[25.00185022655783,121.49811640904929],"image-00035.jpg":[25.001943933379884,121.49834390756314],"image-00010.jpg":[25.002014232204015,121.49851347103122],"image-00046.jpg":[25.001917660278878,121.49827503705741],"image-00114.jpg":[25.001834248942345,121.49808887592772],"image-00052.jpg":[25.001903243149297,121.49823718572165],"image-00099.jpg":[25.001834879979942,121.49808998780854],"image-00111.jpg":[25.001834736637964,121.49808985107802],"image-00112.jpg":[25.00183455889963,121.49808962112968],"image-00125.jpg":[25.001830073793155,121.4980821938075],"image-00083.jpg":[25.001838549895123,121.49809607513444],"image-00039.jpg":[25.0019345462721,121.49831953417728],"image-00062.jpg":[25.001880862766217,121.49817857496387],"image-00023.jpg":[25.00197494280315,121.49842057025703],"image-00105.jpg":[25.00183485265197,121.4980899592713],"image-00028.jpg":[25.001961450809127,121.49838767336809],"image-00120.jpg":[25.001831878945936,121.49808501353255],"image-00033.jpg":[25.001948557774234,121.49835606312126],"image-00002.jpg":[25.002039688314838,121.49857363493786],"image-00079.jpg":[25.001843463418076,121.4981045632173],"image-00027.jpg":[25.001964064545533,121.49839413442109],"image-00057.jpg":[25.001892065515285,121.49820722281584],"image-00096.jpg":[25.00183488757283,121.4980899964605],"image-00004.jpg":[25.00203376452185,121.4985600094107],"image-00109.jpg":[25.001834846696028,121.4980899562789],"image-00093.jpg":[25.00183487574363,121.49808998332863],"image-00106.jpg":[25.00183485750102,121.4980899654676],"image-00045.jpg":[25.001920173783233,121.49828145946083],"image-00016.jpg":[25.001995420702848,121.4984692763495],"image-00053.jpg":[25.001900899468232,121.49823106118306],"image-00103.jpg":[25.00183486449444,121.49808997170067],"image-00081.jpg":[25.001840824775947,121.49810000748732],"image-00061.jpg":[25.00188330354238,121.49818433782508],"image-00014.jpg":[25.002001462565595,121.49848369820603],"image-00012.jpg":[25.002007915823253,121.49849848583239],"image-00044.jpg":[25.001922531270907,121.49828781919564],"image-00116.jpg":[25.00183353436586,121.49808772286579],"image-00074.jpg":[25.00185224614479,121.49812012449883],"image-00119.jpg":[25.00183228768695,121.49808568546652],"image-00030.jpg":[25.001956267561184,121.49837490978624],"image-00073.jpg":[25.00185453905398,121.49812417680303],"image-00088.jpg":[25.00183511693231,121.49809036694973],"image-00049.jpg":[25.001910251613467,121.4982558792087],"image-00042.jpg":[25.001927466702746,121.49830069658205],"image-00055.jpg":[25.00189667688463,121.49821910714363],"image-00067.jpg":[25.00186889540574,121.49815196363656],"image-00024.jpg":[25.001972128773566,121.49841382295352],"image-00097.jpg":[25.001834885550583,121.49808999365847],"image-00086.jpg":[25.001835976220296,121.49809181583603],"image-00068.jpg":[25.00186639473636,121.49814694581343],"image-00018.jpg":[25.00198933364378,121.49845503929787],"image-00060.jpg":[25.001885400090533,121.49818991550146],"image-00007.jpg":[25.00202355883753,121.49853629398868],"image-00122.jpg":[25.001831118414863,121.4980838141153],"image-00022.jpg":[25.001977787382984,121.4984273229392],"image-00015.jpg":[25.001998404421045,121.49847643074466],"image-00063.jpg":[25.001878394719558,121.49817295571214],"image-00100.jpg":[25.001834882123276,121.4980899908015],"image-00037.jpg":[25.001939314544504,121.49833183789046],"image-00115.jpg":[25.001833830218015,121.4980883247577],"image-00087.jpg":[25.001835476147008,121.49809095671594],"image-00011.jpg":[25.00201103663573,121.49850595317137],"image-00084.jpg":[25.001837536181036,121.49809439932497],"image-00091.jpg":[25.00183489095194,121.49808999990753],"image-00047.jpg":[25.001915288365268,121.49826867883613],"image-00038.jpg":[25.001936992082157,121.49832574258437],"image-00101.jpg":[25.001834883037688,121.49808999201197],"image-00017.jpg":[25.001992345773072,121.49846213520141],"image-00006.jpg":[25.002027147592052,121.49854421617569],"image-00072.jpg":[25.00185675697643,121.49812839423413],"image-00036.jpg":[25.00194175600081,121.49833795651688],"image-00056.jpg":[25.001894410186,121.49821315663068],"image-00107.jpg":[25.001834854862885,121.49808996346204],"image-00003.jpg":[25.00203726096922,121.49856814608968],"image-00092.jpg":[25.00183488600766,121.49808999351174],"image-00121.jpg":[25.00183156408253,121.49808441845802],"image-00076.jpg":[25.001848364375483,121.49811306700104],"image-00041.jpg":[25.001929627058626,121.4983069163381],"image-00082.jpg":[25.00183958827418,121.49809793673083],"image-00032.jpg":[25.001951013327677,121.49836221500746],"image-00021.jpg":[25.001980643616328,121.4984341791656],"image-00108.jpg":[25.001834856575254,121.49808996712358],"image-00048.jpg":[25.00191283088887,121.49826229690586],"image-00026.jpg":[25.00196662323681,121.49840055070501],"image-00065.jpg":[25.001873699326545,121.49816222440796],"image-00089.jpg":[25.001834910839474,121.49809005058938],"image-00029.jpg":[25.001958752065203,121.49838123101452],"image-00071.jpg":[25.001859135111626,121.49813280569578],"image-00009.jpg":[25.002017486180183,121.49852108593049],"image-00113.jpg":[25.00183437989631,121.49808927951243],"image-00051.jpg":[25.001905442693868,121.49824333130704]}