{"image-00070.jpg":[25.0019525216716,121.49824024878724],"image-00095.jpg":[25.001925330332554,121.49819040587471],"image-00034.jpg":[25.002077122520348,121.4985048856413],"image-00102.jpg":[25.001925312029506,121.49819038464923],"image-00077.jpg":[25.001936781769885,121.49821089403983],"image-00058.jpg":[25.001989932150046,121.49831655703352],"image-00117.jpg":[25.001923647130184,121.49818749606304],"image-00008.jpg":[25.002181660064284,121.498723636381],"image-00085.jpg":[25.00192703665264,121.49819339627483],"image-00020.jpg":[25.00213045164676,121.49861704274883],"image-00069.jpg":[25.00195525142973,121.4982454513187],"image-00013.jpg":[25.002159711296326,121.49867783585776],"image-00080.jpg":[25.001932316705425,121.49820283599729],"image-00050.jpg":[25.002018222724907,121.49837795641997],"image-00066.jpg":[25.00196389026381,121.49826249345502],"image-00005.jpg":[25.002195344635986,121.49875201991128],"image-00040.jpg":[25.00205558311081,121.49845854400152],"image-00025.jpg":[25.002110660151622,121.49857566859359],"image-00019.jpg":[25.002134549099356,121.49862561049758],"image-00094.jpg":[25.001925330332543,121.49819040587471],"image-00098.jpg":[25.001925328418427,121.49819040322531],"image-00104.jpg":[25.001925311542532,121.49819038484299],"image-00054.jpg":[25.002003768128368,121.49834664219824],"image-00124.jpg":[25.00192117813104,121.49818315292796],"image-00001.jpg":[25.002208714126482,121.49877979998092],"image-00031.jpg":[25.002088009854138,121.49852795603864],"image-00078.jpg":[25.001935159197007,121.4982079319476],"image-00110.jpg":[25.001925308053487,121.49819038561587],"image-00059.jpg":[25.001986531825832,121.49830924325028],"image-00090.jpg":[25.001925330221393,121.49819041691083],"image-00123.jpg":[25.001921484093117,121.49818364828909],"image-00118.jpg":[25.001923274893095,121.49818674357591],"image-00043.jpg":[25.00204444618158,121.4984344803652],"image-00064.jpg":[25.001970102138802,121.49827470501107],"image-00075.jpg":[25.00194047108691,121.49821758526693],"image-00035.jpg":[25.002073585855225,121.49849717347533],"image-00010.jpg":[25.0021727690216,121.4987050217305],"image-00046.jpg":[25.002033149495944,121.49841005216982],"image-00114.jpg":[25.001924687169204,121.49818923846288],"image-00052.jpg":[25.002010921090825,121.49836214381143],"image-00099.jpg":[25.001925325581386,121.49819040000872],"image-00111.jpg":[25.001925252522856,121.49819033489698],"image-00112.jpg":[25.001925124751903,121.49819015046987],"image-00125.jpg":[25.001920878374854,121.49818271098701],"image-00083.jpg":[25.001928806375627,121.49819650440602],"image-00039.jpg":[25.002059283889256,121.49846644617664],"image-00062.jpg":[25.001976497059903,121.49828802811778],"image-00023.jpg":[25.002118486936226,121.49859206130218],"image-00105.jpg":[25.00192531011774,121.49819038335812],"image-00028.jpg":[25.002099229226793,121.49855156389732],"image-00120.jpg":[25.001922482577285,121.49818541415485],"image-00033.jpg":[25.002080725509522,121.4985125651344],"image-00002.jpg":[25.002207914877697,121.49877816370454],"image-00079.jpg":[25.00193367232562,121.4982052578603],"image-00027.jpg":[25.002103015030695,121.49855956035842],"image-00057.jpg":[25.001993307350673,121.49832394187055],"image-00096.jpg":[25.00192533033256,121.49819040587472],"image-00004.jpg":[25.002199967069338,121.49876178677842],"image-00109.jpg":[25.001925308778556,121.49819038526198],"image-00093.jpg":[25.001925323147688,121.49819039733151],"image-00106.jpg":[25.00192531356122,121.49819038825652],"image-00045.jpg":[25.00203691585941,121.49841810138727],"image-00016.jpg":[25.002146954883166,121.49865142726134],"image-00053.jpg":[25.002007326546337,121.49835440471932],"image-00103.jpg":[25.001925316815363,121.49819039068775],"image-00081.jpg":[25.001931061481116,121.49820056131486],"image-00061.jpg":[25.001979865266364,121.49829503095216],"image-00014.jpg":[25.002155387985578,121.49866903078495],"image-00012.jpg":[25.00216401358226,121.49868677554568],"image-00044.jpg":[25.00204065456124,121.49842622779059],"image-00116.jpg":[25.001924028231027,121.49818810530859],"image-00074.jpg":[25.00194261125446,121.49822157207382],"image-00119.jpg":[25.001922865497775,121.49818608380954],"image-00030.jpg":[25.002091756847125,121.49853579000602],"image-00073.jpg":[25.001944937379882,121.49822581375972],"image-00088.jpg":[25.001925542907237,121.49819077012822],"image-00049.jpg":[25.0020219085098,121.49838593609735],"image-00042.jpg":[25.002048214060558,121.49844249054706],"image-00055.jpg":[25.002000280711957,121.49833888343801],"image-00067.jpg":[25.001960994870053,121.4982565153752],"image-00024.jpg":[25.002114540628575,121.49858381043269],"image-00097.jpg":[25.00192532876785,121.49819040345704],"image-00086.jpg":[25.001926371826976,121.4981922399934],"image-00068.jpg":[25.00195808774928,121.4982508625821],"image-00018.jpg":[25.002138641227933,121.4986341941013],"image-00060.jpg":[25.00198314327874,121.4983021235968],"image-00007.jpg":[25.002186124280943,121.49873315876718],"image-00122.jpg":[25.001921799598275,121.49818425566146],"image-00022.jpg":[25.002122433774094,121.49860028532109],"image-00015.jpg":[25.00215113912215,121.49866017606982],"image-00063.jpg":[25.001973220352838,121.49828130390667],"image-00100.jpg":[25.001925327256785,121.4981904026105],"image-00037.jpg":[25.00206650130124,121.49848192226563],"image-00115.jpg":[25.00192437854622,121.4981887880322],"image-00087.jpg":[25.001925879205462,121.49819135731795],"image-00011.jpg":[25.00216837813478,121.49869589957694],"image-00084.jpg":[25.00192784863523,121.4981948278901],"image-00091.jpg":[25.001925332189618,121.49819040779423],"image-00047.jpg":[25.002029413185653,121.49840194538025],"image-00038.jpg":[25.002062923270493,121.49847420822874],"image-00101.jpg":[25.001925327936966,121.49819040360558],"image-00017.jpg":[25.002142785745313,121.49864280912136],"image-00006.jpg":[25.002190736030613,121.49874250940562],"image-00072.jpg":[25.001947371353637,121.49823042754474],"image-00036.jpg":[25.002070085810086,121.49848953535067],"image-00056.jpg":[25.001996786353562,121.49833135212742],"image-00107.jpg":[25.001925312541413,121.49819038793359],"image-00003.jpg":[25.002204716920936,121.49877161496065],"image-00092.jpg":[25.001925328650984,121.49819040266308],"image-00121.jpg":[25.00192213841129,121.4981847655542],"image-00076.jpg":[25.00193854964409,121.49821405302188],"image-00041.jpg":[25.002051881872248,121.49845060990125],"image-00082.jpg":[25.001929876837806,121.49819847060515],"image-00032.jpg":[25.002084326248262,121.49852021909777],"image-00021.jpg":[25.00212644411599,121.49860867318705],"image-00108.jpg":[25.001925314660486,121.49819039219304],"image-00048.jpg":[25.00202566693355,121.49839389941621],"image-00026.jpg":[25.00210677645234,121.49856754525828],"image-00065.jpg":[25.001966958964683,121.49826844155007],"image-00089.jpg":[25.001925362955795,121.49819047109642],"image-00029.jpg":[25.002095464324995,121.49854369968969],"image-00071.jpg":[25.001949914238924,121.4982351845569],"image-00009.jpg":[25.00217721325288,121.49871424162602],"image-00113.jpg":[25.001924926316374,121.49818977615936],"image-00051.jpg":[25.002014542164346,121.49837008920068]}