{"image-00070.jpg":[25.06550438567415,121.53318998140271],"image-00095.jpg":[25.064897002007637,121.53319470649308],"image-00034.jpg":[25.066478162972334,121.533185673608],"image-00102.jpg":[25.064738831829324,121.53319772999006],"image-00077.jpg":[25.06532808614051,121.53319108498559],"image-00058.jpg":[25.065818070256924,121.53318926695653],"image-00117.jpg":[25.064439833224753,121.53320490470027],"image-00008.jpg":[25.06723496292315,121.53318204483224],"image-00085.jpg":[25.06513312712734,121.5331919346607],"image-00020.jpg":[25.066882509856974,121.53318314007504],"image-00069.jpg":[25.065530010909274,121.53318984560626],"image-00013.jpg":[25.06708669901267,121.53318207704041],"image-00080.jpg":[25.065254060483614,121.53319157960163],"image-00050.jpg":[25.06603464922622,121.5331892351977],"image-00066.jpg":[25.06560748320975,121.53318964565173],"image-00005.jpg":[25.067325235264587,121.53318106536868],"image-00040.jpg":[25.066309050229123,121.53318701230026],"image-00025.jpg":[25.066737048393666,121.5331840821725],"image-00019.jpg":[25.066911475020884,121.53318294651035],"image-00094.jpg":[25.064920037655646,121.53319442160702],"image-00098.jpg":[25.064828208129388,121.53319594914254],"image-00104.jpg":[25.064695169298492,121.53319872462886],"image-00054.jpg":[25.065925187374738,121.53318959578121],"image-00124.jpg":[25.06431818415528,121.53320619038374],"image-00001.jpg":[25.06741232427651,121.53317898282948],"image-00031.jpg":[25.066563851377648,121.53318499365731],"image-00078.jpg":[25.065303095233787,121.533191248855],"image-00110.jpg":[25.064569813714463,121.53320266754196],"image-00059.jpg":[25.065791943555237,121.53318953541051],"image-00090.jpg":[25.065013328034986,121.53319311949767],"image-00123.jpg":[25.064334505172567,121.53320612868859],"image-00118.jpg":[25.064421611856112,121.53320525325708],"image-00043.jpg":[25.066226598674774,121.53318790249914],"image-00064.jpg":[25.065660024706055,121.53318960213447],"image-00075.jpg":[25.065378208530475,121.53319082346079],"image-00035.jpg":[25.066449976331878,121.53318597299466],"image-00010.jpg":[25.067175088326557,121.53318222503785],"image-00046.jpg":[25.066143594816907,121.53318854277732],"image-00114.jpg":[25.06449438380641,121.53320450299111],"image-00052.jpg":[25.06597969756579,121.53318940531284],"image-00099.jpg":[25.064805515702087,121.53319637849322],"image-00111.jpg":[25.06455063057749,121.5332031664561],"image-00112.jpg":[25.064532032142083,121.5332037506467],"image-00125.jpg":[25.06430220288406,121.53320613898936],"image-00083.jpg":[25.065181288968628,121.53319198602108],"image-00039.jpg":[25.06633696279952,121.53318690485514],"image-00062.jpg":[25.065712374300812,121.5331895021055],"image-00023.jpg":[25.0667950233217,121.533183732906],"image-00105.jpg":[25.064673778191974,121.53319938712025],"image-00028.jpg":[25.0666501369211,121.53318434155013],"image-00120.jpg":[25.064385870652522,121.53320584363215],"image-00033.jpg":[25.06650672329878,121.53318537365925],"image-00002.jpg":[25.06740712953512,121.53317906274698],"image-00079.jpg":[25.065278376477348,121.53319147528426],"image-00027.jpg":[25.066678976336764,121.53318438092226],"image-00057.jpg":[25.06584495153938,121.53318960920924],"image-00096.jpg":[25.064874119659383,121.53319505399458],"image-00004.jpg":[25.06735563887431,121.53318017223204],"image-00109.jpg":[25.06459000795837,121.53320214440562],"image-00093.jpg":[25.064943064266494,121.53319399916623],"image-00106.jpg":[25.064652449818958,121.53320009791241],"image-00045.jpg":[25.066171231229806,121.53318853565419],"image-00016.jpg":[25.06699886460109,121.53318233534085],"image-00053.jpg":[25.065952419769804,121.53318958158964],"image-00103.jpg":[25.06471690439275,121.53319816783093],"image-00081.jpg":[25.065229737834848,121.53319178820692],"image-00061.jpg":[25.065738952588603,121.53318936710811],"image-00014.jpg":[25.06705743402915,121.53318207894932],"image-00012.jpg":[25.06711586750968,121.53318205744984],"image-00044.jpg":[25.066198855498616,121.53318834027365],"image-00116.jpg":[25.064457701842443,121.53320478179802],"image-00074.jpg":[25.06540319621955,121.5331905112524],"image-00119.jpg":[25.064403619379526,121.53320561106645],"image-00030.jpg":[25.066592459534245,121.53318478403904],"image-00073.jpg":[25.065428130069698,121.53319026406808],"image-00088.jpg":[25.065060841278896,121.53319260296442],"image-00049.jpg":[25.06606211410856,121.53318884572522],"image-00042.jpg":[25.06625402977501,121.53318758488325],"image-00055.jpg":[25.06589826578473,121.53318983351448],"image-00067.jpg":[25.065581489374864,121.53318969632858],"image-00024.jpg":[25.066766007143563,121.53318387019229],"image-00097.jpg":[25.064851140368596,121.53319546694003],"image-00086.jpg":[25.065108834451244,121.53319211719754],"image-00068.jpg":[25.065555749546075,121.5331898309951],"image-00018.jpg":[25.066940536031854,121.53318261502115],"image-00060.jpg":[25.065765479970448,121.53318950538315],"image-00007.jpg":[25.06726498390608,121.53318174214299],"image-00122.jpg":[25.064351234415998,121.53320607471198],"image-00022.jpg":[25.066824517395172,121.53318356398555],"image-00015.jpg":[25.067028129532265,121.53318207211629],"image-00063.jpg":[25.065686178105533,121.53318962895872],"image-00100.jpg":[25.064782806742834,121.53319681763861],"image-00037.jpg":[25.066393755678323,121.53318675564846],"image-00115.jpg":[25.064475946102906,121.53320465089332],"image-00087.jpg":[25.065084830146453,121.5331922824785],"image-00011.jpg":[25.067145341877502,121.53318207583827],"image-00084.jpg":[25.06515725044272,121.53319191953403],"image-00091.jpg":[25.06498973792952,121.53319348085131],"image-00047.jpg":[25.06611613264581,121.53318861645663],"image-00038.jpg":[25.066365239010995,121.5331868683596],"image-00101.jpg":[25.064760649360565,121.53319722950387],"image-00017.jpg":[25.066969580161416,121.53318248165286],"image-00006.jpg":[25.067295005508672,121.53318135238308],"image-00072.jpg":[25.065453174931996,121.53319006348457],"image-00036.jpg":[25.06642204009738,121.53318653475263],"image-00056.jpg":[25.065871596159052,121.53318966715179],"image-00107.jpg":[25.06463142392662,121.53320072043994],"image-00003.jpg":[25.067386354731518,121.53317942454463],"image-00092.jpg":[25.06496626720856,121.53319366497067],"image-00121.jpg":[25.06436845594583,121.5332059658158],"image-00076.jpg":[25.065353291744845,121.53319084557616],"image-00041.jpg":[25.06628122872988,121.53318721619453],"image-00082.jpg":[25.065205451736347,121.5331919317238],"image-00032.jpg":[25.066535240852474,121.53318515846101],"image-00021.jpg":[25.066853538231207,121.53318340427467],"image-00108.jpg":[25.06461061234734,121.53320143223473],"image-00048.jpg":[25.066089152321773,121.53318876913534],"image-00026.jpg":[25.066707959479153,121.53318426228267],"image-00065.jpg":[25.065633765590047,121.53318961620946],"image-00089.jpg":[25.06503700115233,121.53319283756835],"image-00029.jpg":[25.06662118974791,121.5331846078924],"image-00071.jpg":[25.06547852891279,121.53318994641472],"image-00009.jpg":[25.067204965075668,121.533182250443],"image-00113.jpg":[25.064512946769284,121.5332041216449],"image-00051.jpg":[25.06600720639651,121.53318939377226]}