{"image-00070.jpg":[25.065581650656252,121.53318227235732],"image-00095.jpg":[25.06494845652992,121.53317794286676],"image-00034.jpg":[25.06660111992558,121.53319266549173],"image-00102.jpg":[25.064785535641903,121.5331786837084],"image-00077.jpg":[25.06539768014729,121.53318074401625],"image-00058.jpg":[25.06591060470995,121.5331863094309],"image-00117.jpg":[25.06447807417086,121.53318153378927],"image-00008.jpg":[25.0673932671537,121.53320045981421],"image-00085.jpg":[25.0651939130642,121.53317867301934],"image-00020.jpg":[25.067023926322722,121.53319622501897],"image-00069.jpg":[25.065608323159157,121.53318251396453],"image-00013.jpg":[25.067237528022268,121.53319823839402],"image-00080.jpg":[25.06532042771459,121.53318013221761],"image-00050.jpg":[25.06613822705775,121.53318957725453],"image-00066.jpg":[25.06568947366365,121.53318348214914],"image-00005.jpg":[25.06748737880261,121.5332008345813],"image-00040.jpg":[25.06642462333982,121.5331914695164],"image-00025.jpg":[25.06687211468889,121.5331949932092],"image-00019.jpg":[25.067054165968052,121.53319646516596],"image-00094.jpg":[25.064972406229323,121.53317800029518],"image-00098.jpg":[25.064877634361256,121.53317819733472],"image-00104.jpg":[25.064740672274315,121.53317905068391],"image-00054.jpg":[25.06602343934288,121.53318827661758],"image-00124.jpg":[25.06435144932585,121.5331810085558],"image-00001.jpg":[25.06757739468624,121.53320004164254],"image-00031.jpg":[25.066690704268783,121.53319327997752],"image-00078.jpg":[25.065371639978274,121.53318053706994],"image-00110.jpg":[25.064612627496665,121.53318120872635],"image-00059.jpg":[25.06588327630985,121.53318618049288],"image-00090.jpg":[25.065069404116937,121.53317808928708],"image-00123.jpg":[25.064368457262837,121.53318118779029],"image-00118.jpg":[25.06445925350465,121.53318161598321],"image-00043.jpg":[25.066338575012026,121.53319111708322],"image-00064.jpg":[25.06574462911124,121.53318423591315],"image-00075.jpg":[25.065450058666226,121.53318123410963],"image-00035.jpg":[25.06657161749119,121.53319253459742],"image-00010.jpg":[25.067330596362446,121.53319973946873],"image-00046.jpg":[25.066252179540864,121.53319052896757],"image-00114.jpg":[25.064535017117375,121.5331819494555],"image-00052.jpg":[25.06608060848373,121.53318891417408],"image-00099.jpg":[25.0648542351363,121.53317829768275],"image-00111.jpg":[25.06459282709593,121.53318142418695],"image-00112.jpg":[25.064573737819064,121.53318173759652],"image-00125.jpg":[25.064334766811037,121.53318072270326],"image-00083.jpg":[25.065244393549264,121.53317944743462],"image-00039.jpg":[25.066453923742223,121.53319178808283],"image-00062.jpg":[25.06579966925696,121.53318493755819],"image-00023.jpg":[25.06693269084001,121.53319551417887],"image-00105.jpg":[25.064718802386412,121.53317940760861],"image-00028.jpg":[25.066780986359493,121.53319393515271],"image-00120.jpg":[25.06442209215937,121.53318167070462],"image-00033.jpg":[25.0666308844766,121.53319279301137],"image-00002.jpg":[25.067571982185594,121.5332000431374],"image-00079.jpg":[25.065345924708236,121.5331803975048],"image-00027.jpg":[25.06681133857369,121.53319441536055],"image-00057.jpg":[25.065939076976143,121.53318706530067],"image-00096.jpg":[25.064924759901462,121.53317795452597],"image-00004.jpg":[25.0675186727305,121.53320038801637],"image-00109.jpg":[25.064633375540545,121.53318097766007],"image-00093.jpg":[25.06499627610121,121.53317791953222],"image-00106.jpg":[25.064697089782737,121.5331798183131],"image-00045.jpg":[25.066281215371063,121.53319094234122],"image-00016.jpg":[25.067145473129607,121.53319716806125],"image-00053.jpg":[25.066052088994496,121.53318867948552],"image-00103.jpg":[25.06476294827247,121.5331788044584],"image-00081.jpg":[25.065295055808683,121.53317997663333],"image-00061.jpg":[25.065827482846345,121.53318520355342],"image-00014.jpg":[25.06720678303768,121.53319779531057],"image-00012.jpg":[25.067268240691124,121.53319866735896],"image-00044.jpg":[25.066310001556193,121.53319115741584],"image-00116.jpg":[25.06449679092077,121.53318168257549],"image-00074.jpg":[25.065476011121557,121.53318129157638],"image-00119.jpg":[25.064440605955223,121.5331817062412],"image-00030.jpg":[25.06672067641314,121.53319350613458],"image-00073.jpg":[25.06550201386351,121.53318141828603],"image-00088.jpg":[25.06511880560887,121.53317827689038],"image-00049.jpg":[25.06616673737797,121.53318959450966],"image-00042.jpg":[25.066367081964,121.53319120564218],"image-00055.jpg":[25.065995323958923,121.53318810892418],"image-00067.jpg":[25.06566224103844,121.53318314107042],"image-00024.jpg":[25.06690235955076,121.53319521616933],"image-00097.jpg":[25.06490112486654,121.53317803887163],"image-00086.jpg":[25.065168633718745,121.53317849658174],"image-00068.jpg":[25.06563532082878,121.53318288831912],"image-00018.jpg":[25.06708440319987,121.53319656621926],"image-00060.jpg":[25.065855420518282,121.5331857455077],"image-00007.jpg":[25.067424590191667,121.53320060845046],"image-00122.jpg":[25.06438597494162,121.53318138599565],"image-00022.jpg":[25.066963476358612,121.53319578564009],"image-00015.jpg":[25.067176026992122,121.53319734513087],"image-00063.jpg":[25.065772179051816,121.53318466437989],"image-00100.jpg":[25.06483088104399,121.53317841136024],"image-00037.jpg":[25.066513264917063,121.53319248563612],"image-00115.jpg":[25.064515839690078,121.53318182522324],"image-00087.jpg":[25.065143610699206,121.53317830474373],"image-00011.jpg":[25.067299258820835,121.53319913678888],"image-00084.jpg":[25.065219185670475,121.5331790204833],"image-00091.jpg":[25.065044921613037,121.53317810086494],"image-00047.jpg":[25.066223399160315,121.53319018754365],"image-00038.jpg":[25.066483559471198,121.53319217797215],"image-00101.jpg":[25.06480802125853,121.53317850139872],"image-00017.jpg":[25.0671148397253,121.53319687340581],"image-00006.jpg":[25.067455742867423,121.53320066145788],"image-00072.jpg":[25.065528149360357,121.5331815929514],"image-00036.jpg":[25.066542687177684,121.5331926822436],"image-00056.jpg":[25.065967114691674,121.53318752958492],"image-00107.jpg":[25.064675635003663,121.53318014406433],"image-00003.jpg":[25.067550418190237,121.53320009538099],"image-00092.jpg":[25.065020377110155,121.53317793006582],"image-00121.jpg":[25.064403922404978,121.53318153269694],"image-00076.jpg":[25.065423906529507,121.53318087836573],"image-00041.jpg":[25.066395438658965,121.53319124722475],"image-00082.jpg":[25.06526975370919,121.53317976049996],"image-00032.jpg":[25.06666070931618,121.53319300897653],"image-00021.jpg":[25.066993747154783,121.53319605769741],"image-00108.jpg":[25.064654366922834,121.53318055717939],"image-00048.jpg":[25.066195154480244,121.5331899320204],"image-00026.jpg":[25.066841699546433,121.53319473516004],"image-00065.jpg":[25.065717017862912,121.53318384876857],"image-00089.jpg":[25.06509401260646,121.53317815856434],"image-00029.jpg":[25.06675078594386,121.53319376722163],"image-00071.jpg":[25.065554613445148,121.53318185359814],"image-00009.jpg":[25.067361939497303,121.53320021545],"image-00113.jpg":[25.064554058761022,121.53318183164532],"image-00051.jpg":[25.06610951887607,121.5331893218816]}