{"image-00070.jpg":[25.06559138172722,121.53318291920348],"image-00095.jpg":[25.064949388502715,121.53317869544654],"image-00034.jpg":[25.066624627602906,121.53319285646364],"image-00102.jpg":[25.06478399487302,121.53317933591188],"image-00077.jpg":[25.06540488426821,121.53318143214585],"image-00058.jpg":[25.065924705561574,121.53318677539004],"image-00117.jpg":[25.06447171154237,121.53318197243627],"image-00008.jpg":[25.067427510278353,121.53320030580753],"image-00085.jpg":[25.06519836027999,121.53317942716907],"image-00020.jpg":[25.067053229904865,121.53319625727258],"image-00069.jpg":[25.065618419043503,121.53318316005962],"image-00013.jpg":[25.067269736593605,121.53319818593206],"image-00080.jpg":[25.065326567651297,121.53318083842308],"image-00050.jpg":[25.066155298295925,121.53318988587571],"image-00066.jpg":[25.065700651156696,121.53318409020983],"image-00005.jpg":[25.067522957744544,121.53320066187669],"image-00040.jpg":[25.066445678738766,121.53319170475274],"image-00025.jpg":[25.06689933009952,121.53319506138715],"image-00019.jpg":[25.067083885962333,121.53319648946797],"image-00094.jpg":[25.064973682600318,121.53317875261064],"image-00098.jpg":[25.064877498159742,121.53317890273362],"image-00104.jpg":[25.06473843273251,121.53317966858936],"image-00054.jpg":[25.066038974470526,121.53318864927789],"image-00124.jpg":[25.06434329009421,121.53318145742867],"image-00001.jpg":[25.06761437736063,121.53319989706993],"image-00031.jpg":[25.06671545465622,121.53319343707686],"image-00078.jpg":[25.065378485143547,121.53318122830743],"image-00110.jpg":[25.06460827183401,121.53318168287029],"image-00059.jpg":[25.06589699208275,121.53318665840698],"image-00090.jpg":[25.06507209023386,121.53317883863625],"image-00123.jpg":[25.06436052787429,121.53318163495891],"image-00118.jpg":[25.064452605994614,121.53318204691416],"image-00043.jpg":[25.066358410794827,121.53319137601443],"image-00064.jpg":[25.065756530832896,121.53318481026474],"image-00075.jpg":[25.065457975920484,121.53318190545681],"image-00035.jpg":[25.066594708738847,121.53319273999378],"image-00010.jpg":[25.067364000942938,121.53319961167205],"image-00046.jpg":[25.066270813376526,121.53319079226961],"image-00114.jpg":[25.06452944245268,121.53318237334028],"image-00052.jpg":[25.066096909669852,121.53318925433635],"image-00099.jpg":[25.06485374462393,121.53317899050141],"image-00111.jpg":[25.064588158179244,121.53318189050485],"image-00112.jpg":[25.06456875503289,121.53318218936775],"image-00125.jpg":[25.064326393821062,121.53318117425297],"image-00083.jpg":[25.065249495405762,121.53318017731215],"image-00039.jpg":[25.06647537241223,121.53319200463687],"image-00062.jpg":[25.06581229828167,121.53318547139398],"image-00023.jpg":[25.066960735854146,121.53319556310116],"image-00105.jpg":[25.064716202789132,121.53318000234984],"image-00028.jpg":[25.066806984820335,121.53319405303591],"image-00120.jpg":[25.064414895306943,121.5331821036591],"image-00033.jpg":[25.066654813771244,121.53319297893864],"image-00002.jpg":[25.06760888560954,121.53319989963947],"image-00079.jpg":[25.065352408321477,121.53318108939918],"image-00027.jpg":[25.066837728163748,121.53319450959995],"image-00057.jpg":[25.065953511503,121.53318749887586],"image-00096.jpg":[25.064925343240844,121.53317870108177],"image-00004.jpg":[25.067554758524082,121.53320023320666],"image-00109.jpg":[25.064629349442285,121.53318146715974],"image-00093.jpg":[25.064997910652618,121.53317867542593],"image-00106.jpg":[25.064694126100385,121.53318038357014],"image-00045.jpg":[25.066300228553626,121.53319118625782],"image-00016.jpg":[25.06717645220455,121.53319716275172],"image-00053.jpg":[25.06606799864333,121.53318903014156],"image-00103.jpg":[25.0647610628147,121.53317944303026],"image-00081.jpg":[25.065300841427927,121.53318068842403],"image-00061.jpg":[25.065840489649567,121.53318572564737],"image-00014.jpg":[25.06723859047047,121.53319776318124],"image-00012.jpg":[25.067300850860406,121.53319858935168],"image-00044.jpg":[25.066329412963,121.53319139760167],"image-00116.jpg":[25.06449068551477,121.53318211170581],"image-00074.jpg":[25.06548430228459,121.53318196458233],"image-00119.jpg":[25.06443367577086,121.53318213436773],"image-00030.jpg":[25.066745839932683,121.53319364741961],"image-00073.jpg":[25.065510671617783,121.53318208573378],"image-00088.jpg":[25.065122194899615,121.53317902618214],"image-00049.jpg":[25.066184224278,121.53318990560219],"image-00042.jpg":[25.06638732568313,121.53319146540562],"image-00055.jpg":[25.066010466217065,121.53318849023076],"image-00067.jpg":[25.065673057284272,121.53318376207469],"image-00024.jpg":[25.066929993144637,121.53319527533384],"image-00097.jpg":[25.06490135161661,121.5331787680372],"image-00086.jpg":[25.06517272965696,121.53317925152295],"image-00068.jpg":[25.065645770816463,121.53318351955463],"image-00018.jpg":[25.067114554865405,121.53319658875867],"image-00060.jpg":[25.0658687767735,121.53318624547673],"image-00007.jpg":[25.067459275225332,121.53320044658699],"image-00122.jpg":[25.06437828020134,121.53318182527488],"image-00022.jpg":[25.066991942541176,121.53319582721109],"image-00015.jpg":[25.067207433626127,121.53319733102393],"image-00063.jpg":[25.065784436362737,121.53318521538004],"image-00100.jpg":[25.064830034998884,121.53317908708686],"image-00037.jpg":[25.06653550677432,121.53319268523055],"image-00115.jpg":[25.06450999746738,121.53318224912597],"image-00087.jpg":[25.065147361058543,121.53317906355227],"image-00011.jpg":[25.067332270942394,121.53319903457407],"image-00084.jpg":[25.065223964911894,121.53317976296319],"image-00091.jpg":[25.065047248003893,121.53317884794748],"image-00047.jpg":[25.06624164930478,121.53319046541793],"image-00038.jpg":[25.066505399229047,121.5331923797471],"image-00101.jpg":[25.064806830001746,121.53317916567588],"image-00017.jpg":[25.067145402792985,121.53319688011376],"image-00006.jpg":[25.067490878631155,121.53320050351647],"image-00072.jpg":[25.06553717051655,121.53318225403336],"image-00036.jpg":[25.066565338887923,121.53319288164397],"image-00056.jpg":[25.06598190839695,121.53318794186723],"image-00107.jpg":[25.064672320304634,121.5331806831846],"image-00003.jpg":[25.067587000405904,121.53319995056152],"image-00092.jpg":[25.065022363336716,121.53317868689757],"image-00121.jpg":[25.064396474614924,121.53318196966168],"image-00076.jpg":[25.065431480184223,121.53318156539822],"image-00041.jpg":[25.06641609228696,121.5331915005541],"image-00082.jpg":[25.065275192086016,121.5331804748838],"image-00032.jpg":[25.066685051069474,121.53319318294996],"image-00021.jpg":[25.0670226270932,121.53319609363444],"image-00108.jpg":[25.064650695126662,121.53318107374128],"image-00048.jpg":[25.066213019549803,121.5331902227355],"image-00026.jpg":[25.06686849821395,121.53319481460488],"image-00065.jpg":[25.06572855840999,121.53318444327216],"image-00089.jpg":[25.065097051557682,121.53317890804311],"image-00029.jpg":[25.06677636088488,121.53319389226236],"image-00071.jpg":[25.065563993799135,121.53318250864366],"image-00009.jpg":[25.06739575084229,121.53320007046034],"image-00113.jpg":[25.064548776984015,121.53318227287764],"image-00051.jpg":[25.066126198105696,121.53318964206765]}