{"image-00070.jpg":[25.06970428038125,121.47882017707478],"image-00095.jpg":[25.069920462009,121.47889317713101],"image-00034.jpg":[25.069291818061224,121.47882939111699],"image-00102.jpg":[25.069989044451006,121.47891727995341],"image-00077.jpg":[25.069762671536765,121.47883385881121],"image-00058.jpg":[25.069563104407838,121.47878794735833],"image-00117.jpg":[25.070192036713003,121.47897881066683],"image-00008.jpg":[25.06910295159811,121.47959649241162],"image-00085.jpg":[25.069827898825892,121.47885466628152],"image-00020.jpg":[25.069211519583728,121.47919345676138],"image-00069.jpg":[25.06969552848822,121.47881854795347],"image-00013.jpg":[25.069154717080956,121.47942506425034],"image-00080.jpg":[25.069786796321363,121.47884109968425],"image-00119.jpg":[25.07022252662821,121.47898699980416],"image-00066.jpg":[25.069663207347304,121.47881214187188],"image-00005.jpg":[25.069064239078166,121.47971040107487],"image-00040.jpg":[25.06936391062172,121.47875573039649],"image-00025.jpg":[25.06924339160073,121.47903988950841],"image-00019.jpg":[25.069204252322525,121.47922499094037],"image-00094.jpg":[25.069910921510054,121.47888911944545],"image-00098.jpg":[25.06995143762107,121.47890521995134],"image-00104.jpg":[25.070012600923015,121.47892467273729],"image-00054.jpg":[25.069514945397785,121.47877138874394],"image-00124.jpg":[25.070300789095697,121.47900929996013],"image-00001.jpg":[25.06903298803823,121.47979234776376],"image-00031.jpg":[25.06927136552911,121.47888768688397],"image-00078.jpg":[25.069770777759082,121.47883602252995],"image-00059.jpg":[25.069576412111164,121.478792078857],"image-00110.jpg":[25.07008784887986,121.47894795255803],"image-00090.jpg":[25.069871672726723,121.47887185716158],"image-00123.jpg":[25.070284301570396,121.47900475031965],"image-00043.jpg":[25.069401998293458,121.47874306941057],"image-00064.jpg":[25.069641505531884,121.478807749434],"image-00075.jpg":[25.06974664612404,121.47882956408769],"image-00035.jpg":[25.069301356216798,121.47881186715807],"image-00010.jpg":[25.069124863997292,121.47952465591351],"image-00046.jpg":[25.06943368707561,121.47874505034287],"image-00114.jpg":[25.070149779443724,121.47896615472533],"image-00052.jpg":[25.069495352167454,121.4787637928256],"image-00099.jpg":[25.06996011484871,121.47890794935323],"image-00111.jpg":[25.070108021904026,121.47895443646485],"image-00112.jpg":[25.070121154502502,121.47895856925757],"image-00125.jpg":[25.070317784731554,121.47901417847334],"image-00083.jpg":[25.069812678071557,121.47884913443312],"image-00039.jpg":[25.06935031318674,121.47876302432],"image-00062.jpg":[25.069616234650006,121.4788020457442],"image-00023.jpg":[25.069231773727854,121.47909971598074],"image-00105.jpg":[25.070022007018796,121.478927584717],"image-00028.jpg":[25.069257878513117,121.47895341131382],"image-00120.jpg":[25.07023690810837,121.47899111402401],"image-00033.jpg":[25.0692831951319,121.47884862288413],"image-00002.jpg":[25.069034852666196,121.47978726152135],"image-00079.jpg":[25.069778421353604,121.4788384967133],"image-00027.jpg":[25.069252852380878,121.47898136675965],"image-00057.jpg":[25.06955063181871,121.47878369755885],"image-00096.jpg":[25.069929948463653,121.47889709565658],"image-00004.jpg":[25.069053036889454,121.47973990681473],"image-00109.jpg":[25.070079401470633,121.47894547893777],"image-00093.jpg":[25.069901022877684,121.47888491170704],"image-00106.jpg":[25.070032370898502,121.47893084425998],"image-00045.jpg":[25.06942507394471,121.47874336822923],"image-00016.jpg":[25.069180529588202,121.47932520998353],"image-00053.jpg":[25.06950508513169,121.47876766734466],"image-00103.jpg":[25.07000065259403,121.47892105461978],"image-00081.jpg":[25.069795726583102,121.47884377965555],"image-00061.jpg":[25.069602982317797,121.47879878670983],"image-00014.jpg":[25.069163527821047,121.4793913357085],"image-00012.jpg":[25.06914532849617,121.47945764000778],"image-00044.jpg":[25.069413911326777,121.47874302672696],"image-00116.jpg":[25.070177741795458,121.47897468782023],"image-00074.jpg":[25.06973850828961,121.47882741617173],"image-00050.jpg":[25.06947497380639,121.47875613037642],"image-00030.jpg":[25.06926741240645,121.478908008503],"image-00073.jpg":[25.06972993137055,121.47882548935515],"image-00088.jpg":[25.069852461186503,121.4788640149039],"image-00049.jpg":[25.069464211823245,121.47875252950888],"image-00042.jpg":[25.069390293035827,121.47874542703818],"image-00055.jpg":[25.06952592032178,121.47877536439412],"image-00067.jpg":[25.069674779493603,121.47881456522674],"image-00024.jpg":[25.06923753855395,121.47906934300003],"image-00097.jpg":[25.069939846976563,121.478900868218],"image-00086.jpg":[25.069835528668445,121.47885729526777],"image-00068.jpg":[25.06968550992315,121.47881654562366],"image-00018.jpg":[25.06919669684617,121.47925799636752],"image-00060.jpg":[25.069590380755553,121.47879555413294],"image-00007.jpg":[25.06909003960366,121.47963525745143],"image-00122.jpg":[25.070268740047275,121.47900029392063],"image-00022.jpg":[25.069225314982354,121.47913001586247],"image-00015.jpg":[25.069171521441348,121.47935818391085],"image-00063.jpg":[25.069629039873547,121.47880523933537],"image-00100.jpg":[25.069968493428487,121.4789105888099],"image-00037.jpg":[25.06932536859797,121.47878373604394],"image-00115.jpg":[25.070163646749325,121.47897037784631],"image-00087.jpg":[25.069843955210427,121.47886061518268],"image-00011.jpg":[25.069135193542106,121.47949070109932],"image-00084.jpg":[25.069820370152044,121.47885193463756],"image-00091.jpg":[25.069881899838734,121.47887643272739],"image-00047.jpg":[25.069443245334078,121.47874690348294],"image-00038.jpg":[25.069337252713144,121.47877254410312],"image-00101.jpg":[25.0699780515271,121.4789137021932],"image-00017.jpg":[25.06918886454618,121.47929238868508],"image-00006.jpg":[25.06907608596126,121.47967532733591],"image-00072.jpg":[25.069721326551782,121.47882359264392],"image-00036.jpg":[25.06931215687421,121.47879609537114],"image-00056.jpg":[25.069538232347046,121.47877963485715],"image-00107.jpg":[25.070049439452788,121.47893613655643],"image-00003.jpg":[25.069042545453893,121.47976767355895],"image-00092.jpg":[25.069891822486237,121.47888077243894],"image-00121.jpg":[25.070253510466273,121.47899584818578],"image-00076.jpg":[25.06975472089646,121.47883171041953],"image-00041.jpg":[25.0693770667237,121.478749789218],"image-00082.jpg":[25.06980436994134,121.4788465797171],"image-00032.jpg":[25.069276613251528,121.47886788338374],"image-00021.jpg":[25.069218471423895,121.47916188919223],"image-00108.jpg":[25.070065450385922,121.4789412481235],"image-00048.jpg":[25.069453484772986,121.47874932463384],"image-00026.jpg":[25.069248258108153,121.47901026415008],"image-00051.jpg":[25.069485174636064,121.47875991752383],"image-00065.jpg":[25.06965164757315,121.4788100350873],"image-00089.jpg":[25.069861361463968,121.47886769711512],"image-00029.jpg":[25.069262574667217,121.47893021091261],"image-00071.jpg":[25.06971292249956,121.47882189342053],"image-00009.jpg":[25.069114103712582,121.47955928112006],"image-00113.jpg":[25.07013542173872,121.47896244304373],"image-00118.jpg":[25.070207565999898,121.47898293812915]}