{"image-00070.jpg":[25.069710003532617,121.47882884587295],"image-00095.jpg":[25.06992201034353,121.47889737564289],"image-00034.jpg":[25.069296421828398,121.47884148453942],"image-00102.jpg":[25.069989223328996,121.47892004521648],"image-00077.jpg":[25.069767696668205,121.47884161007156],"image-00058.jpg":[25.069570511737815,121.4787988715685],"image-00117.jpg":[25.0701885581094,121.47897739194003],"image-00008.jpg":[25.06906460859858,121.47958971876847],"image-00085.jpg":[25.069831727756426,121.47886109547319],"image-00020.jpg":[25.069195862517354,121.47919666027153],"image-00069.jpg":[25.06970131965466,121.47882732501216],"image-00013.jpg":[25.06912603176517,121.47942248484654],"image-00080.jpg":[25.069791451298762,121.47884843829678],"image-00050.jpg":[25.069484026032487,121.47876869786381],"image-00066.jpg":[25.069669327824275,121.47882140627902],"image-00005.jpg":[25.069019403009637,121.47970078398359],"image-00040.jpg":[25.069372829734494,121.4787693081802],"image-00025.jpg":[25.069236128343086,121.47904665650918],"image-00019.jpg":[25.069186809122304,121.47922738521254],"image-00094.jpg":[25.06991270803072,121.47889354779622],"image-00098.jpg":[25.069952280196553,121.47890870887193],"image-00104.jpg":[25.07001231526278,121.47892691011145],"image-00054.jpg":[25.06952319875858,121.47878317949366],"image-00124.jpg":[25.07029556152442,121.47900580541022],"image-00001.jpg":[25.0689833874032,121.47978059460387],"image-00031.jpg":[25.06927246799634,121.47889808863277],"image-00078.jpg":[25.06977570288818,121.47884365517959],"image-00059.jpg":[25.069583603835092,121.47880276659912],"image-00110.jpg":[25.070086252854875,121.47894872417176],"image-00090.jpg":[25.069874542279482,121.47887734393143],"image-00123.jpg":[25.070279357781384,121.47900159949629],"image-00118.jpg":[25.070203818432876,121.4789811856096],"image-00043.jpg":[25.069411787833257,121.47875679773148],"image-00064.jpg":[25.06964787541033,121.47881737522017],"image-00075.jpg":[25.069751898753722,121.4788375896864],"image-00035.jpg":[25.069307203306163,121.47882469272014],"image-00010.jpg":[25.06909057922217,121.47951965275098],"image-00046.jpg":[25.069443443948433,121.4787584857299],"image-00114.jpg":[25.070147034214745,121.47896557626355],"image-00052.jpg":[25.069503980382272,121.47877593572952],"image-00099.jpg":[25.06996083691365,121.47891131324238],"image-00111.jpg":[25.07010591887201,121.47895461440285],"image-00112.jpg":[25.070118953109418,121.47895867281866],"image-00125.jpg":[25.070312233672663,121.47901029659857],"image-00083.jpg":[25.069816847607534,121.47885592281739],"image-00039.jpg":[25.069358846279766,121.4787765819789],"image-00062.jpg":[25.069622901115082,121.4788120718044],"image-00023.jpg":[25.069221344468147,121.47910522810686],"image-00105.jpg":[25.070021591432003,121.4789296852255],"image-00028.jpg":[25.069255426614884,121.47896233825688],"image-00120.jpg":[25.070232676786144,121.47898878274555],"image-00033.jpg":[25.06928659739623,121.47886011528522],"image-00002.jpg":[25.068985533186915,121.4797756218629],"image-00079.jpg":[25.069783209671165,121.47884598079699],"image-00027.jpg":[25.069248820846024,121.47898956603919],"image-00057.jpg":[25.06955827657075,121.47879487310189],"image-00096.jpg":[25.06993129231673,121.47890110410711],"image-00004.jpg":[25.06900647060199,121.47972950000482],"image-00109.jpg":[25.07007795805003,121.47894642948864],"image-00093.jpg":[25.069903081360337,121.47888961255356],"image-00106.jpg":[25.070031737188163,121.47893269409064],"image-00045.jpg":[25.069434872270552,121.478756871477],"image-00016.jpg":[25.069157499915388,121.47932516222755],"image-00053.jpg":[25.06951352577675,121.47877963843634],"image-00103.jpg":[25.07000063642943,121.47892361248608],"image-00081.jpg":[25.06980020283795,121.4788509085443],"image-00061.jpg":[25.06960981420821,121.47880902300948],"image-00014.jpg":[25.06913670481466,121.47938954482787],"image-00012.jpg":[25.069114879045358,121.47945435577009],"image-00044.jpg":[25.069423761879417,121.47875670629779],"image-00116.jpg":[25.07017452584969,121.4789735810321],"image-00074.jpg":[25.069743865647947,121.47883556795792],"image-00119.jpg":[25.070218499506094,121.4789849019953],"image-00030.jpg":[25.069267379637985,121.47891790238111],"image-00073.jpg":[25.069735388102583,121.4788337756799],"image-00088.jpg":[25.06985578790169,121.47886994997022],"image-00049.jpg":[25.06947345714774,121.47876530104429],"image-00042.jpg":[25.06939988745848,121.47875913254197],"image-00055.jpg":[25.069533963330453,121.47878694363976],"image-00067.jpg":[25.069680754848786,121.4788236243557],"image-00024.jpg":[25.06922869077151,121.47907545835406],"image-00097.jpg":[25.06994095594263,121.4789046334061],"image-00086.jpg":[25.069839223682287,121.47886358760982],"image-00068.jpg":[25.069691380766916,121.47882544233624],"image-00018.jpg":[25.069177358919514,121.47925950859276],"image-00060.jpg":[25.069597355273796,121.47880596373722],"image-00007.jpg":[25.069049493892013,121.47962752281721],"image-00122.jpg":[25.070263999220344,121.47899737092439],"image-00022.jpg":[25.069213211533643,121.47913480211659],"image-00015.jpg":[25.069146517261597,121.4793571594456],"image-00063.jpg":[25.069635549127003,121.47881506803344],"image-00100.jpg":[25.069969068854924,121.47891379081835],"image-00037.jpg":[25.069332887825258,121.47879719980652],"image-00115.jpg":[25.07016065082279,121.47896951337874],"image-00087.jpg":[25.069847428911057,121.47886667660151],"image-00011.jpg":[25.069102868572074,121.47948659191772],"image-00084.jpg":[25.069824379521357,121.47885855806328],"image-00091.jpg":[25.069884449063476,121.4788815954524],"image-00047.jpg":[25.069452879417735,121.47876015802512],"image-00038.jpg":[25.069345322936144,121.47878608029049],"image-00101.jpg":[25.069978461782465,121.4789167274482],"image-00017.jpg":[25.06916767297049,121.47929314618953],"image-00006.jpg":[25.069033237425117,121.47966657051866],"image-00072.jpg":[25.069726886703407,121.47883202081783],"image-00036.jpg":[25.06931889575136,121.47880924537031],"image-00056.jpg":[25.06954608549547,121.47879103049524],"image-00107.jpg":[25.070048554002792,121.4789377166138],"image-00003.jpg":[25.068994338690786,121.47975650631726],"image-00092.jpg":[25.069894098046863,121.47888566657238],"image-00121.jpg":[25.070249006292656,121.47899319593273],"image-00076.jpg":[25.069759861710068,121.47883960076129],"image-00041.jpg":[25.069386397673266,121.47876349372922],"image-00082.jpg":[25.069808687277423,121.47885353496535],"image-00032.jpg":[25.06927888752474,121.47887885430421],"image-00021.jpg":[25.069204551756012,121.47916583717918],"image-00108.jpg":[25.070064285487398,121.47894252321545],"image-00048.jpg":[25.06946294152928,121.47876234434956],"image-00026.jpg":[25.069242617655565,121.47901773738808],"image-00065.jpg":[25.069657879271183,121.47881947390714],"image-00089.jpg":[25.069864460578664,121.47887340532023],"image-00029.jpg":[25.069261384012417,121.478939668134],"image-00071.jpg":[25.06971856645063,121.47883044416952],"image-00009.jpg":[25.069077815592866,121.4795533621811],"image-00113.jpg":[25.07013289387514,121.47896213556814],"image-00051.jpg":[25.069494023644037,121.47877228242612]}