{"image-00070.jpg":[25.069720595778215,121.47883237254152],"image-00095.jpg":[25.069932968624077,121.47891557377433],"image-00034.jpg":[25.069328307955022,121.47887875400019],"image-00102.jpg":[25.070000447176046,121.47894328921743],"image-00077.jpg":[25.069777539765386,121.4788465855188],"image-00058.jpg":[25.069583077888915,121.47879924478733],"image-00117.jpg":[25.070198959706037,121.47901150851149],"image-00008.jpg":[25.069222452329935,121.47995927418715],"image-00085.jpg":[25.06984149240489,121.4788699919744],"image-00020.jpg":[25.0692871603593,121.47939094605972],"image-00069.jpg":[25.06971207839278,121.47883081063245],"image-00013.jpg":[25.069255301575133,121.47971708523752],"image-00080.jpg":[25.06980123179962,121.47885467137674],"image-00119.jpg":[25.070228573296294,121.47902021886378],"image-00066.jpg":[25.06968068499637,121.47882457406804],"image-00005.jpg":[25.069196388379925,121.480120463291],"image-00040.jpg":[25.06939010381031,121.47877074799703],"image-00025.jpg":[25.069302348427712,121.47917486743273],"image-00019.jpg":[25.069283244636175,121.47943529633066],"image-00094.jpg":[25.069923528462798,121.47891075064825],"image-00098.jpg":[25.069963517202748,121.4789296681544],"image-00104.jpg":[25.07002346232481,121.4789515226869],"image-00054.jpg":[25.069535561769293,121.47878016909132],"image-00124.jpg":[25.070305200805702,121.47904471308226],"image-00001.jpg":[25.06917424011874,121.48023658703377],"image-00031.jpg":[25.06931404672587,121.47896107019456],"image-00078.jpg":[25.069785491073457,121.47884894062966],"image-00059.jpg":[25.06959615350237,121.47880389087162],"image-00110.jpg":[25.0700972213083,121.47897755707176],"image-00090.jpg":[25.069884763248883,121.47889021026579],"image-00123.jpg":[25.070289140957637,121.47903980924241],"image-00043.jpg":[25.06942538031068,121.47875020821934],"image-00064.jpg":[25.069659638172027,121.47882028994826],"image-00075.jpg":[25.069761869719432,121.47884194288167],"image-00035.jpg":[25.06933615361799,121.47885397263241],"image-00010.jpg":[25.069236446807388,121.47985778161917],"image-00046.jpg":[25.06945583354374,121.47875041810977],"image-00114.jpg":[25.070157615476422,121.47899749455095],"image-00052.jpg":[25.06951611684007,121.47877119324882],"image-00099.jpg":[25.06997208532876,121.47893277525256],"image-00111.jpg":[25.070116768294767,121.47898469068653],"image-00112.jpg":[25.070129884072372,121.47898950420344],"image-00125.jpg":[25.070321737798132,121.47905000365495],"image-00083.jpg":[25.06982654565647,121.47886362155225],"image-00039.jpg":[25.06937791733457,121.47878203415603],"image-00062.jpg":[25.0696350262468,121.47881444936291],"image-00023.jpg":[25.069297374026583,121.47925911437804],"image-00105.jpg":[25.070032742309927,121.47895482351404],"image-00028.jpg":[25.06930775968636,121.47905358463333],"image-00120.jpg":[25.070242686382745,121.47902476490015],"image-00033.jpg":[25.069321738359754,121.47890600661137],"image-00002.jpg":[25.06917551781392,121.48022936698996],"image-00079.jpg":[25.06979299820578,121.4788517402154],"image-00027.jpg":[25.06930564157564,121.4790927885187],"image-00057.jpg":[25.06957081156329,121.47879438447075],"image-00096.jpg":[25.069942389658404,121.47892024161047],"image-00004.jpg":[25.069188435417992,121.48016225173416],"image-00109.jpg":[25.0700889779473,121.47897484563326],"image-00093.jpg":[25.069913778095394,121.47890578175756],"image-00106.jpg":[25.070042845196177,121.47895843845382],"image-00045.jpg":[25.069447390991076,121.47874873305142],"image-00016.jpg":[25.069270362854088,121.4795764145304],"image-00053.jpg":[25.06952579344396,121.47877579807891],"image-00103.jpg":[25.070011873820977,121.47894758235452],"image-00081.jpg":[25.069809928380536,121.47885761026058],"image-00061.jpg":[25.069622084740402,121.4788110079767],"image-00014.jpg":[25.069260391695984,121.4796695002881],"image-00012.jpg":[25.069249610582197,121.47976316152354],"image-00044.jpg":[25.06943680463314,121.47874923179431],"image-00116.jpg":[25.070185030142348,121.4790070179398],"image-00074.jpg":[25.069753899754406,121.4788396195647],"image-00050.jpg":[25.069495999107144,121.47876224898029],"image-00030.jpg":[25.069312245284017,121.47898961037404],"image-00073.jpg":[25.069745545975316,121.47883764877724],"image-00088.jpg":[25.069865778158125,121.47888094893702],"image-00049.jpg":[25.06948540724979,121.47875813658385],"image-00042.jpg":[25.06941436798304,121.47875437480894],"image-00055.jpg":[25.0695463986274,121.47878478876311],"image-00067.jpg":[25.069691902315576,121.47882696138518],"image-00024.jpg":[25.069299727136663,121.47921632131856],"image-00097.jpg":[25.069952120481744,121.47892462282832],"image-00086.jpg":[25.069849021687205,121.47887302246724],"image-00068.jpg":[25.06970230473013,121.47882882434851],"image-00018.jpg":[25.069279150083133,121.47948167903726],"image-00060.jpg":[25.06960972690872,121.47880752163961],"image-00007.jpg":[25.069213844218183,121.48001411667103],"image-00122.jpg":[25.070273837282414,121.47903486031284],"image-00022.jpg":[25.069294183792277,121.47930173914608],"image-00015.jpg":[25.069264740705815,121.47962276957816],"image-00063.jpg":[25.069647544428,121.47881784302452],"image-00100.jpg":[25.069980306040065,121.47893574225793],"image-00037.jpg":[25.069356449783463,121.47881304934361],"image-00115.jpg":[25.070171179102218,121.47900218257294],"image-00087.jpg":[25.06985728897428,121.47887688289191],"image-00011.jpg":[25.06924310841363,121.47980986524126],"image-00084.jpg":[25.06983412121847,121.47886686306158],"image-00091.jpg":[25.06989481233278,121.47889562658838],"image-00047.jpg":[25.069465064690267,121.47875216940426],"image-00038.jpg":[25.069366539247792,121.47879642669926],"image-00101.jpg":[25.069989707681728,121.47893927911534],"image-00017.jpg":[25.06927513459,121.47953016278889],"image-00006.jpg":[25.06920432355275,121.48007082232559],"image-00072.jpg":[25.069737178654783,121.47883572948251],"image-00036.jpg":[25.06934492166211,121.47883119183825],"image-00056.jpg":[25.069558600063555,121.47878975387573],"image-00107.jpg":[25.070059658372276,121.47896441954114],"image-00003.jpg":[25.06918097767641,121.4802015573139],"image-00092.jpg":[25.069904608220444,121.4789007839872],"image-00121.jpg":[25.07025891055697,121.47902994267803],"image-00076.jpg":[25.069769766948617,121.47884426001389],"image-00041.jpg":[25.06940217945694,121.478761507064],"image-00082.jpg":[25.06981841045073,121.47886077390146],"image-00032.jpg":[25.06931724410486,121.47893322576545],"image-00021.jpg":[25.069290683924965,121.47934651056747],"image-00108.jpg":[25.07007538215809,121.47897018918451],"image-00048.jpg":[25.06947495794649,121.47875462309088],"image-00026.jpg":[25.069304065789314,121.47913329410028],"image-00051.jpg":[25.06950607593926,121.47876666710029],"image-00065.jpg":[25.069669481371765,121.47882260430569],"image-00089.jpg":[25.06987455524893,121.47888529079617],"image-00029.jpg":[25.069309929045485,121.47902094133747],"image-00071.jpg":[25.06972900609073,121.47883405655517],"image-00009.jpg":[25.069229429530633,121.47990665670903],"image-00113.jpg":[25.070143626509655,121.47899355124778],"image-00118.jpg":[25.070214052526058,121.4790158948445]}