{
    "image-00057.jpg": {
        "25.060828,121.646314": [
            64248.0, 
            64248.0, 
            64238.0, 
            64238.0, 
            64238.0, 
            64750.0, 
            64750.0, 
            64750.0, 
            64750.0, 
            64751.0, 
            64751.0, 
            64751.0, 
            60695.0, 
            60697.0, 
            66820.0
        ]
    }, 
    "image-00021.jpg": {
        "25.060953,121.646687": [
            59108.0, 
            77617.0, 
            59110.0
        ]
    }, 
    "image-00048.jpg": {
        "25.060900,121.646528": [
            62223.0, 
            62735.0, 
            62735.0, 
            64783.0, 
            64783.0, 
            62225.0, 
            62225.0, 
            63249.0, 
            64785.0, 
            64785.0, 
            64786.0, 
            64786.0, 
            65298.0, 
            65298.0, 
            64275.0, 
            64275.0, 
            65299.0, 
            65299.0, 
            65299.0, 
            64276.0, 
            65300.0, 
            65300.0, 
            65300.0, 
            65300.0, 
            61718.0, 
            62229.0, 
            64790.0, 
            64790.0, 
            64790.0, 
            63255.0, 
            63255.0, 
            63255.0, 
            64279.0, 
            64279.0, 
            64279.0, 
            64791.0, 
            64791.0, 
            62744.0, 
            62744.0, 
            67352.0, 
            65817.0, 
            65817.0, 
            61722.0, 
            67356.0, 
            67356.0, 
            65309.0, 
            65309.0, 
            65309.0, 
            66335.0, 
            66335.0, 
            63268.0, 
            63268.0, 
            66290.0, 
            66802.0, 
            66802.0, 
            62743.0, 
            65304.0, 
            65816.0, 
            66847.0, 
            53540.0
        ]
    }, 
    "image-00015.jpg": {
        "25.061000,121.646841": [
            60190.0, 
            55594.0, 
            55082.0, 
            54572.0, 
            53548.0, 
            58668.0, 
            56109.0, 
            59695.0, 
            58670.0, 
            52511.0, 
            54559.0, 
            55583.0, 
            60191.0, 
            52513.0, 
            54561.0, 
            53537.0, 
            55585.0, 
            60193.0, 
            61729.0, 
            61219.0, 
            62243.0, 
            60195.0, 
            63267.0, 
            53540.0, 
            57637.0, 
            68901.0, 
            69413.0, 
            61221.0, 
            62245.0, 
            53030.0, 
            59687.0, 
            58663.0, 
            56615.0, 
            54557.0, 
            56616.0, 
            55592.0, 
            67880.0
        ]
    }, 
    "image-00013.jpg": {
        "25.061025,121.646935": [
            56105.0, 
            58155.0, 
            54569.0, 
            53547.0, 
            54571.0, 
            67336.0, 
            53549.0, 
            69399.0, 
            53527.0, 
            62233.0, 
            60192.0, 
            53018.0, 
            56609.0, 
            54049.0, 
            53537.0, 
            56097.0, 
            62234.0, 
            63258.0, 
            61731.0, 
            60707.0, 
            59684.0, 
            66852.0, 
            55077.0, 
            63269.0, 
            60709.0, 
            66341.0, 
            52518.0, 
            57126.0, 
            53542.0, 
            61734.0, 
            53021.0, 
            66343.0, 
            65320.0, 
            58141.0, 
            59165.0
        ]
    }, 
    "image-00011.jpg": {
        "25.061061,121.647073": [
            62738.0, 
            62738.0, 
            64274.0, 
            57106.0, 
            62739.0, 
            62739.0, 
            63251.0, 
            63251.0, 
            65299.0, 
            65299.0, 
            58644.0, 
            60180.0, 
            60180.0, 
            64788.0, 
            64788.0, 
            60182.0, 
            61206.0, 
            62230.0, 
            62741.0, 
            62741.0, 
            62231.0, 
            62231.0, 
            62743.0, 
            62743.0, 
            63255.0, 
            63255.0, 
            60696.0, 
            60696.0, 
            61720.0, 
            62232.0, 
            62744.0, 
            62744.0, 
            63256.0, 
            63256.0, 
            63256.0, 
            65304.0, 
            63257.0, 
            63257.0, 
            58652.0
        ]
    }, 
    "image-00080.jpg": {
        "25.060698,121.645941": []
    }, 
    "image-00049.jpg": {
        "25.060875,121.646454": [
            60178.0, 
            61714.0, 
            62227.0, 
            54059.0, 
            64276.0, 
            69361.0, 
            61739.0, 
            60205.0, 
            61741.0, 
            63765.0, 
            54575.0, 
            54063.0, 
            64278.0, 
            62752.0, 
            63769.0, 
            64793.0, 
            62753.0, 
            63770.0, 
            64794.0, 
            64292.0, 
            64796.0, 
            63781.0, 
            62757.0, 
            68870.0, 
            63783.0, 
            64797.0, 
            67318.0
        ]
    }, 
    "image-00005.jpg": {
        "25.061088,121.647172": [
            60681.0, 
            53518.0, 
            53518.0, 
            57102.0, 
            57102.0, 
            53007.0, 
            54031.0, 
            54031.0, 
            57103.0, 
            57103.0, 
            57617.0, 
            63249.0, 
            64274.0, 
            54035.0, 
            54035.0, 
            54035.0, 
            64275.0, 
            64275.0, 
            64787.0, 
            64788.0, 
            58648.0, 
            59160.0, 
            60184.0, 
            58651.0, 
            57116.0, 
            57116.0, 
            57630.0, 
            54559.0, 
            56609.0, 
            65257.0, 
            66326.0
        ]
    }, 
    "image-00060.jpg": {
        "25.060791,121.646202": [
            65261.0, 
            62693.0, 
            67307.0
        ]
    }, 
    "image-00007.jpg": {
        "25.061112,121.647271": [
            66306.0, 
            58634.0, 
            61706.0, 
            62218.0, 
            64267.0, 
            61709.0, 
            58638.0, 
            57102.0, 
            65295.0, 
            56087.0, 
            56599.0
        ]
    }, 
    "image-00051.jpg": {
        "25.060850,121.646379": [
            63274.0, 
            67848.0, 
            72427.0, 
            64279.0, 
            55063.0, 
            65303.0, 
            63255.0, 
            52510.0, 
            64280.0, 
            59160.0, 
            59678.0, 
            62750.0, 
            52512.0, 
            62240.0, 
            54560.0, 
            62752.0, 
            53536.0, 
            63258.0, 
            55578.0, 
            54049.0, 
            54563.0, 
            65781.0, 
            59677.0, 
            55591.0
        ]
    },