{"image-00057.jpg":{"25.060828,121.646314":[-979507355307737100,9945104663466476000,368072237636386800,-979507355307737100,9945104663466476000,368072237636386800,-2189527735695573000,9750410841001296000,368072443794817000,-2189527735695573000,9750410841001296000,368072443794817000,-2189527735695573000,9750410841001296000,368072443794817000,-2190352644294312000,9754083209838068000,245412146370838530,-2190352644294312000,9754083209838068000,245412146370838530,-2190352644294312000,9754083209838068000,245412146370838530,-2190352644294312000,9754083209838068000,245412146370838530,-2070490071387078700,9780227397323325000,245412507148091400,-2070490071387078700,9780227397323325000,245412507148091400,-2070490071387078700,9780227397323325000,245412507148091400,19.4821720123291,67.18114471435547,8.627384185791016,19.71656036376953,62.236907958984375,8.052179336547852,490528970790404100,9984947666322194000,-245412455608483840]},"image-00021.jpg":{"25.060953,121.646687":[5738561192083849000,8034002271542968000,1588632948804944000,8.036861419677734,-40.009666442871094,-2.4586191177368164,5933997734653592000,7890750749850730000,1588631574415409200]},"image-00048.jpg":{"25.060900,121.646528":[18.77034568786621,65.82633209228516,7.821899890899658,18.743345260620117,65.70008087158203,6.690617084503174,18.743345260620117,65.70008087158203,6.690617084503174,18.636524200439453,65.2005615234375,2.2142672538757324,18.636524200439453,65.2005615234375,2.2142672538757324,19.193859100341797,58.02909851074219,7.175048828125,19.193859100341797,58.02909851074219,7.175048828125,19.143571853637695,57.819271087646484,5.105663776397705,19.068891525268555,57.50766372680664,2.0323948860168457,19.068891525268555,57.50766372680664,2.0323948860168457,19.259557723999023,54.11545181274414,1.9526405334472656,19.259557723999023,54.11545181274414,1.9526405334472656,19.23562240600586,54.02073287963867,0.9750937819480896,19.23562240600586,54.02073287963867,0.9750937819480896,19.459110260009766,51.06649398803711,2.8226993083953857,19.459110260009766,51.06649398803711,2.8226993083953857,19.41266632080078,50.89173889160156,0.9384540915489197,19.41266632080078,50.89173889160156,0.9384540915489197,19.41266632080078,50.89173889160156,0.9384540915489197,19.6219425201416,48.1503791809082,2.720632553100586,19.57691192626953,47.98896026611328,0.9046030044555664,19.57691192626953,47.98896026611328,0.9046030044555664,19.57691192626953,47.98896026611328,0.9046030044555664,19.57691192626953,47.98896026611328,0.9046030044555664,20.022127151489258,43.257606506347656,6.82321310043335,19.861709594726562,45.73946762084961,6.166656494140625,19.89354705810547,42.83686447143555,1.6900100708007812,19.89354705810547,42.83686447143555,1.6900100708007812,19.89354705810547,42.83686447143555,1.6900100708007812,20.088510513305664,40.66889953613281,4.105611324310303,20.088510513305664,40.66889953613281,4.105611324310303,20.088510513305664,40.66889953613281,4.105611324310303,20.04702377319336,40.53887176513672,2.4564361572265625,20.04702377319336,40.53887176513672,2.4564361572265625,20.04702377319336,40.53887176513672,2.4564361572265625,20.02637481689453,40.474151611328125,1.6356076002120972,20.02637481689453,40.474151611328125,1.6356076002120972,20.231643676757812,38.50110626220703,4.780643939971924,20.231643676757812,38.50110626220703,4.780643939971924,20.051177978515625,37.95859146118164,-2.3657455444335938,20.229076385498047,36.063507080078125,0.00017515459330752492,20.229076385498047,36.063507080078125,0.00017515459330752492,20.493446350097656,34.53402328491211,6.0223164558410645,20.490943908691406,30.380250930786133,-2.1085667610168457,20.490943908691406,30.380250930786133,-2.1085667610168457,20.65654754638672,28.909442901611328,0.6867331266403198,20.65654754638672,28.909442901611328,0.6867331266403198,20.65654754638672,28.909442901611328,0.6867331266403198,3958469184022642700,9182346509243384000,-122681557512093700,3958469184022642700,9182346509243384000,-122681557512093700,4505932241288823000,8906206912706511000,613240034727821300,4505932241288823000,8906206912706511000,613240034727821300,-1446900814743339000,9894010358123725000,-122679444388184060,-1446573710034075600,9891776150496084000,-245376446602674180,-1446573710034075600,9891776150496084000,-245376446602674180,20.109363555908203,40.73424530029297,4.934482097625732,20.130908966064453,38.19828414916992,0.7916081547737122,20.110923767089844,38.13819885253906,0.00018259085481986403,3957574731313447000,9180271730801770000,-245378387927891970,4320038085258641400,8538769368157258000,2902878372851876000]},"image-00015.jpg":{"25.061000,121.646841":[21.06949806213379,-6.469402313232422,7.421627998352051,21.88036346435547,-20.16427230834961,10.750914573669434,21.885438919067383,-20.15627098083496,11.314919471740723,21.985645294189453,-21.901254653930664,11.490647315979004,21.995553970336914,-21.88645362854004,12.600919723510742,21.947288513183594,-21.958553314208984,7.192779541015625,22.016618728637695,-22.756099700927734,9.696877479553223,22.07244110107422,-24.38821792602539,5.863696575164795,22.037965774536133,-23.59532356262207,6.967555522918701,21.247068405151367,-7.690710067749023,17.70824432373047,21.220035552978516,-7.7496232986450195,14.816205024719238,21.206823348999023,-7.778417587280273,13.402873039245605,21.149295806884766,-7.903783798217773,7.248502731323242,21.39118194580078,-10.391681671142578,16.922134399414062,21.365507125854492,-10.444189071655273,14.159442901611328,21.37824058532715,-10.418143272399902,15.529712677001953,21.352954864501953,-10.469857215881348,12.809185028076172,21.29830551147461,-10.581626892089844,6.9284257888793945,21.28057289123535,-10.617892265319824,5.020430088043213,21.42356300354004,-13.056004524230957,5.418464183807373,21.412363052368164,-13.077548027038574,4.205504417419434,21.43483543395996,-13.034311294555664,6.6392621994018555,21.401222229003906,-13.098983764648438,2.998861074447632,21.573232650756836,-14.047050476074219,14.576515197753906,21.58781623840332,-15.242249488830566,9.350695610046387,21.47043800354004,-15.455130577087402,-3.449495553970337,18.42607879638672,-20.979259490966797,-3.48395037651062,21.549793243408203,-15.31120777130127,5.204530239105225,21.539113998413086,-15.330577850341797,4.039562702178955,21.696388244628906,-16.22011947631836,14.638740539550781,21.681976318359375,-17.36981773376465,6.705513954162598,21.69236946105957,-17.352014541625977,7.847356796264648,21.713468551635742,-17.315881729125977,10.165078163146973,21.0604248046875,-4.790817737579346,15.5467529296875,21.767623901367188,-18.30516815185547,9.98007869720459,21.778118133544922,-18.287687301635742,11.137568473815918,21.65741729736328,-18.48870277404785,-2.172722816467285]},