{"image-00070.jpg":[24.191822590345886,120.68303304129103],"image-00095.jpg":[24.191681508160826,120.68328589676847],"image-00034.jpg":[24.192029956052508,120.68253408733591],"image-00102.jpg":[24.19166457204518,120.68331429790277],"image-00077.jpg":[24.191769085299498,120.68313156260712],"image-00058.jpg":[24.191917170598966,120.68283685871043],"image-00117.jpg":[24.19165619272778,120.68332713718951],"image-00008.jpg":[24.1924284837034,120.6824502856888],"image-00085.jpg":[24.191719016156537,120.68322027035182],"image-00020.jpg":[24.192073515977874,120.68241988476922],"image-00069.jpg":[24.191830457558652,120.68301766940522],"image-00013.jpg":[24.192148696006765,120.68233896114026],"image-00080.jpg":[24.191748513147335,120.6831682295845],"image-00050.jpg":[24.191964378107638,120.68270611341072],"image-00066.jpg":[24.191854420648845,120.68296836413134],"image-00005.jpg":[24.192545468698004,120.68272964662636],"image-00040.jpg":[24.1920050205004,120.68259134787408],"image-00025.jpg":[24.192062848584605,120.6824499430693],"image-00019.jpg":[24.19207351597661,120.68241988477347],"image-00094.jpg":[24.191684244249622,120.68328065250353],"image-00098.jpg":[24.19167336354514,120.68329983120074],"image-00104.jpg":[24.19166098615305,120.68331970628861],"image-00054.jpg":[24.191943713020105,120.68276941904074],"image-00124.jpg":[24.191656450402444,120.68332740827469],"image-00001.jpg":[24.19250999468716,120.68296797997905],"image-00031.jpg":[24.192041008146788,120.68250953117726],"image-00078.jpg":[24.191762095177516,120.68314426980328],"image-00110.jpg":[24.191655641050808,120.68332705162588],"image-00059.jpg":[24.191909893892408,120.68285363479671],"image-00090.jpg":[24.19169758750195,120.68325740409912],"image-00123.jpg":[24.191656516264203,120.68332730063557],"image-00118.jpg":[24.191656470471095,120.68332701020675],"image-00043.jpg":[24.191992244060856,120.68262218693818],"image-00064.jpg":[24.191870450692083,120.68293727528298],"image-00075.jpg":[24.191783826909585,120.68310467449597],"image-00035.jpg":[24.192026142580932,120.68254328972876],"image-00010.jpg":[24.192295481391035,120.68235697385927],"image-00046.jpg":[24.19198058372857,120.68265459076648],"image-00114.jpg":[24.191656013772082,120.68332720133377],"image-00052.jpg":[24.191954700876313,120.68273689010576],"image-00099.jpg":[24.191670960216534,120.68330387953154],"image-00111.jpg":[24.191655780439916,120.6833271651394],"image-00112.jpg":[24.191655887127705,120.68332724154905],"image-00125.jpg":[24.19165641987225,120.68332740088235],"image-00083.jpg":[24.191730332364838,120.6832003764395],"image-00039.jpg":[24.19200944703214,120.682581058533],"image-00062.jpg":[24.191886696260692,120.68290413312553],"image-00023.jpg":[24.19206715583086,120.68243713046137],"image-00105.jpg":[24.191659575998475,120.68332193478969],"image-00028.jpg":[24.19205216745932,120.68248219416472],"image-00120.jpg":[24.19165668881751,120.68332683646955],"image-00033.jpg":[24.192033824286504,120.68252556021437],"image-00002.jpg":[24.192509818334162,120.68295661899],"image-00079.jpg":[24.19175516412532,120.68315659684635],"image-00027.jpg":[24.19205540364864,120.6824732668788],"image-00057.jpg":[24.191924242339788,120.68281961661623],"image-00096.jpg":[24.191678665373907,120.68329063645128],"image-00004.jpg":[24.192541600946,120.6828219410493],"image-00109.jpg":[24.191655696887157,120.6833268549957],"image-00093.jpg":[24.19168725196931,120.68327503045553],"image-00106.jpg":[24.191658275023254,120.68332375569639],"image-00045.jpg":[24.191984295990807,120.68264353421242],"image-00016.jpg":[24.192083360111663,120.6823940994503],"image-00053.jpg":[24.19194933489597,120.68275306130224],"image-00103.jpg":[24.191662665312915,120.68331721523958],"image-00081.jpg":[24.191742145068677,120.6831796195774],"image-00061.jpg":[24.191894504658222,120.68288747935509],"image-00014.jpg":[24.19211496586916,120.6823568391833],"image-00012.jpg":[24.192193952091202,120.68232974602711],"image-00044.jpg":[24.191988357559293,120.68263236660142],"image-00116.jpg":[24.191656006576842,120.6833272213273],"image-00074.jpg":[24.191791477777844,120.68309119067959],"image-00119.jpg":[24.191656658073704,120.68332691614725],"image-00030.jpg":[24.192044811488085,120.68250093055065],"image-00073.jpg":[24.19179920867537,120.68307717293149],"image-00088.jpg":[24.19170547492253,120.68324378210272],"image-00049.jpg":[24.19196882049489,120.68269242018309],"image-00042.jpg":[24.19199632603042,120.68261211369995],"image-00055.jpg":[24.191937651702094,120.6827861101282],"image-00067.jpg":[24.19184641851534,120.68298582011252],"image-00024.jpg":[24.19206524048448,120.68244282993112],"image-00097.jpg":[24.1916759338086,120.68329534913903],"image-00086.jpg":[24.191714264976653,120.68322866019389],"image-00068.jpg":[24.191838682989104,120.68300227734993],"image-00018.jpg":[24.192073515975416,120.68241988477715],"image-00060.jpg":[24.191902319395997,120.68287062286356],"image-00007.jpg":[24.192491753726078,120.68253049682856],"image-00122.jpg":[24.191656596710253,120.68332713777613],"image-00022.jpg":[24.19207351598126,120.68241988475839],"image-00015.jpg":[24.192087881939933,120.6823829433764],"image-00063.jpg":[24.191878488973916,120.68292079084381],"image-00100.jpg":[24.191668697985435,120.68330762617947],"image-00037.jpg":[24.19201813760086,120.68256133477064],"image-00115.jpg":[24.19165596429554,120.68332721193246],"image-00087.jpg":[24.191709742107687,120.68323646412195],"image-00011.jpg":[24.192239449642003,120.68233665697211],"image-00084.jpg":[24.191724058363448,120.68321161789856],"image-00091.jpg":[24.191693894128065,120.68326350538277],"image-00047.jpg":[24.19197677939334,120.6826659008832],"image-00038.jpg":[24.19201387738066,120.68257097310985],"image-00101.jpg":[24.191666581521257,120.68331118379498],"image-00017.jpg":[24.19207876480723,120.6824055748391],"image-00006.jpg":[24.19253445360775,120.6826290854313],"image-00072.jpg":[24.191806995932076,120.68306270384718],"image-00036.jpg":[24.192022301584206,120.68255265994026],"image-00056.jpg":[24.191931056616447,120.68280294248899],"image-00107.jpg":[24.191657172390045,120.68332517208562],"image-00003.jpg":[24.192511337934157,120.68290592988853],"image-00092.jpg":[24.19169046915129,120.6832694301643],"image-00121.jpg":[24.19165668251075,120.68332700573762],"image-00076.jpg":[24.191776360646138,120.68311830705731],"image-00041.jpg":[24.19200061623245,120.68260184805754],"image-00082.jpg":[24.19173607207314,120.68319027582172],"image-00032.jpg":[24.19203740982997,120.68251803828191],"image-00021.jpg":[24.192073515978837,120.68241988476512],"image-00108.jpg":[24.191656290540024,120.68332611877607],"image-00048.jpg":[24.19197292868909,120.68267868727042],"image-00026.jpg":[24.19205903474504,120.68246249221733],"image-00065.jpg":[24.191862583779518,120.68295348819498],"image-00089.jpg":[24.191701310558564,120.68325078060167],"image-00029.jpg":[24.192048651185033,120.68249237425033],"image-00071.jpg":[24.191814687292485,120.68304810254358],"image-00009.jpg":[24.19235931004223,120.68239398283222],"image-00113.jpg":[24.191655995190857,120.6833272333862],"image-00051.jpg":[24.191959656875817,120.68272074687576]}