{"image-00070.jpg":[24.191823389687038,120.68301881492276],"image-00095.jpg":[24.19168283362673,120.68327525820155],"image-00034.jpg":[24.192029948352737,120.6825131550422],"image-00102.jpg":[24.191665944825832,120.68330408805429],"image-00077.jpg":[24.191770073615487,120.68311874114377],"image-00058.jpg":[24.191917628429945,120.68281990315648],"image-00117.jpg":[24.191657577549005,120.6833171402263],"image-00008.jpg":[24.19242902435991,120.68242387590004],"image-00085.jpg":[24.191720182539598,120.68320872152879],"image-00020.jpg":[24.192074957893173,120.6823953221674],"image-00069.jpg":[24.191831251700386,120.68300319672085],"image-00013.jpg":[24.192150983440857,120.68231164169661],"image-00080.jpg":[24.19174956014801,120.68315595245159],"image-00050.jpg":[24.191964615855944,120.68268747968708],"image-00066.jpg":[24.191855093296788,120.6829532502416],"image-00005.jpg":[24.192545776920994,120.68270566804364],"image-00040.jpg":[24.192005114704333,120.68257118387376],"image-00025.jpg":[24.192063410281758,120.682426979074],"image-00019.jpg":[24.192074957891887,120.68239532217174],"image-00094.jpg":[24.191685551949156,120.68326995027596],"image-00098.jpg":[24.191674702370904,120.6832894142667],"image-00104.jpg":[24.191662375341537,120.68330957185881],"image-00054.jpg":[24.191944041150105,120.68275159813376],"image-00124.jpg":[24.19165781785496,120.68331743466747],"image-00001.jpg":[24.192515099112313,120.6829408450145],"image-00031.jpg":[24.192040907532085,120.6824883302063],"image-00078.jpg":[24.191763094500516,120.68313164783135],"image-00110.jpg":[24.191657091519122,120.68331697326056],"image-00059.jpg":[24.19191032649742,120.68283697592992],"image-00090.jpg":[24.19169882686074,120.6832463945166],"image-00123.jpg":[24.19165788028121,120.68331732963628],"image-00118.jpg":[24.19165784569988,120.68331702164559],"image-00043.jpg":[24.191992411376233,120.68260240672241],"image-00064.jpg":[24.191871081109767,120.68292170347999],"image-00075.jpg":[24.191784767485498,120.68309146328443],"image-00035.jpg":[24.192026092739027,120.68252255542109],"image-00010.jpg":[24.19229751174477,120.68232880279066],"image-00046.jpg":[24.191980790628104,120.68263524561482],"image-00114.jpg":[24.19165740655117,120.683317196433],"image-00052.jpg":[24.191954996775987,120.68271862948598],"image-00099.jpg":[24.191672304769394,120.6832935249324],"image-00111.jpg":[24.191657201828246,120.68331712470854],"image-00112.jpg":[24.19165728900895,120.6833172264426],"image-00125.jpg":[24.191657788352448,120.68331742613884],"image-00083.jpg":[24.191731441967377,120.68318856335918],"image-00039.jpg":[24.19200953050852,120.68256074709565],"image-00062.jpg":[24.19188722178583,120.68288815930775],"image-00023.jpg":[24.192068288377527,120.68241323203907],"image-00105.jpg":[24.191660978604023,120.68331182210969],"image-00028.jpg":[24.1920518368296,120.68246087013618],"image-00120.jpg":[24.19165804595586,120.68331686742133],"image-00033.jpg":[24.19203375923602,120.68250456706639],"image-00002.jpg":[24.19251488383893,120.68292940470603],"image-00079.jpg":[24.191756202848676,120.68314413234714],"image-00027.jpg":[24.192055298884824,120.68245151381706],"image-00057.jpg":[24.191924639876678,120.68280247250769],"image-00096.jpg":[24.19167998923153,120.68328008198799],"image-00004.jpg":[24.192544086873195,120.68279622827855],"image-00109.jpg":[24.19165714490306,120.68331677701882],"image-00093.jpg":[24.19168852923325,120.68326427413344],"image-00106.jpg":[24.1916596811156,120.68331367195782],"image-00045.jpg":[24.191984507028916,120.68262402012166],"image-00016.jpg":[24.192084826886912,120.68236911172528],"image-00053.jpg":[24.19194966567103,120.68273499376161],"image-00103.jpg":[24.191664052477048,120.68330703859144],"image-00081.jpg":[24.191743211832318,120.68316750931834],"image-00061.jpg":[24.191895005078486,120.68287127088516],"image-00014.jpg":[24.192116899836662,120.68233050910627],"image-00012.jpg":[24.192196225592724,120.68230190746922],"image-00044.jpg":[24.19198855182533,120.68261270624603],"image-00116.jpg":[24.191657397815987,120.68331721873616],"image-00074.jpg":[24.19179239767984,120.68307777729876],"image-00119.jpg":[24.191658021333428,120.6833169403283],"image-00030.jpg":[24.19204469103591,120.68247961954167],"image-00073.jpg":[24.191800105159608,120.68306355400792],"image-00088.jpg":[24.19170667869237,120.68323258596115],"image-00049.jpg":[24.19196905325945,120.6826735918999],"image-00042.jpg":[24.191996453152917,120.68259223027779],"image-00055.jpg":[24.19193804444937,120.68276845613504],"image-00067.jpg":[24.191847152444225,120.68297090481741],"image-00024.jpg":[24.192066111099354,120.68241935760405],"image-00097.jpg":[24.19167726051085,120.68328487159833],"image-00086.jpg":[24.191715456477965,120.68321722108462],"image-00068.jpg":[24.191839441132306,120.68298759489556],"image-00018.jpg":[24.192074957890682,120.6823953221755],"image-00060.jpg":[24.191902806336255,120.68285416216156],"image-00007.jpg":[24.19249123228541,120.68250580160992],"image-00122.jpg":[24.191657964275514,120.68331715949324],"image-00022.jpg":[24.19207495789662,120.68239532215635],"image-00015.jpg":[24.19208929358058,120.6823578551975],"image-00063.jpg":[24.19187909456784,120.68290498379972],"image-00100.jpg":[24.191670047484617,120.68329733009327],"image-00037.jpg":[24.19201815020219,120.68254080440417],"image-00115.jpg":[24.191657352084782,120.68331721413591],"image-00087.jpg":[24.191710924924262,120.68322516986623],"image-00011.jpg":[24.192241871238966,120.68230827262721],"image-00084.jpg":[24.191725193154003,120.68319996199585],"image-00091.jpg":[24.19169515494774,120.68325257368399],"image-00047.jpg":[24.19197702265337,120.68264667564293],"image-00038.jpg":[24.192013909736197,120.68255056927032],"image-00101.jpg":[24.191667946546172,120.68330092883905],"image-00017.jpg":[24.192080227693996,120.68238076898515],"image-00006.jpg":[24.192532543350428,120.68260693988182],"image-00072.jpg":[24.191807844421124,120.6830489056792],"image-00036.jpg":[24.19202229237211,120.68253201782375],"image-00056.jpg":[24.191931469282093,120.68278552044843],"image-00107.jpg":[24.191658581165964,120.68331511175879],"image-00003.jpg":[24.192514543154374,120.682880540522],"image-00092.jpg":[24.191691736820673,120.6832585908144],"image-00121.jpg":[24.19165804987261,120.68331702537279],"image-00076.jpg":[24.191777302729715,120.68310532299267],"image-00041.jpg":[24.192000736912206,120.68258181317904],"image-00082.jpg":[24.191737151923483,120.68317832983155],"image-00032.jpg":[24.192037315179284,120.68249696241674],"image-00021.jpg":[24.192074957894146,120.68239532216325],"image-00108.jpg":[24.191657702746173,120.68331607333961],"image-00048.jpg":[24.19197315059472,120.68265967481176],"image-00026.jpg":[24.1920591738105,120.68244026150143],"image-00065.jpg":[24.19186323681722,120.68293814972944],"image-00089.jpg":[24.19170254051514,120.6832396710625],"image-00029.jpg":[24.192048472681243,120.68247100323447],"image-00071.jpg":[24.191815547074533,120.68303404714976],"image-00009.jpg":[24.192360715305323,120.6823664496476],"image-00113.jpg":[24.191657392133756,120.68331722360091],"image-00051.jpg":[24.19195993743832,120.68270227190635]}