{"image-00070.jpg":[24.191840149590593,120.68301498950825],"image-00095.jpg":[24.191687004278954,120.68328195049145],"image-00034.jpg":[24.192076707235582,120.6824930286018],"image-00102.jpg":[24.19166879785921,120.68331204280562],"image-00077.jpg":[24.19178183463295,120.683118931298],"image-00058.jpg":[24.19194521568363,120.68280883516093],"image-00117.jpg":[24.191659900649547,120.68332572079355],"image-00008.jpg":[24.192452303632813,120.68237664997255],"image-00085.jpg":[24.191727578101954,120.68321264453158],"image-00020.jpg":[24.192127033282198,120.68237035682672],"image-00069.jpg":[24.19184880079723,120.68299875597951],"image-00013.jpg":[24.19220365096006,120.68228050029407],"image-00080.jpg":[24.191759524149752,120.68315768991417],"image-00050.jpg":[24.1920006176721,120.68267261380666],"image-00066.jpg":[24.191875389165762,120.6829470064051],"image-00005.jpg":[24.19253525248337,120.68265289209262],"image-00040.jpg":[24.19204850719965,120.68255299488294],"image-00025.jpg":[24.19211458921963,120.68240365107437],"image-00019.jpg":[24.192127033280638,120.6823703568312],"image-00094.jpg":[24.191690005946008,120.6832764425728],"image-00098.jpg":[24.191678225132353,120.6832967233996],"image-00104.jpg":[24.191664996621757,120.68331778444929],"image-00054.jpg":[24.191975819764785,120.68273844123976],"image-00124.jpg":[24.19166011653436,120.68332601471693],"image-00001.jpg":[24.192480409316488,120.68288801733172],"image-00031.jpg":[24.19208913837131,120.68246739048439],"image-00078.jpg":[24.191774232670475,120.68313237288595],"image-00110.jpg":[24.191659390199096,120.68332553457765],"image-00059.jpg":[24.191936987529818,120.68282651960712],"image-00090.jpg":[24.19170443257759,120.68325191212288],"image-00123.jpg":[24.19166018750731,120.68332590750745],"image-00118.jpg":[24.191660169884372,120.68332559117701],"image-00043.jpg":[24.192033920383494,120.6825852032562],"image-00064.jpg":[24.191892999850012,120.68291423384008],"image-00075.jpg":[24.19179787783128,120.68309054522072],"image-00035.jpg":[24.192072361962214,120.68250277647067],"image-00010.jpg":[24.19233765114882,120.68228839703752],"image-00046.jpg":[24.192020228075368,120.68261899331566],"image-00114.jpg":[24.19165972853493,120.68332578250775],"image-00052.jpg":[24.191988901201118,120.68270455843643],"image-00099.jpg":[24.19167564004453,120.68330101416224],"image-00111.jpg":[24.191659512530016,120.68332570193763],"image-00112.jpg":[24.19165960674551,120.68332581348488],"image-00125.jpg":[24.191660088864484,120.68332600727783],"image-00083.jpg":[24.191739828909178,120.68319165754659],"image-00039.jpg":[24.19205352348529,120.68254220718015],"image-00062.jpg":[24.19191100258465,120.68287948799966],"image-00023.jpg":[24.19211964656748,120.68238905861944],"image-00105.jpg":[24.19166349172601,120.68332013098085],"image-00028.jpg":[24.19210193669894,120.68243920546075],"image-00120.jpg":[24.191660389569172,120.68332543657115],"image-00033.jpg":[24.192081055294075,120.68248417714855],"image-00002.jpg":[24.192481273971833,120.68287654342322],"image-00079.jpg":[24.19176671578321,120.68314536215871],"image-00027.jpg":[24.1921057000093,120.68242938806185],"image-00057.jpg":[24.19195330759897,120.68279087439113],"image-00096.jpg":[24.191683951991514,120.68328699396403],"image-00004.jpg":[24.19252308935367,120.68274251950939],"image-00109.jpg":[24.191659459792437,120.6833253353856],"image-00093.jpg":[24.19169329417486,120.68327055665429],"image-00106.jpg":[24.191662125659033,120.68332207546578],"image-00045.jpg":[24.192024651690513,120.68260744598209],"image-00016.jpg":[24.192138443867194,120.68234330549029],"image-00053.jpg":[24.191982484618418,120.68272135513614],"image-00103.jpg":[24.191666772145823,120.68331512600766],"image-00081.jpg":[24.19175261418406,120.68316972468715],"image-00061.jpg":[24.191919717424852,120.68286199593899],"image-00014.jpg":[24.192170931030617,120.6823019911156],"image-00012.jpg":[24.192246285830173,120.6822677543178],"image-00044.jpg":[24.19202941068671,120.68259580409719],"image-00116.jpg":[24.19165972028993,120.68332580670263],"image-00074.jpg":[24.1918061612905,120.68307628386749],"image-00119.jpg":[24.191660353201588,120.68332550692784],"image-00030.jpg":[24.192093428210736,120.68245838879722],"image-00073.jpg":[24.191814567085185,120.68306147861458],"image-00088.jpg":[24.191712948927304,120.68323752422387],"image-00049.jpg":[24.192005954203818,120.68265834601135],"image-00042.jpg":[24.19203860278549,120.68257472447911],"image-00055.jpg":[24.1919687102196,120.68275575589581],"image-00067.jpg":[24.19186641845149,120.6829652525978],"image-00024.jpg":[24.19211739854422,120.68239556688343],"image-00097.jpg":[24.191681004290157,120.68329199208617],"image-00086.jpg":[24.191722431004685,120.68322149125859],"image-00068.jpg":[24.191857788725724,120.68298254094434],"image-00018.jpg":[24.192127033279213,120.68237035683507],"image-00060.jpg":[24.1919284548503,120.68284427208124],"image-00007.jpg":[24.192503666674675,120.68245587079622],"image-00122.jpg":[24.191660276011312,120.68332572802981],"image-00022.jpg":[24.192127033286294,120.68237035681534],"image-00015.jpg":[24.192143631973025,120.68233172291445],"image-00063.jpg":[24.19190191176203,120.68289689640693],"image-00100.jpg":[24.19167321254384,120.68330498878021],"image-00037.jpg":[24.19206333545973,120.68252162032826],"image-00115.jpg":[24.191659682529348,120.68332580768165],"image-00087.jpg":[24.19171755194097,120.68322979646766],"image-00011.jpg":[24.192287671284962,120.68227106700178],"image-00084.jpg":[24.191733018504337,120.68320352239525],"image-00091.jpg":[24.19170046903846,120.6832583566794],"image-00047.jpg":[24.19201569130936,120.68263071916155],"image-00038.jpg":[24.19205853021135,120.68253171326317],"image-00101.jpg":[24.191670935323906,120.68330873733203],"image-00017.jpg":[24.19213316684931,120.68235534501338],"image-00006.jpg":[24.192534417435432,120.68255604777656],"image-00072.jpg":[24.191823068764105,120.68304626205256],"image-00036.jpg":[24.192067965366007,120.68251252027568],"image-00056.jpg":[24.19196110073901,120.68277335002657],"image-00107.jpg":[24.191660979314904,120.68332359483529],"image-00003.jpg":[24.192487482235506,120.68282878518009],"image-00092.jpg":[24.191696771211955,120.6832646326223],"image-00121.jpg":[24.191660367176528,120.68332558756421],"image-00076.jpg":[24.191789754006034,120.68310498522219],"image-00041.jpg":[24.19204349044999,120.68256396196236],"image-00082.jpg":[24.1917460436987,120.68318100435901],"image-00032.jpg":[24.192085048142008,120.68247631123748],"image-00021.jpg":[24.192127033283445,120.68237035682247],"image-00108.jpg":[24.191660079087136,120.68332461771028],"image-00048.jpg":[24.19201098637399,120.68264407540502],"image-00026.jpg":[24.192109992020725,120.68241762122747],"image-00065.jpg":[24.191884270958724,120.68293128661459],"image-00089.jpg":[24.191708468962084,120.68324490771265],"image-00029.jpg":[24.192097752626356,120.68244951126388],"image-00071.jpg":[24.191831486031305,120.68303079120919],"image-00009.jpg":[24.192393361353552,120.68232264283323],"image-00113.jpg":[24.1916597079436,120.68332580763719],"image-00051.jpg":[24.191994934013454,120.68268777914648]}