{
    "image-00046.jpg": {
        "25.066640,121.535033": [
            69923.0, 
            69923.0, 
            72996.0, 
            74020.0, 
            74020.0, 
            67364.0, 
            69924.0, 
            67366.0, 
            66855.0, 
            68906.0, 
            68908.0, 
            71467.0, 
            70443.0, 
            71468.0, 
            69421.0, 
            68397.0, 
            70438.0, 
            70950.0, 
            70440.0
        ]
    }, 
    "image-00061.jpg": {
        "25.067152,121.534489": [
            65241.0, 
            68328.0, 
            68328.0, 
            68328.0, 
            64216.0, 
            64728.0, 
            65240.0, 
            65752.0, 
            65752.0, 
            65240.0
        ]
    }, 
    "image-00017.jpg": {
        "25.066220,121.535706": [
            63183.0, 
            64218.0, 
            64730.0, 
            64730.0, 
            70911.0, 
            64735.0, 
            64735.0, 
            64724.0, 
            64724.0, 
            64724.0, 
            65748.0, 
            65748.0, 
            65772.0, 
            65774.0, 
            63191.0, 
            64215.0, 
            65239.0, 
            65239.0, 
            65751.0, 
            65751.0, 
            65751.0, 
            73458.0, 
            74483.0, 
            63192.0
        ]
    }, 
    "image-00006.jpg": {
        "25.066079,121.535886": [
            62682.0, 
            65754.0, 
            66278.0, 
            65766.0, 
            63198.0, 
            64222.0, 
            65246.0, 
            71393.0, 
            67309.0, 
            66280.0, 
            65768.0, 
            64225.0, 
            64227.0, 
            63703.0, 
            64220.0, 
            64213.0, 
            65749.0, 
            62673.0, 
            64208.0, 
            67792.0, 
            65232.0, 
            68319.0, 
            65756.0, 
            66282.0, 
            64212.0, 
            65236.0, 
            62680.0, 
            66277.0, 
            64740.0, 
            65765.0, 
            67818.0, 
            63199.0, 
            64223.0, 
            71391.0, 
            65247.0, 
            70879.0, 
            65751.0, 
            62672.0
        ]
    }, 
    "image-00066.jpg": {
        "25.067392,121.534173": [
            68351.0
        ]
    }, 
    "image-00049.jpg": {
        "25.066795,121.534819": [
            64988.0, 
            63457.0, 
            65505.0, 
            62434.0, 
            62434.0, 
            63458.0, 
            63458.0, 
            64994.0, 
            66018.0, 
            66018.0, 
            64483.0, 
            65507.0, 
            66019.0, 
            66019.0, 
            66531.0, 
            64996.0, 
            65508.0, 
            66020.0, 
            66532.0, 
            64486.0
        ]
    }, 
    "image-00040.jpg": {
        "25.066786,121.535004": [
            65242.0, 
            66778.0, 
            65244.0, 
            66269.0, 
            66781.0, 
            69898.0, 
            69902.0, 
            69902.0, 
            69902.0, 
            69907.0, 
            69907.0, 
            68899.0, 
            69411.0, 
            68393.0, 
            68395.0, 
            66263.0, 
            66775.0, 
            62174.0, 
            65238.0, 
            66258.0, 
            66267.0, 
            65240.0, 
            65752.0, 
            65233.0, 
            67289.0, 
            65241.0, 
            65753.0, 
            66768.0, 
            65236.0, 
            63700.0, 
            64212.0, 
            64223.0, 
            63696.0, 
            64208.0, 
            65744.0, 
            64214.0
        ]
    }, 
    "image-00028.jpg": {
        "25.066568,121.535269": [
            69412.0, 
            69412.0, 
            72937.0, 
            64742.0, 
            66781.0, 
            65757.0, 
            70897.0, 
            64214.0, 
            62674.0, 
            72424.0, 
            64219.0, 
            65243.0, 
            66792.0, 
            63696.0, 
            64208.0, 
            65232.0, 
            63700.0, 
            64212.0, 
            65236.0, 
            62676.0, 
            65759.0, 
            66783.0, 
            62672.0, 
            65234.0, 
            63702.0
        ]
    }, 
    "image-00025.jpg": {
        "25.066496,121.535357": [
            72452.0, 
            69414.0, 
            69414.0, 
            71404.0, 
            65238.0, 
            63707.0, 
            64219.0, 
            66785.0, 
            65240.0, 
            66787.0, 
            66775.0, 
            71438.0, 
            67320.0, 
            63706.0, 
            64218.0, 
            66783.0
        ]
    }, 
    "image-00033.jpg": {
        "25.066641,121.535180": [
            69902.0, 
            69903.0, 
            70415.0, 
            70415.0, 
            70417.0, 
            68894.0, 
            68895.0, 
            66781.0, 
            65757.0, 
            66779.0, 
            65241.0, 
            65748.0, 
            66775.0, 
            65239.0, 
            65746.0, 
            62166.0
        ]
    }, 
    "image-00048.jpg": {
        "25.067032,121.534689": [
            67282.0, 
            67284.0, 
            68320.0, 
            63703.0, 
            66258.0, 
            61650.0, 
            65240.0, 
            68323.0, 
            68321.0, 
            68313.0, 
            65232.0, 
            66260.0, 
            67287.0, 
            63696.0, 
            61136.0, 
            62672.0, 
            65238.0
        ]
    }, 
    "image-00007.jpg": {
        "25.066150,121.535796": [
            67296.0, 
            62163.0, 
            64216.0, 
            63191.0, 
            64222.0, 
            65246.0, 
            65746.0, 
            68375.0, 
            64219.0, 
            61147.0, 
            65243.0, 
            67292.0, 
            62165.0, 
            63713.0, 
            67320.0, 
            65748.0, 
            65252.0, 
            64212.0, 
            63188.0, 
            64218.0, 
            64730.0, 
            61658.0, 
            72998.0, 
            63183.0, 
            64214.0, 
            64726.0, 
            63190.0, 
            68882.0
        ]
    }, 
    "image-00057.jpg": {
        "25.067090,121.534587": [
            70946.0
        ]
    }, 
    "image-00022.jpg": {
        "25.066423,121.535445": [
            68314.0, 
            65236.0, 
            65748.0, 
            66278.0, 
            65766.0, 
            66781.0, 
            65245.0, 
            65757.0, 
            65238.0, 
            67309.0, 
            64737.0, 
            65761.0, 
            66779.0, 
            64219.0, 
            65243.0, 
            65755.0, 
            65240.0, 
            65752.0, 
            61657.0, 
            64212.0, 
            64724.0, 
            66281.0, 
            64735.0, 
            65247.0, 
            64740.0, 
            65764.0, 
            64218.0, 
            65754.0, 
            64210.0, 
            65234.0, 
            64221.0, 
            62173.0, 
            66767.0, 
            63697.0, 
            64214.0, 
            64738.0, 
            65762.0
        ]
    },