{"image-00070.jpg":[24.990561029249594,121.31551505815611],"image-00095.jpg":[24.990507007380266,121.31556709491082],"image-00034.jpg":[24.99054221666501,121.31533027199177],"image-00102.jpg":[24.990494836285688,121.31557968270928],"image-00077.jpg":[24.990551229216653,121.31552571471067],"image-00058.jpg":[24.990589027342168,121.31547278149529],"image-00117.jpg":[24.990472267036044,121.3156058670357],"image-00008.jpg":[24.990468742100767,121.31503764575795],"image-00085.jpg":[24.990530242463276,121.31554380917486],"image-00020.jpg":[24.99051921798806,121.31525341446337],"image-00069.jpg":[24.990563241596117,121.31551274960142],"image-00013.jpg":[24.990493687209785,121.31513824397787],"image-00080.jpg":[24.99054345693502,121.31553277790023],"image-00050.jpg":[24.990603970608987,121.31538859437887],"image-00066.jpg":[24.990569827509578,121.31550588489993],"image-00005.jpg":[24.990451841231245,121.31496807361069],"image-00040.jpg":[24.990559850563486,121.31533595651169],"image-00025.jpg":[24.99052772457679,121.3153016828436],"image-00019.jpg":[24.990516534525227,121.3152380452274],"image-00094.jpg":[24.990509172763154,121.3155647201819],"image-00098.jpg":[24.990501522869113,121.31557275301404],"image-00104.jpg":[24.990491661889006,121.31558294760364],"image-00054.jpg":[24.990603710936053,121.31543096215431],"image-00124.jpg":[24.990464080986442,121.31561459889008],"image-00001.jpg":[24.990435310191234,121.31489741806203],"image-00031.jpg":[24.99053699251468,121.31532558465292],"image-00078.jpg":[24.990548728527436,121.31552814363828],"image-00110.jpg":[24.990482782275883,121.31559297201115],"image-00059.jpg":[24.990585072279508,121.31548146742226],"image-00090.jpg":[24.990518129635387,121.31555485456332],"image-00123.jpg":[24.990464458760766,121.31561416792377],"image-00118.jpg":[24.99047091422255,121.31560749030533],"image-00043.jpg":[24.990575263206676,121.31534235812336],"image-00064.jpg":[24.99057291490038,121.3155016680607],"image-00075.jpg":[24.990557610456992,121.31552006100077],"image-00035.jpg":[24.990544386709153,121.31533136178899],"image-00010.jpg":[24.99047892223224,121.31507697959982],"image-00046.jpg":[24.9905917677981,121.31535533884691],"image-00114.jpg":[24.990476600960907,121.31560056315887],"image-00052.jpg":[24.990607126091017,121.31540940006394],"image-00099.jpg":[24.990499814515417,121.31557452507579],"image-00111.jpg":[24.990481205026633,121.31559483932202],"image-00112.jpg":[24.990479730410218,121.31559671748906],"image-00125.jpg":[24.990463718267954,121.31561500437505],"image-00083.jpg":[24.99053543242229,121.31553940336605],"image-00039.jpg":[24.990555808233072,121.31533467840504],"image-00062.jpg":[24.990575725456303,121.31549737807448],"image-00023.jpg":[24.990525264345706,121.31528595193461],"image-00105.jpg":[24.99049016554716,121.31558450486199],"image-00028.jpg":[24.990531748990914,121.31531751721994],"image-00120.jpg":[24.990467930109485,121.31561096428595],"image-00033.jpg":[24.990540460020902,121.31532875561783],"image-00002.jpg":[24.990436303695912,121.31490199185805],"image-00079.jpg":[24.990546275821544,121.31553055026437],"image-00027.jpg":[24.990529750724864,121.31531355760319],"image-00057.jpg":[24.990592948464847,121.31546180592753],"image-00096.jpg":[24.990504966111,121.31556927268713],"image-00004.jpg":[24.990446133264147,121.31494401104607],"image-00109.jpg":[24.990484221575397,121.3155911770156],"image-00093.jpg":[24.990511376384642,121.31556218418916],"image-00106.jpg":[24.990488693602156,121.31558611217505],"image-00045.jpg":[24.99058638637881,121.31535012262717],"image-00016.jpg":[24.99050642516395,121.3151917024657],"image-00053.jpg":[24.990605852358044,121.3154204519385],"image-00103.jpg":[24.99049326945966,121.31558130488514],"image-00081.jpg":[24.990540837314228,121.31553500273166],"image-00061.jpg":[24.990577259841622,121.3154949424429],"image-00014.jpg":[24.990498157450077,121.31515726846314],"image-00012.jpg":[24.990488951835335,121.31511895099715],"image-00044.jpg":[24.99058092378733,121.3153457218462],"image-00116.jpg":[24.990473626139064,121.31560418384265],"image-00074.jpg":[24.99055800134908,121.31551980577586],"image-00119.jpg":[24.990469534765715,121.31560920779782],"image-00030.jpg":[24.99053523892161,121.3153234178211],"image-00073.jpg":[24.990558049033858,121.31551976813935],"image-00088.jpg":[24.990522902191557,121.31555039876307],"image-00049.jpg":[24.99060179107185,121.31537900872678],"image-00042.jpg":[24.990569735504167,121.31533948918461],"image-00055.jpg":[24.990600862705,121.31544111902842],"image-00067.jpg":[24.99056809180405,121.3155081201958],"image-00024.jpg":[24.990526608357182,121.31529390702092],"image-00097.jpg":[24.99050303715472,121.31557116739853],"image-00086.jpg":[24.990527726435428,121.31554602756545],"image-00068.jpg":[24.990565713113845,121.3155104423714],"image-00018.jpg":[24.990513589348843,121.31522249124882],"image-00060.jpg":[24.990581245292447,121.31548847768114],"image-00007.jpg":[24.990462969270286,121.31501547248698],"image-00122.jpg":[24.990464956912202,121.31561362634591],"image-00022.jpg":[24.99052356440825,121.31527660460733],"image-00015.jpg":[24.99050242484851,121.31517505630151],"image-00063.jpg":[24.99057433482373,121.31549957867999],"image-00100.jpg":[24.99049805106486,121.31557644644936],"image-00037.jpg":[24.990549363684753,121.31533219616854],"image-00115.jpg":[24.990475065026303,121.3156024257294],"image-00087.jpg":[24.99052528570329,121.31554825607535],"image-00011.jpg":[24.990484021228013,121.31509856657439],"image-00084.jpg":[24.990532869751494,121.31554159859812],"image-00091.jpg":[24.99051586792404,121.31555718045323],"image-00047.jpg":[24.990595964118086,121.315361841104],"image-00038.jpg":[24.990552211470416,121.3153332244717],"image-00101.jpg":[24.99049643937958,121.31557803502236],"image-00017.jpg":[24.990510118926185,121.3152074379832],"image-00006.jpg":[24.99045744023873,121.31499168190388],"image-00072.jpg":[24.990558132079276,121.31551970795729],"image-00036.jpg":[24.990546680033614,121.315331798369],"image-00056.jpg":[24.990597323889297,121.3154512983221],"image-00107.jpg":[24.9904872184194,121.31558775420132],"image-00003.jpg":[24.990440412173566,121.31491920720879],"image-00092.jpg":[24.990513586273124,121.31555966633618],"image-00121.jpg":[24.99046602184865,121.31561257552596],"image-00076.jpg":[24.990555138538813,121.31552310155186],"image-00041.jpg":[24.990564481680963,121.31533756980156],"image-00082.jpg":[24.99053806716303,121.31553720715813],"image-00032.jpg":[24.990538769597126,121.31532733792423],"image-00021.jpg":[24.99052146553984,121.31526552788176],"image-00108.jpg":[24.99048573714091,121.31558941459042],"image-00048.jpg":[24.990599287566486,121.31536962767115],"image-00026.jpg":[24.990528430179683,121.31530796558137],"image-00065.jpg":[24.99057142536848,121.31550374058527],"image-00089.jpg":[24.99052043785773,121.31555258198233],"image-00029.jpg":[24.990533499978095,121.31532095073973],"image-00071.jpg":[24.990559414755584,121.31551742556587],"image-00009.jpg":[24.990473534387856,121.31505570278645],"image-00113.jpg":[24.99047816416361,121.3155986526949],"image-00051.jpg":[24.99060650983456,121.31539844095035]}