{"image-00070.jpg":[24.990562022476023,121.3155270906613],"image-00095.jpg":[24.990509626384135,121.31557823643445],"image-00034.jpg":[24.99054099680865,121.31533179794738],"image-00102.jpg":[24.99049782120987,121.31559063988797],"image-00077.jpg":[24.99055261845118,121.31553783378901],"image-00058.jpg":[24.990588747775462,121.31548401787367],"image-00117.jpg":[24.99047590261516,121.31561647715374],"image-00008.jpg":[24.990467946307778,121.31502676925587],"image-00085.jpg":[24.990532207924762,121.31555541721325],"image-00020.jpg":[24.9905183916636,121.31525192944765],"image-00069.jpg":[24.9905641572215,121.31552479064125],"image-00013.jpg":[24.990492808779404,121.31513173897241],"image-00080.jpg":[24.990545050327036,121.31554469443441],"image-00050.jpg":[24.99060227756716,121.31539655283524],"image-00066.jpg":[24.990570515832953,121.31551795971609],"image-00005.jpg":[24.990451021238076,121.3149540294725],"image-00040.jpg":[24.9905583077081,121.3153386846478],"image-00025.jpg":[24.990526830159574,121.31530187791665],"image-00019.jpg":[24.990515650304932,121.31523585146618],"image-00094.jpg":[24.99051172957549,121.31557589826231],"image-00098.jpg":[24.990504311410856,121.31558382148572],"image-00104.jpg":[24.990494740252192,121.31559385191315],"image-00054.jpg":[24.990602424727424,121.31544063856133],"image-00124.jpg":[24.99046794209692,121.31562504470737],"image-00001.jpg":[24.99043449567172,121.31488028835706],"image-00031.jpg":[24.99053587986745,121.3153267202334],"image-00078.jpg":[24.990550170916116,121.31554017288619],"image-00110.jpg":[24.99048610987802,121.31560371928312],"image-00059.jpg":[24.990585040642703,121.31549302124918],"image-00090.jpg":[24.99052043858318,121.3155662038039],"image-00123.jpg":[24.99046831083259,121.31562462380063],"image-00118.jpg":[24.99047459015609,121.31561808369106],"image-00043.jpg":[24.99057355933769,121.31534643434739],"image-00064.jpg":[24.99057346884714,121.31551367718541],"image-00075.jpg":[24.990558772982293,121.31553221831061],"image-00035.jpg":[24.990543058227804,121.31533289080659],"image-00010.jpg":[24.990478096646243,121.31506786159476],"image-00046.jpg":[24.990589851281328,121.31536089139101],"image-00114.jpg":[24.99048010790963,121.31561122626404],"image-00052.jpg":[24.990605459803653,121.31541815472403],"image-00099.jpg":[24.990502654678227,121.31558556835242],"image-00111.jpg":[24.990484576939156,121.31560556051238],"image-00112.jpg":[24.990483142831813,121.31560741489417],"image-00125.jpg":[24.990467588188803,121.31562544066088],"image-00083.jpg":[24.990537255163456,121.31555113866204],"image-00039.jpg":[24.99055428766232,121.31533701674749],"image-00062.jpg":[24.990576138138554,121.31550927645264],"image-00023.jpg":[24.990524474977107,121.31528581503005],"image-00105.jpg":[24.990493283806508,121.31559537541872],"image-00028.jpg":[24.990530733448125,121.31531817080096],"image-00120.jpg":[24.990471698960782,121.3156215272862],"image-00033.jpg":[24.99053926162652,121.31533011916818],"image-00002.jpg":[24.990435490727474,121.31488505827431],"image-00079.jpg":[24.990547793297782,121.3155425427581],"image-00027.jpg":[24.99052877497584,121.31531401606594],"image-00057.jpg":[24.990592365667393,121.31547255327385],"image-00096.jpg":[24.990507648374837,121.31558038880667],"image-00004.jpg":[24.9904453218398,121.31492892294358],"image-00109.jpg":[24.990487509370716,121.3156019476694],"image-00093.jpg":[24.990513871483596,121.31557340059152],"image-00106.jpg":[24.990491852205786,121.31559695346522],"image-00045.jpg":[24.990584484962206,121.31535505404028],"image-00016.jpg":[24.990505523597204,121.31518751352992],"image-00053.jpg":[24.9906043454969,121.31542964942167],"image-00103.jpg":[24.990496301499924,121.31559223838883],"image-00081.jpg":[24.99054250706774,121.31554686463413],"image-00061.jpg":[24.99057759730588,121.31550678271739],"image-00014.jpg":[24.990497279357456,121.31515160024739],"image-00012.jpg":[24.990488099460254,121.31511163521512],"image-00044.jpg":[24.99057914005963,121.31535026740063],"image-00116.jpg":[24.990477221041225,121.31561480942977],"image-00074.jpg":[24.990559154691013,121.31553197766522],"image-00119.jpg":[24.990473254064668,121.31561979027187],"image-00030.jpg":[24.990534160919957,121.31532440758507],"image-00073.jpg":[24.990559201097323,121.3155319413273],"image-00088.jpg":[24.990525073583754,121.3155618429879],"image-00049.jpg":[24.990599989853834,121.31538631364836],"image-00042.jpg":[24.99056812460498,121.31534314858013],"image-00055.jpg":[24.99059980328151,121.31545120857513],"image-00067.jpg":[24.990568855260786,121.3155202283367],"image-00024.jpg":[24.990525826706683,121.31529408305465],"image-00097.jpg":[24.990505778065586,121.31558225375463],"image-00086.jpg":[24.99052975760034,121.31555756782811],"image-00068.jpg":[24.990566549666745,121.31552251523865],"image-00018.jpg":[24.9905126583649,121.31521958295045],"image-00060.jpg":[24.990581408895352,121.31550021195696],"image-00007.jpg":[24.990462115767837,121.31500343608101],"image-00122.jpg":[24.990468801463308,121.31562410576618],"image-00022.jpg":[24.990522749194806,121.31527605046274],"image-00015.jpg":[24.99050152214065,121.31517012421045],"image-00063.jpg":[24.99057482178362,121.31551154311572],"image-00100.jpg":[24.990500946333494,121.31558746958532],"image-00037.jpg":[24.99054788537208,121.31533391914797],"image-00115.jpg":[24.99047861857263,121.3156130719565],"image-00087.jpg":[24.99052738788841,121.31555974825352],"image-00011.jpg":[24.990483200352305,121.31509041038433],"image-00084.jpg":[24.990534763781604,121.3155532732616],"image-00091.jpg":[24.990518241596803,121.31556848791953],"image-00047.jpg":[24.990594052416387,121.31536796319939],"image-00038.jpg":[24.99055071778627,121.31533522532771],"image-00101.jpg":[24.990499376894128,121.31558901843007],"image-00017.jpg":[24.990509203050657,121.3152039084687],"image-00006.jpg":[24.990456589945268,121.31497861337954],"image-00072.jpg":[24.990559282409446,121.31553188460663],"image-00036.jpg":[24.990545271856814,121.31533339418445],"image-00056.jpg":[24.990596498417037,121.31546174665144],"image-00107.jpg":[24.990490418505015,121.31559856910557],"image-00003.jpg":[24.990439602912584,121.31490304485644],"image-00092.jpg":[24.990516022234313,121.31557092777103],"image-00121.jpg":[24.99046984594282,121.31562309769956],"image-00076.jpg":[24.990556414274725,121.31553531724022],"image-00041.jpg":[24.9905629223164,121.31534076746522],"image-00082.jpg":[24.990539815390893,121.31554900329833],"image-00032.jpg":[24.990537613046246,121.31532859297994],"image-00021.jpg":[24.99052063054474,121.31526449469544],"image-00108.jpg":[24.990488981293936,121.31560020858005],"image-00048.jpg":[24.990597415153324,121.31537633192579],"image-00026.jpg":[24.990527458904495,121.31530818754075],"image-00065.jpg":[24.99057204305078,121.3155157797334],"image-00089.jpg":[24.99052268160254,121.31556397775915],"image-00029.jpg":[24.990532462270956,121.31532180273229],"image-00071.jpg":[24.990560487780872,121.31552951677097],"image-00009.jpg":[24.990472723933518,121.3150456435462],"image-00113.jpg":[24.990481624183936,121.31560933378314],"image-00051.jpg":[24.990604788978732,121.31540679356725]}