{"image-00070.jpg":[24.990562533759974,121.31549857600508],"image-00095.jpg":[24.990519653538577,121.31551968580872],"image-00034.jpg":[24.990520680550645,121.31533748597718],"image-00102.jpg":[24.99051011817695,121.31552513071551],"image-00077.jpg":[24.990554840877778,121.31550361151947],"image-00058.jpg":[24.99058292366437,121.31547441597355],"image-00117.jpg":[24.99049287328503,121.31553743178918],"image-00008.jpg":[24.990411293677827,121.31507193398886],"image-00085.jpg":[24.990537924608276,121.3155099904663],"image-00020.jpg":[24.990488343598134,121.31526673624658],"image-00069.jpg":[24.990564273952554,121.31549754420027],"image-00013.jpg":[24.990448557534393,121.31516323067294],"image-00080.jpg":[24.9905486367989,121.31550624147428],"image-00050.jpg":[24.99058553223795,121.3154106207841],"image-00066.jpg":[24.99056945210399,121.31549448732022],"image-00005.jpg":[24.990385913254357,121.3150087629421],"image-00040.jpg":[24.990537777292303,121.31534917609213],"image-00025.jpg":[24.99050311021701,121.31530892405671],"image-00019.jpg":[24.990483735648727,121.3152531295946],"image-00094.jpg":[24.990521327797328,121.31551861591214],"image-00098.jpg":[24.990515350525726,121.31552213885139],"image-00104.jpg":[24.990507630368146,121.31552653166838],"image-00054.jpg":[24.990591073039088,121.31544527263439],"image-00124.jpg":[24.990486516855583,121.31554125813469],"image-00001.jpg":[24.990360684530298,121.31494496166763],"image-00031.jpg":[24.99051517001103,121.31533165187277],"image-00078.jpg":[24.99055287861527,121.315504553434],"image-00110.jpg":[24.99050081138288,121.31553113414931],"image-00059.jpg":[24.99058037572922,121.3154801536367],"image-00090.jpg":[24.990528238594997,121.31551417802044],"image-00123.jpg":[24.99048680491331,121.31554106237802],"image-00118.jpg":[24.990491846197994,121.31553821519054],"image-00043.jpg":[24.990552819694518,121.31536081949255],"image-00064.jpg":[24.990571759685242,121.31549219234887],"image-00075.jpg":[24.99056000846928,121.31550143106392],"image-00035.jpg":[24.990522902616274,121.31533907616495],"image-00010.jpg":[24.99042624827315,121.31510782794754],"image-00046.jpg":[24.990569851474028,121.31537808459836],"image-00114.jpg":[24.990496148118265,121.3155348409324],"image-00052.jpg":[24.990591383718876,121.31542870672388],"image-00099.jpg":[24.990514012651552,121.31552290787695],"image-00111.jpg":[24.990499612686342,121.3155320209886],"image-00112.jpg":[24.990498511992453,121.31553295365839],"image-00125.jpg":[24.99048623895656,121.3155414397655],"image-00083.jpg":[24.990542118131682,121.31550846745901],"image-00039.jpg":[24.99053390798748,121.31534639603913],"image-00062.jpg":[24.990573811887202,121.31548969892998],"image-00023.jpg":[24.990498506546277,121.31529550712492],"image-00105.jpg":[24.990506464023632,121.31552719698762],"image-00028.jpg":[24.990509161105592,121.3153230871981],"image-00120.jpg":[24.99048956163743,121.31553986712558],"image-00033.jpg":[24.99051884930788,121.31533553806676],"image-00002.jpg":[24.990362246532065,121.31494906185415],"image-00079.jpg":[24.990550937008535,121.31550554998563],"image-00027.jpg":[24.990506740387428,121.31531912307827],"image-00057.jpg":[24.990585158458817,121.31546670678512],"image-00096.jpg":[24.990518062285183,121.31552065657165],"image-00004.jpg":[24.99037724450649,121.31498701523503],"image-00109.jpg":[24.99050189148916,121.31553025368265],"image-00093.jpg":[24.99052301291983,121.31551743552012],"image-00106.jpg":[24.990505326646847,121.31552791424058],"image-00045.jpg":[24.990564204076797,121.31537154387424],"image-00016.jpg":[24.990467871628194,121.31521156241706],"image-00053.jpg":[24.990591688249733,121.31543732920879],"image-00103.jpg":[24.990508890895992,121.31552583304224],"image-00081.jpg":[24.990546516408244,121.31550702105483],"image-00061.jpg":[24.99057491699763,121.3154882674016],"image-00014.jpg":[24.990455366271192,121.31518042241564],"image-00012.jpg":[24.990441445964002,121.31514576706918],"image-00044.jpg":[24.990558509566686,121.31536585601751],"image-00116.jpg":[24.99049389767748,121.31553660261869],"image-00074.jpg":[24.990560334014774,121.31550138115053],"image-00119.jpg":[24.990490805923233,121.31553906886616],"image-00030.jpg":[24.990513235485633,121.31532921666917],"image-00073.jpg":[24.990560372927153,121.31550136950368],"image-00088.jpg":[24.99053204190357,121.31551244004862],"image-00049.jpg":[24.99058226416939,121.31540174035823],"image-00042.jpg":[24.99054731025181,121.31535626796352],"image-00055.jpg":[24.990589760456057,121.31545263148266],"image-00067.jpg":[24.99056813555076,121.31549566850256],"image-00024.jpg":[24.99050087076082,121.31530247809292],"image-00097.jpg":[24.99051653593986,121.31552144097236],"image-00086.jpg":[24.990535906712896,121.31551078657608],"image-00068.jpg":[24.990566250577423,121.31549662617635],"image-00018.jpg":[24.990478853745525,121.31523928403331],"image-00060.jpg":[24.990577748153893,121.31548448859212],"image-00007.jpg":[24.990402899173176,121.31505151154951],"image-00122.jpg":[24.990487184700132,121.31554083578537],"image-00022.jpg":[24.99049563414566,121.31528722309753],"image-00015.jpg":[24.990461834234786,121.31519647806411],"image-00063.jpg":[24.99057280386206,121.31549100506538],"image-00100.jpg":[24.990512643357885,121.31552377950567],"image-00037.jpg":[24.990527668840837,121.31534162459592],"image-00115.jpg":[24.990494984139733,121.31553574781347],"image-00087.jpg":[24.990533953782823,121.31551163685398],"image-00011.jpg":[24.990433994388543,121.31512735729694],"image-00084.jpg":[24.990540049607972,121.31550923715031],"image-00091.jpg":[24.99052646767731,121.3155151716434],"image-00047.jpg":[24.990574593207768,121.31538516718295],"image-00038.jpg":[24.99053041297226,121.31534368597602],"image-00101.jpg":[24.990511374898198,121.31552442359325],"image-00017.jpg":[24.99047351298787,121.31522574652448],"image-00006.jpg":[24.990394436828556,121.31503004870079],"image-00072.jpg":[24.990560441031374,121.3155013546477],"image-00036.jpg":[24.990525115905758,121.31534026730245],"image-00056.jpg":[24.990587818737986,121.31545971540527],"image-00107.jpg":[24.99050419034879,121.31552866039743],"image-00003.jpg":[24.990368462164565,121.31496465499882],"image-00092.jpg":[24.9905247040494,121.31551627839977],"image-00121.jpg":[24.99048801601361,121.31554042659381],"image-00076.jpg":[24.990558107236325,121.3155030136233],"image-00041.jpg":[24.990542223713064,121.31535250099364],"image-00082.jpg":[24.990544254723858,121.31550772179673],"image-00032.jpg":[24.99051707417172,121.31533374594476],"image-00021.jpg":[24.9904921440934,121.31527739375679],"image-00108.jpg":[24.990503048875215,121.31552942448677],"image-00048.jpg":[24.990578699032184,121.31539296397582],"image-00026.jpg":[24.990504728996193,121.31531407743881],"image-00065.jpg":[24.990570652875615,121.3154933274316],"image-00089.jpg":[24.990530059825186,121.31551324668814],"image-00029.jpg":[24.99051126567802,121.31532656145212],"image-00071.jpg":[24.990561342053695,121.3154999278112],"image-00009.jpg":[24.990418267541692,121.31508846285332],"image-00113.jpg":[24.99049733016897,121.31553390726782],"image-00051.jpg":[24.990589285721164,121.31541955486787]}