{"image-00070.jpg":[22.99344721677848,120.29032135103589],"image-00095.jpg":[22.993230760320355,120.29028941278236],"image-00034.jpg":[22.994094573133392,120.29045949177518],"image-00102.jpg":[22.993218461127,120.29030447310458],"image-00077.jpg":[22.99335948311014,120.29030497219621],"image-00111.jpg":[22.99318265922233,120.29028559092],"image-00117.jpg":[22.99316135668756,120.29025469347978],"image-00008.jpg":[22.9945054790151,120.29054183288535],"image-00085.jpg":[22.993282453618537,120.29029019962101],"image-00020.jpg":[22.994318505645197,120.29050258424706],"image-00069.jpg":[22.993461679837267,120.29032401639321],"image-00013.jpg":[22.99442085565628,120.29052397728961],"image-00080.jpg":[22.993328159817057,120.29029884606028],"image-00050.jpg":[22.993777774335317,120.29039407475084],"image-00066.jpg":[22.993505562586506,120.29033209122278],"image-00005.jpg":[22.994563689623906,120.29055362260887],"image-00040.jpg":[22.993982516188645,120.29043795549566],"image-00025.jpg":[22.994243724752206,120.2904883656644],"image-00019.jpg":[22.994332906423512,120.2905053839315],"image-00094.jpg":[22.993232073986846,120.29028657788758],"image-00098.jpg":[22.993226536378742,120.29029690437702],"image-00104.jpg":[22.99321236437165,120.29030401136063],"image-00054.jpg":[22.993701926309445,120.29037616805167],"image-00124.jpg":[22.993135641229536,120.29020748483516],"image-00001.jpg":[22.99461714103123,120.29056409572925],"image-00031.jpg":[22.994146810699092,120.2904694924631],"image-00078.jpg":[22.99334880284759,120.29030287275816],"image-00110.jpg":[22.99318720729391,120.29028978501307],"image-00059.jpg":[22.99361460364959,120.29035565327386],"image-00090.jpg":[22.993246631236197,120.29028348652398],"image-00123.jpg":[22.993138614601644,120.29021476029283],"image-00118.jpg":[22.99315807347746,120.29024921454852],"image-00043.jpg":[22.993914331724984,120.29042497136862],"image-00064.jpg":[22.993535729602346,120.29033836473383],"image-00075.jpg":[22.993382132982426,120.2903093843444],"image-00035.jpg":[22.99407629256963,120.29045581099255],"image-00010.jpg":[22.99446987972305,120.29053446704029],"image-00046.jpg":[22.993855775093888,120.29041275344254],"image-00114.jpg":[22.993170288535758,120.29027026477556],"image-00052.jpg":[22.993739767022316,120.29038500710911],"image-00099.jpg":[22.993224698726383,120.2902989767502],"image-00058.jpg":[22.993631103245576,120.29035947642602],"image-00112.jpg":[22.993178356052738,120.29028094401413],"image-00125.jpg":[22.993132975850738,120.290199975099],"image-00083.jpg":[22.99329969978027,120.29029349871058],"image-00039.jpg":[22.994001946872192,120.29044199786436],"image-00062.jpg":[22.993566728969366,120.29034490614708],"image-00023.jpg":[22.99427391324395,120.29049392926512],"image-00105.jpg":[22.99320957815631,120.29030235288228],"image-00028.jpg":[22.994195702940857,120.29047903413579],"image-00120.jpg":[22.99315014237312,120.29023658556426],"image-00033.jpg":[22.99411237619737,120.29046296642761],"image-00002.jpg":[22.994605953828557,120.29056181550999],"image-00079.jpg":[22.993338324279705,120.29030089138722],"image-00027.jpg":[22.994212442884173,120.29048251763217],"image-00057.jpg":[22.993648333614146,120.29036364254803],"image-00096.jpg":[22.993229403311453,120.29029190122928],"image-00004.jpg":[22.994585043120182,120.29055789447942],"image-00109.jpg":[22.99319290562359,120.29029386638709],"image-00093.jpg":[22.993233325502782,120.29028345936985],"image-00106.jpg":[22.99320674012675,120.29030091288354],"image-00045.jpg":[22.99387584615943,120.29041696940789],"image-00016.jpg":[22.994376363196793,120.2905144857827],"image-00053.jpg":[22.993720327816728,120.29038036299946],"image-00103.jpg":[22.99321531437662,120.29030478258503],"image-00081.jpg":[22.993318264920227,120.29029690429952],"image-00061.jpg":[22.99358260214602,120.29034844166927],"image-00014.jpg":[22.994405597851483,120.29052065528964],"image-00012.jpg":[22.99443666792421,120.29052738963091],"image-00044.jpg":[22.99389553181492,120.29042103750601],"image-00116.jpg":[22.993164299772406,120.29025991378907],"image-00074.jpg":[22.993394358847716,120.29031182171111],"image-00119.jpg":[22.993154322575617,120.29024326660524],"image-00030.jpg":[22.994163499331314,120.29047273302886],"image-00073.jpg":[22.99340696052454,120.29031409789172],"image-00088.jpg":[22.993259454960658,120.29028601482449],"image-00049.jpg":[22.993797400728326,120.29039876532656],"image-00042.jpg":[22.993944055105068,120.29043105121362],"image-00055.jpg":[22.99368354644857,120.2903719380826],"image-00067.jpg":[22.993490717636092,120.29032918604867],"image-00024.jpg":[22.99425867049019,120.2904907378333],"image-00097.jpg":[22.99322807999273,120.29029416554832],"image-00086.jpg":[22.993274280000495,120.29028863694664],"image-00068.jpg":[22.99347609267495,120.29032658702116],"image-00018.jpg":[22.99434733069353,120.29050836978332],"image-00060.jpg":[22.993598397036166,120.29035192875571],"image-00007.jpg":[22.994524254597202,120.29054567247479],"image-00122.jpg":[22.993142337995334,120.29022242568571],"image-00022.jpg":[22.994288821176347,120.2904967039348],"image-00015.jpg":[22.994390912807415,120.29051758677313],"image-00063.jpg":[22.993551039281126,120.29034128807825],"image-00100.jpg":[22.99322304727527,120.29030139155158],"image-00037.jpg":[22.994039766591992,120.29044888485035],"image-00115.jpg":[22.993167061166734,120.29026495915187],"image-00087.jpg":[22.993266586671126,120.29028720490047],"image-00011.jpg":[22.99445293026292,120.29053087235206],"image-00084.jpg":[22.993290829191366,120.29029168254758],"image-00091.jpg":[22.99324130809962,120.29028253826371],"image-00047.jpg":[22.993836621225764,120.29040835316513],"image-00038.jpg":[22.9940210078614,120.2904454219634],"image-00101.jpg":[22.993220584379745,120.29030313824347],"image-00017.jpg":[22.994361906786803,120.29051143022767],"image-00006.jpg":[22.99454384455653,120.29054975400548],"image-00072.jpg":[22.993420002462855,120.29031656189063],"image-00036.jpg":[22.9940582131299,120.29045240222987],"image-00056.jpg":[22.993665695969412,120.29036776233755],"image-00107.jpg":[22.99320407672014,120.29029814915235],"image-00003.jpg":[22.994595574910093,120.2905598710984],"image-00092.jpg":[22.993236708289537,120.2902817594425],"image-00121.jpg":[22.99314613300432,120.290229597397],"image-00076.jpg":[22.993370433624186,120.29030713483564],"image-00041.jpg":[22.993963356719,120.29043500683858],"image-00082.jpg":[22.99330892342966,120.29029510119828],"image-00032.jpg":[22.994129661490618,120.29046613547463],"image-00021.jpg":[22.994303382548367,120.29049943208467],"image-00108.jpg":[22.993197229647816,120.29029641904518],"image-00048.jpg":[22.993816877891597,120.29040348470079],"image-00026.jpg":[22.994228314542625,120.29048566631666],"image-00065.jpg":[22.9935207261745,120.29033507737816],"image-00089.jpg":[22.99325258646089,120.29028457487368],"image-00029.jpg":[22.99418020564841,120.29047603998305],"image-00071.jpg":[22.993433482444512,120.29031894071798],"image-00009.jpg":[22.994487411463115,120.29053791654988],"image-00113.jpg":[22.993172388176962,120.29027469382378],"image-00051.jpg":[22.993758960847615,120.29038953467797]}