{
    "image-00078.jpg": {
        "22.993455,120.290330": [
            63224.0, 
            64760.0, 
            64760.0, 
            65272.0, 
            64761.0, 
            64761.0, 
            66297.0, 
            64762.0, 
            65276.0, 
            65788.0, 
            65789.0, 
            64254.0, 
            64254.0, 
            64254.0, 
            64254.0, 
            64766.0, 
            64766.0, 
            64770.0, 
            69890.0, 
            69890.0, 
            69890.0, 
            64259.0, 
            64771.0, 
            64771.0, 
            64771.0, 
            69891.0, 
            69891.0, 
            64260.0, 
            64772.0, 
            64772.0, 
            70404.0, 
            64773.0, 
            64773.0, 
            65286.0, 
            65286.0, 
            65286.0, 
            65287.0, 
            65287.0, 
            66311.0, 
            66823.0, 
            65288.0, 
            65288.0, 
            66313.0, 
            66313.0, 
            65809.0, 
            65810.0, 
            66322.0, 
            66322.0, 
            61170.0, 
            60147.0, 
            60659.0, 
            60659.0, 
            61171.0, 
            61171.0, 
            61683.0, 
            61683.0, 
            61683.0, 
            62195.0, 
            64755.0, 
            67315.0, 
            60148.0, 
            61172.0, 
            61172.0, 
            61172.0, 
            61684.0, 
            61684.0, 
            61684.0, 
            62196.0, 
            64756.0, 
            64756.0, 
            67316.0, 
            64757.0
        ]
    }, 
    "image-00094.jpg": {
        "22.993207,120.290276": [
            61177.0, 
            61178.0, 
            63230.0, 
            68353.0, 
            68354.0, 
            68867.0, 
            69379.0, 
            68868.0, 
            68357.0, 
            68870.0, 
            68874.0, 
            63250.0, 
            63250.0, 
            62741.0, 
            62741.0, 
            68375.0, 
            62233.0, 
            62233.0, 
            71451.0, 
            71451.0, 
            61722.0, 
            65819.0, 
            66842.0, 
            66842.0, 
            70938.0, 
            71452.0, 
            71452.0, 
            65820.0, 
            65820.0, 
            66844.0, 
            71453.0, 
            71453.0, 
            64797.0, 
            65823.0, 
            66335.0, 
            66335.0, 
            61220.0, 
            61156.0, 
            68391.0, 
            66856.0, 
            65321.0, 
            65321.0, 
            62251.0, 
            65834.0, 
            65834.0, 
            62252.0, 
            62252.0, 
            64300.0, 
            64300.0, 
            64812.0, 
            65836.0, 
            65836.0, 
            65325.0, 
            65837.0, 
            64814.0, 
            68327.0, 
            62767.0, 
            64303.0, 
            64303.0, 
            66863.0, 
            67375.0, 
            64817.0, 
            65329.0, 
            65329.0, 
            66353.0, 
            66353.0, 
            66353.0, 
            66865.0, 
            66865.0, 
            67377.0, 
            60648.0, 
            63208.0, 
            53993.0, 
            53993.0, 
            54505.0, 
            55017.0, 
            63209.0, 
            57065.0, 
            57065.0, 
            54506.0, 
            54506.0, 
            63210.0, 
            62700.0, 
            63212.0, 
            65774.0, 
            68335.0, 
            69359.0, 
            60662.0, 
            60662.0, 
            66806.0, 
            65322.0, 
            65260.0, 
            61206.0, 
            68385.0, 
            66344.0
        ]
    }, 
    "image-00085.jpg": {
        "22.993299,120.290296": [
            61135.0, 
            66767.0, 
            67279.0, 
            67279.0, 
            67319.0, 
            67319.0, 
            68344.0, 
            68344.0, 
            62207.0, 
            62719.0, 
            62719.0, 
            62719.0, 
            61650.0, 
            61650.0, 
            62674.0, 
            66258.0, 
            66258.0, 
            66258.0, 
            74497.0, 
            74497.0, 
            62209.0, 
            62721.0, 
            62721.0, 
            72966.0, 
            72966.0, 
            63238.0, 
            63238.0, 
            63238.0, 
            73479.0, 
            73479.0, 
            62215.0, 
            65799.0, 
            65799.0, 
            62216.0, 
            62728.0, 
            62728.0, 
            63240.0, 
            63240.0, 
            64264.0, 
            64264.0, 
            65288.0, 
            65288.0, 
            62217.0, 
            62729.0, 
            62729.0, 
            63241.0, 
            63241.0, 
            64265.0, 
            64265.0, 
            64265.0, 
            65801.0, 
            65801.0, 
            65801.0, 
            65801.0, 
            75018.0, 
            62730.0, 
            63242.0, 
            63244.0, 
            66316.0, 
            66828.0, 
            73485.0, 
            62733.0, 
            62733.0, 
            63245.0, 
            69901.0, 
            62734.0, 
            62734.0, 
            65806.0, 
            65806.0, 
            66318.0, 
            66318.0, 
            69390.0, 
            70414.0, 
            64271.0, 
            64271.0, 
            64271.0, 
            64783.0, 
            64783.0, 
            65295.0, 
            65807.0, 
            66319.0, 
            64785.0, 
            64785.0, 
            66321.0, 
            66321.0, 
            62226.0, 
            62226.0, 
            62227.0, 
            62227.0, 
            62227.0, 
            62227.0, 
            62675.0, 
            62675.0, 
            65747.0, 
            65747.0, 
            65747.0, 
            66259.0, 
            66259.0, 
            66259.0, 
            66259.0, 
            66836.0, 
            62676.0, 
            62676.0, 
            64724.0, 
            64724.0, 
            65748.0, 
            65748.0, 
            65748.0, 
            65748.0, 
            57067.0, 
            57067.0, 
            57580.0, 
            57580.0, 
            58604.0, 
            63212.0, 
            56044.0, 
            56044.0, 
            56556.0, 
            57068.0, 
            57068.0, 
            64209.0, 
            66769.0, 
            66769.0, 
            57581.0, 
            57581.0, 
            58093.0, 
            58093.0, 
            58605.0, 
            58605.0, 
            59117.0, 
            59117.0, 
            60141.0, 
            60141.0, 
            60653.0, 
            61677.0, 
            62701.0, 
            65261.0, 
            56045.0, 
            57069.0, 
            57069.0, 
            57582.0, 
            57582.0, 
            57582.0, 
            58094.0, 
            58094.0, 
            58606.0, 
            59118.0, 
            59118.0, 
            61166.0, 
            61166.0, 
            62702.0, 
            62702.0, 
            63214.0, 
            63214.0, 
            65262.0, 
            57070.0, 
            57070.0, 
            57583.0, 
            57583.0, 
            57583.0, 
            63215.0, 
            57071.0, 
            57071.0, 
            57071.0, 
            66802.0, 
            66803.0, 
            72436.0, 
            72436.0, 
            62708.0, 
            62708.0, 
            62710.0, 
            62710.0, 
            62710.0, 
            63221.0, 
            63221.0, 
            63221.0, 
            63221.0, 
            72967.0, 
            72456.0, 
            62739.0, 
            72439.0, 
            71938.0, 
            73954.0
        ]
    },