{"image-00070.jpg":[22.993466364615866,120.29032403410339],"image-00095.jpg":[22.99321924643499,120.29027601240506],"image-00034.jpg":[22.99419966024465,120.29050559555165],"image-00102.jpg":[22.99319152035922,120.29028097676652],"image-00077.jpg":[22.993367445493533,120.29030201354436],"image-00111.jpg":[22.993146419517277,120.29025702964267],"image-00117.jpg":[22.993124786046355,120.29022691301472],"image-00008.jpg":[22.99466332665666,120.29061447100942],"image-00085.jpg":[22.993280973490872,120.29028253967218],"image-00020.jpg":[22.994452694173795,120.29056341325133],"image-00069.jpg":[22.9934826351559,120.29032760687387],"image-00013.jpg":[22.994567651214354,120.29059105162857],"image-00080.jpg":[22.99333223629304,120.29029394870922],"image-00050.jpg":[22.99384027351622,120.29041853772492],"image-00066.jpg":[22.993532460100052,120.29033872958117],"image-00005.jpg":[22.994729058926897,120.29063004730938],"image-00040.jpg":[22.994073172464844,120.29047677471291],"image-00025.jpg":[22.99436920740824,120.29054492394492],"image-00019.jpg":[22.994468776417612,120.29056703713076],"image-00094.jpg":[22.99322266639736,120.29027457870455],"image-00098.jpg":[22.99320839635744,120.29027912998538],"image-00104.jpg":[22.99318192233469,120.29027835682123],"image-00054.jpg":[22.99375407753147,120.29039540392672],"image-00124.jpg":[22.993108542752612,120.29018721863928],"image-00001.jpg":[22.994789412294462,120.29064400247347],"image-00031.jpg":[22.99425889391432,120.29051916578757],"image-00078.jpg":[22.993355422863768,120.29029924213512],"image-00110.jpg":[22.993151770864692,120.2902615830117],"image-00059.jpg":[22.99365562124788,120.29036937014124],"image-00090.jpg":[22.993240991680462,120.29027378561611],"image-00123.jpg":[22.99311026662071,120.29019348440207],"image-00118.jpg":[22.993122539930177,120.2902222701708],"image-00043.jpg":[22.993996037819425,120.29045924651797],"image-00064.jpg":[22.99356647058564,120.29034692657709],"image-00075.jpg":[22.993392944617348,120.29030785326279],"image-00035.jpg":[22.994178875803538,120.29050063403514],"image-00010.jpg":[22.994623121888587,120.29060478946934],"image-00046.jpg":[22.993928878851328,120.29044256199988],"image-00114.jpg":[22.993131095615734,120.29024032243117],"image-00052.jpg":[22.99379671763486,120.2904066195272],"image-00099.jpg":[22.993204603872982,120.29027992300107],"image-00058.jpg":[22.993674211353653,120.29037422885227],"image-00112.jpg":[22.99314092450788,120.29025178086584],"image-00125.jpg":[22.993107071589098,120.29018068433157],"image-00083.jpg":[22.993300254281134,120.29028684046155],"image-00039.jpg":[22.994094761033164,120.29048185180103],"image-00062.jpg":[22.993601334380173,120.2903553876879],"image-00023.jpg":[22.994403418726847,120.29055254234619],"image-00105.jpg":[22.993177280991123,120.29027558135502],"image-00028.jpg":[22.994314697885553,120.29053227797031],"image-00120.jpg":[22.993117243333995,120.2902117300337],"image-00033.jpg":[22.994219961515075,120.29051035839777],"image-00002.jpg":[22.99477700089264,120.29064113711935],"image-00079.jpg":[22.99334366278847,120.29029662250437],"image-00027.jpg":[22.994333241932303,120.29053661756251],"image-00057.jpg":[22.99369345472675,120.29037936309774],"image-00096.jpg":[22.993215665699392,120.29027703271824],"image-00004.jpg":[22.99475298353979,120.29063558856546],"image-00109.jpg":[22.99315674684304,120.29026503041685],"image-00093.jpg":[22.99322608351154,120.2902729068323],"image-00106.jpg":[22.993172677810417,120.29027307787135],"image-00045.jpg":[22.993952011294983,120.29044838080546],"image-00016.jpg":[22.994517360493305,120.29057864532585],"image-00053.jpg":[22.99377513092431,120.29040096130213],"image-00103.jpg":[22.993186779883448,120.29028029689822],"image-00081.jpg":[22.9933211295254,120.29029140474333],"image-00061.jpg":[22.993619214606163,120.29035992009165],"image-00014.jpg":[22.994550318714033,120.29058667613471],"image-00012.jpg":[22.994585549814303,120.2905955154693],"image-00044.jpg":[22.993974638979346,120.29045398357903],"image-00116.jpg":[22.993126789125725,120.29023137010822],"image-00074.jpg":[22.99340660026834,120.29031099039796],"image-00119.jpg":[22.993119964628807,120.29021726433629],"image-00030.jpg":[22.99427791398369,120.29052360761548],"image-00073.jpg":[22.99342082421375,120.29031408873476],"image-00088.jpg":[22.993255175800183,120.2902769590204],"image-00049.jpg":[22.993862514960895,120.29042453933533],"image-00042.jpg":[22.99402951751523,120.2904672042241],"image-00055.jpg":[22.99373324833137,120.29038994221753],"image-00067.jpg":[22.99351550256679,120.2903347315127],"image-00024.jpg":[22.994386488713715,120.29054854322519],"image-00097.jpg":[22.99321186992763,120.29027767374821],"image-00086.jpg":[22.993271812058012,120.29028048711382],"image-00068.jpg":[22.99349907054809,120.29033122598213],"image-00018.jpg":[22.99448482309995,120.29057080463932],"image-00060.jpg":[22.993637357988714,120.29036462565416],"image-00007.jpg":[22.99468446128535,120.29061948801507],"image-00122.jpg":[22.993112541555064,120.29019999327627],"image-00022.jpg":[22.994419971791114,120.29055611166433],"image-00015.jpg":[22.9945337458148,120.29058266074207],"image-00063.jpg":[22.993583894008406,120.29035093694368],"image-00100.jpg":[22.99320070069012,120.29028085729067],"image-00037.jpg":[22.994137663811518,120.29049134274082],"image-00115.jpg":[22.99312864648774,120.2902356818145],"image-00087.jpg":[22.993263221978808,120.29027861430029],"image-00011.jpg":[22.994604065105765,120.29060014915271],"image-00084.jpg":[22.993290353940168,120.29028452258282],"image-00091.jpg":[22.993235100858335,120.29027256533118],"image-00047.jpg":[22.993907056218262,120.29043680319585],"image-00038.jpg":[22.994116365819306,120.2904865777621],"image-00101.jpg":[22.99319631328279,120.29028135993133],"image-00017.jpg":[22.99450117591426,120.29057474217407],"image-00006.jpg":[22.994706392394136,120.29062471903879],"image-00072.jpg":[22.993435552226803,120.29031740570991],"image-00036.jpg":[22.994158493989577,120.29049606511394],"image-00056.jpg":[22.993712897604954,120.29038449370555],"image-00107.jpg":[22.99316829517563,120.29026930822104],"image-00003.jpg":[22.99476493954255,120.29063829457964],"image-00092.jpg":[22.993229937999917,120.29027150392238],"image-00121.jpg":[22.993114793254005,120.29020595788589],"image-00076.jpg":[22.993379781448294,120.29030487077983],"image-00041.jpg":[22.99405103137167,120.29047223321538],"image-00082.jpg":[22.993310664806064,120.29028904583632],"image-00032.jpg":[22.994239445756982,120.29051463723613],"image-00021.jpg":[22.994436322098625,120.29055973257607],"image-00108.jpg":[22.993162146998007,120.29026815837281],"image-00048.jpg":[22.993884732169015,120.2904306514062],"image-00026.jpg":[22.994351406044363,120.29054095546965],"image-00065.jpg":[22.99354941504595,120.29034259607637],"image-00089.jpg":[22.99324763275425,120.2902752102794],"image-00029.jpg":[22.994296676195486,120.29052793698668],"image-00071.jpg":[22.993450799381236,120.29032068574185],"image-00009.jpg":[22.994642990451116,120.29060942766412],"image-00113.jpg":[22.99313525500302,120.29024594554078],"image-00051.jpg":[22.993818705643957,120.29041258276808]}