{"image-00070.jpg":[22.993443710285216,120.2903117037907],"image-00095.jpg":[22.99318896234323,120.29026015039608],"image-00034.jpg":[22.994184556938414,120.2904918956001],"image-00102.jpg":[22.9931563611232,120.29026184481174],"image-00077.jpg":[22.99334281923812,120.29028910008873],"image-00111.jpg":[22.993115722328497,120.29024200087369],"image-00117.jpg":[22.993103429198214,120.29021946082474],"image-00008.jpg":[22.994655283352273,120.29060176201551],"image-00085.jpg":[22.993254710629756,120.2902691767924],"image-00020.jpg":[22.99444206124417,120.29055073634552],"image-00069.jpg":[22.99346032412496,120.29031538838726],"image-00013.jpg":[22.994558518856184,120.29057843459064],"image-00080.jpg":[22.993306995913002,120.29028089485442],"image-00050.jpg":[22.99382072530847,120.29040493049001],"image-00066.jpg":[22.99351113089657,120.29032678757439],"image-00005.jpg":[22.994721961993537,120.2906174344059],"image-00040.jpg":[22.994055803330326,120.290462535526],"image-00025.jpg":[22.994356874473016,120.29053170699615],"image-00019.jpg":[22.994458446944012,120.29055444506116],"image-00094.jpg":[22.993193301120087,120.29025936676587],"image-00098.jpg":[22.993175749793487,120.29026164289161],"image-00104.jpg":[22.993146753818046,120.29025937698654],"image-00054.jpg":[22.993734333078336,120.29038251326756],"image-00124.jpg":[22.993100811793806,120.29019044888629],"image-00001.jpg":[22.994783318062872,120.29063158414861],"image-00031.jpg":[22.99424482373859,120.29050568984223],"image-00078.jpg":[22.993330593661,120.29028628651231],"image-00110.jpg":[22.993119882752826,120.29024555002164],"image-00059.jpg":[22.993635503178023,120.29035716107504],"image-00090.jpg":[22.993213875973883,120.2902601331126],"image-00123.jpg":[22.993100296502057,120.29019495759816],"image-00118.jpg":[22.99310274011458,120.29021604257193],"image-00043.jpg":[22.993977268408035,120.29044466775969],"image-00064.jpg":[22.993545577752794,120.29033499324413],"image-00075.jpg":[22.993368763565805,120.29029504091028],"image-00035.jpg":[22.994163487053697,120.2904869179907],"image-00010.jpg":[22.994614559336515,120.29059206916119],"image-00046.jpg":[22.993909438187536,120.29042814422462],"image-00114.jpg":[22.993105223692357,120.29022931036974],"image-00052.jpg":[22.993777157839773,120.29039345242094],"image-00099.jpg":[22.993171246759367,120.29026194979753],"image-00058.jpg":[22.993654185764562,120.29036190882182],"image-00112.jpg":[22.993111670802218,120.29023796820094],"image-00125.jpg":[22.9931017100628,120.29018577480178],"image-00083.jpg":[22.9932743721581,120.29027359223402],"image-00039.jpg":[22.994077717041336,120.29046766383988],"image-00062.jpg":[22.993580866158943,120.29034344721607],"image-00023.jpg":[22.994391767126174,120.29053952246548],"image-00105.jpg":[22.993142690066357,120.29025714164854],"image-00028.jpg":[22.99430147512293,120.2905189045656],"image-00120.jpg":[22.993100957937244,120.29020826027013],"image-00033.jpg":[22.99420516928639,120.29049669839847],"image-00002.jpg":[22.994770699101892,120.29062867252262],"image-00079.jpg":[22.99331859989971,120.29028359686674],"image-00027.jpg":[22.994320306672755,120.29052329599588],"image-00057.jpg":[22.993673484128013,120.29036689985564],"image-00096.jpg":[22.99318460517702,120.29026063794694],"image-00004.jpg":[22.994746280184927,120.29062305407183],"image-00109.jpg":[22.993124052249524,120.29024834160921],"image-00093.jpg":[22.99319772880765,120.29025841628153],"image-00106.jpg":[22.99313856367735,120.29025509558834],"image-00045.jpg":[22.993932774250926,120.29043388306017],"image-00016.jpg":[22.994507692838255,120.29056610583342],"image-00053.jpg":[22.99375547056355,120.2903879210345],"image-00103.jpg":[22.99315137922881,120.29026104839204],"image-00081.jpg":[22.993295695410218,120.29027830622233],"image-00061.jpg":[22.99359888967274,120.29034791614316],"image-00014.jpg":[22.994541040218188,120.29057411830551],"image-00012.jpg":[22.994576589326034,120.2905828554236],"image-00044.jpg":[22.993955635397633,120.29043943623205],"image-00116.jpg":[22.993103921458186,120.29022272913656],"image-00074.jpg":[22.993382653688155,120.29029823160242],"image-00119.jpg":[22.993101827459373,120.29021234380974],"image-00030.jpg":[22.99426414312801,120.29051017559664],"image-00073.jpg":[22.993397187493027,120.2903014343172],"image-00088.jpg":[22.993228336270032,120.29026339137077],"image-00049.jpg":[22.993843004813062,120.29041073867232],"image-00042.jpg":[22.994011220626067,120.29045266884538],"image-00055.jpg":[22.993713406922808,120.29037718402103],"image-00067.jpg":[22.993493921089886,120.29032276283158],"image-00024.jpg":[22.994374588932605,120.29053548844031],"image-00097.jpg":[22.99318015621218,120.29026085217825],"image-00086.jpg":[22.99324537172166,120.29026707304311],"image-00068.jpg":[22.993477102750585,120.2903191124177],"image-00018.jpg":[22.994474737765568,120.29055825211185],"image-00060.jpg":[22.993617137940888,120.29035251684431],"image-00007.jpg":[22.994676718746422,120.29060680869863],"image-00122.jpg":[22.99310029627509,120.29019968228874],"image-00022.jpg":[22.99440869439025,120.29054323050148],"image-00015.jpg":[22.994524262775585,120.29057010551065],"image-00063.jpg":[22.993563297932162,120.2903390623504],"image-00100.jpg":[22.993166566232368,120.29026235357912],"image-00037.jpg":[22.994121498602574,120.29047742023748],"image-00115.jpg":[22.99310430879967,120.29022588451785],"image-00087.jpg":[22.99323659531737,120.29026513563105],"image-00011.jpg":[22.994595276393838,120.2905874373261],"image-00084.jpg":[22.993264318616692,120.29027124868006],"image-00091.jpg":[22.99320783274309,120.2902588477109],"image-00047.jpg":[22.99388752790783,120.29042253798937],"image-00038.jpg":[22.994099784963048,120.29047254026267],"image-00101.jpg":[22.993161517572595,120.29026241258151],"image-00017.jpg":[22.994491301716238,120.29056219676046],"image-00006.jpg":[22.994698952124946,120.29061206554553],"image-00072.jpg":[22.993412194339907,120.29030482584156],"image-00036.jpg":[22.994142711153582,120.29048223855574],"image-00056.jpg":[22.993693004608662,120.29037190203405],"image-00107.jpg":[22.993135170040627,120.29025218738931],"image-00003.jpg":[22.994758457515307,120.29062581514287],"image-00092.jpg":[22.993202533068363,120.2902577283966],"image-00121.jpg":[22.993100480298775,120.29020403017074],"image-00076.jpg":[22.993355358194357,120.29029199621816],"image-00041.jpg":[22.99403307039971,120.2904577566946],"image-00082.jpg":[22.993285033519744,120.29027589311504],"image-00032.jpg":[22.994225064568994,120.29050111018552],"image-00021.jpg":[22.994425377825078,120.29054695510229],"image-00108.jpg":[22.99312881744636,120.29025089929127],"image-00048.jpg":[22.993865215111153,120.29041661845208],"image-00026.jpg":[22.994338719708356,120.29052764477713],"image-00065.jpg":[22.99352838803515,120.2903307289314],"image-00089.jpg":[22.993220670050306,120.29026161502506],"image-00029.jpg":[22.99428322031213,120.29051457042587],"image-00071.jpg":[22.993427789597373,120.29030822968132],"image-00009.jpg":[22.994634741085076,120.290596756268],"image-00113.jpg":[22.993107655583874,120.29023347805156],"image-00051.jpg":[22.993799172277182,120.2903992099999]}