{"image-00070.jpg":[25.028770280744535,121.48076092447373],"image-00095.jpg":[25.028745570574564,121.4806722487061],"image-00034.jpg":[25.028922855069762,121.48110460335099],"image-00102.jpg":[25.02875565210758,121.48064893284314],"image-00077.jpg":[25.028758033235817,121.4807377830671],"image-00111.jpg":[25.028772056062007,121.48063129309406],"image-00117.jpg":[25.0287802019755,121.480626168062],"image-00008.jpg":[25.029020632777836,121.48139277427464],"image-00085.jpg":[25.028746328603944,121.48071112580479],"image-00020.jpg":[25.028982791054137,121.48126828263793],"image-00069.jpg":[25.028772469687684,121.48076560343642],"image-00013.jpg":[25.029004154904857,121.48134396536483],"image-00080.jpg":[25.028753296097246,121.48072858727073],"image-00050.jpg":[25.028835834825752,121.48091358507638],"image-00066.jpg":[25.02877944697264,121.48078146191654],"image-00005.jpg":[25.029030642455687,121.48142038998238],"image-00040.jpg":[25.02888928293909,121.48103052232402],"image-00025.jpg":[25.028964755824287,121.48121065207746],"image-00019.jpg":[25.028986063200144,121.48127953305584],"image-00094.jpg":[25.02874466716944,121.48067597552762],"image-00098.jpg":[25.02874907939174,121.48066149677874],"image-00104.jpg":[25.028759434306995,121.48064331030096],"image-00054.jpg":[25.028817190640716,121.48087048234314],"image-00124.jpg":[25.02878800915834,121.48061930670603],"image-00001.jpg":[25.029039813020816,121.48144498739819],"image-00031.jpg":[25.028938783498273,121.48114184808256],"image-00078.jpg":[25.028756410192955,121.48073493118679],"image-00110.jpg":[25.02877032484184,121.48063249633937],"image-00059.jpg":[25.028798091905724,121.48082693575412],"image-00090.jpg":[25.028743374815928,121.48069140356716],"image-00123.jpg":[25.02878675770672,121.48062021060477],"image-00118.jpg":[25.028781179521324,121.48062531927522],"image-00043.jpg":[25.028872692564114,121.48099466680557],"image-00064.jpg":[25.028783960548083,121.48079289867306],"image-00075.jpg":[25.028761024640893,121.48074338514567],"image-00035.jpg":[25.028917297475452,121.48109202020078],"image-00010.jpg":[25.029013868256826,121.48137357677678],"image-00046.jpg":[25.028856541962707,121.48095936732227],"image-00114.jpg":[25.028777087863812,121.48062927900298],"image-00052.jpg":[25.028826140525712,121.48089124998198],"image-00099.jpg":[25.028750531250427,121.48065818855832],"image-00058.jpg":[25.028801559859936,121.48083482317011],"image-00112.jpg":[25.02877391477953,121.48063065074898],"image-00125.jpg":[25.02878918346515,121.48061831700129],"image-00083.jpg":[25.028748809459977,121.48071823602636],"image-00039.jpg":[25.028894921194816,121.48104265632833],"image-00062.jpg":[25.028788964785893,121.48080547531552],"image-00023.jpg":[25.02897250557892,121.48123379569734],"image-00105.jpg":[25.028761333882958,121.48064076638683],"image-00028.jpg":[25.02895305665807,121.48117758594775],"image-00120.jpg":[25.02878330625696,121.48062342332042],"image-00033.jpg":[25.02892830993666,121.48111719154065],"image-00002.jpg":[25.02903925976434,121.48144361452614],"image-00079.jpg":[25.028754848089605,121.48073182335881],"image-00027.jpg":[25.02895737253513,121.48118930839483],"image-00057.jpg":[25.028805188865668,121.48084313914163],"image-00096.jpg":[25.028746556056035,121.48066852459085],"image-00004.jpg":[25.029033952107707,121.48142924522186],"image-00109.jpg":[25.028768472783298,121.48063315380094],"image-00093.jpg":[25.02874403253993,121.48067984469111],"image-00106.jpg":[25.028763217520247,121.48063846199472],"image-00045.jpg":[25.028861830778077,121.48097102982041],"image-00016.jpg":[25.028995153731294,121.48131279737518],"image-00053.jpg":[25.028821520446634,121.48088061068088],"image-00103.jpg":[25.028757530076096,121.48064605740998],"image-00081.jpg":[25.028751704558385,121.48072526850109],"image-00061.jpg":[25.028791721232434,121.48081225933015],"image-00014.jpg":[25.029001049638328,121.4813337172638],"image-00012.jpg":[25.029007363886468,121.48135394867833],"image-00044.jpg":[25.02886725087337,121.48098277707116],"image-00116.jpg":[25.028779226537214,121.48062701060311],"image-00074.jpg":[25.028762606818802,121.48074634976356],"image-00119.jpg":[25.028782218672564,121.48062441932387],"image-00030.jpg":[25.028943832285847,121.48115388800505],"image-00073.jpg":[25.02876434257639,121.48074954414344],"image-00088.jpg":[25.028744039698154,121.48069947424209],"image-00049.jpg":[25.028840962533387,121.48092483463354],"image-00042.jpg":[25.028878182402224,121.48100650633359],"image-00055.jpg":[25.02881302482588,121.48086089207425],"image-00067.jpg":[25.028777223595334,121.4807759030827],"image-00024.jpg":[25.02896871597943,121.48122226254971],"image-00097.jpg":[25.028747720425766,121.48066493613445],"image-00086.jpg":[25.0287454031885,121.48070736160136],"image-00068.jpg":[25.028774874803098,121.4807706104519],"image-00018.jpg":[25.028989040939397,121.48129081124658],"image-00060.jpg":[25.02879483862834,121.48081940601823],"image-00007.jpg":[25.02902404044072,121.48140221186902],"image-00122.jpg":[25.028785543955923,121.48062125339439],"image-00022.jpg":[25.028976019321085,121.48124538265304],"image-00015.jpg":[25.028998107873722,121.48132340423388],"image-00063.jpg":[25.028786409433824,121.48079898083138],"image-00100.jpg":[25.02875212170323,121.48065498924922],"image-00037.jpg":[25.028906085758383,121.48106708388067],"image-00115.jpg":[25.028778198109233,121.48062795162761],"image-00087.jpg":[25.02874464390621,121.48070345210886],"image-00011.jpg":[25.029010534807476,121.48136386902367],"image-00084.jpg":[25.02874746805734,121.48071476559848],"image-00091.jpg":[25.02874331357311,121.48068750365272],"image-00047.jpg":[25.028851272505122,121.4809478091941],"image-00038.jpg":[25.028900530838236,121.48105484799245],"image-00101.jpg":[25.02875385097689,121.48065193485704],"image-00017.jpg":[25.02899209374024,121.48130191402943],"image-00006.jpg":[25.02902732634825,121.48141139805651],"image-00072.jpg":[25.02876625348802,121.48075294943993],"image-00036.jpg":[25.028911662954197,121.48107942645926],"image-00056.jpg":[25.028808992049925,121.4808518698623],"image-00107.jpg":[25.02876505640874,121.48063648618287],"image-00003.jpg":[25.029037097312894,121.48143795791137],"image-00092.jpg":[25.028743482284238,121.48068363952942],"image-00121.jpg":[25.028784425639845,121.48062233477137],"image-00076.jpg":[25.02875951535263,121.48074057076245],"image-00041.jpg":[25.028883711515768,121.48101849773408],"image-00082.jpg":[25.028750148073527,121.480721835363],"image-00032.jpg":[25.02893368861779,121.48112963603269],"image-00021.jpg":[25.028979481261544,121.48125691436854],"image-00108.jpg":[25.028766874737244,121.48063485746255],"image-00048.jpg":[25.028846082296145,121.4809363393903],"image-00026.jpg":[25.028960800446125,121.48119902862783],"image-00065.jpg":[25.028781676607203,121.48078710156763],"image-00089.jpg":[25.028743550956104,121.48069547450629],"image-00029.jpg":[25.028948527654862,121.48116585189086],"image-00071.jpg":[25.02876819557896,121.48075681481728],"image-00009.jpg":[25.02901727709276,121.48138315012794],"image-00113.jpg":[25.028775646040245,121.48062994031712],"image-00051.jpg":[25.028830933093317,121.4809022969448]}