{"image-00070.jpg":[25.028773014083875,121.48075509457331],"image-00095.jpg":[25.028745797721296,121.48066302764013],"image-00034.jpg":[25.028932729503694,121.48111027004686],"image-00102.jpg":[25.028754463764443,121.48063842953238],"image-00077.jpg":[25.028760381752306,121.48073113477751],"image-00111.jpg":[25.028769395839145,121.48061962023752],"image-00117.jpg":[25.02877695417394,121.4806141629011],"image-00008.jpg":[25.029037874487884,121.4814087353707],"image-00085.jpg":[25.02874812171734,121.48070351525902],"image-00020.jpg":[25.0289966516936,121.48127965684589],"image-00069.jpg":[25.028775294198585,121.48075994195433],"image-00013.jpg":[25.029020144597396,121.48135818694163],"image-00080.jpg":[25.028755484454983,121.48072163089073],"image-00050.jpg":[25.02884183738061,121.48091297670565],"image-00066.jpg":[25.028782602527798,121.48077635299076],"image-00005.jpg":[25.029048559767936,121.48143734118372],"image-00040.jpg":[25.02889764456894,121.4810337996816],"image-00025.jpg":[25.028977078062095,121.4812198663691],"image-00019.jpg":[25.02900023542533,121.48129133599443],"image-00094.jpg":[25.028745087845206,121.48066694906247],"image-00098.jpg":[25.028748706346875,121.48065170333646],"image-00104.jpg":[25.028757842634207,121.48063247108406],"image-00054.jpg":[25.028822276179522,121.48086840529271],"image-00124.jpg":[25.028784120909826,121.48060685626598],"image-00001.jpg":[25.029058321036743,121.4814628057004],"image-00031.jpg":[25.028949463260144,121.48114871705792],"image-00078.jpg":[25.028758717424136,121.48072817019928],"image-00110.jpg":[25.028767791974005,121.48062093271733],"image-00059.jpg":[25.02880226208036,121.48082339457738],"image-00090.jpg":[25.028744489970865,121.48068304859012],"image-00123.jpg":[25.028782964193923,121.48060782116231],"image-00118.jpg":[25.02877785155471,121.48061326489022],"image-00043.jpg":[25.028880341759475,121.48099673168439],"image-00064.jpg":[25.028787379504905,121.48078818501962],"image-00075.jpg":[25.028763466346234,121.48073691539659],"image-00035.jpg":[25.028926908060882,121.4810972819038],"image-00010.jpg":[25.02903063059658,121.48138885826364],"image-00046.jpg":[25.02886347875674,121.48096027522979],"image-00114.jpg":[25.028774110192053,121.48061747829645],"image-00052.jpg":[25.02883166937394,121.48088988196324],"image-00099.jpg":[25.028749956120745,121.480648216764],"image-00058.jpg":[25.02880589577231,121.48083154182896],"image-00112.jpg":[25.02877114131437,121.48061893741792],"image-00125.jpg":[25.028785200628402,121.48060580134728],"image-00083.jpg":[25.028750779150243,121.48071090974882],"image-00039.jpg":[25.02890352313804,121.48104633879998],"image-00062.jpg":[25.028792671940387,121.48080118918315],"image-00023.jpg":[25.028985422534475,121.48124386458711],"image-00105.jpg":[25.028759551265043,121.48062976869639],"image-00028.jpg":[25.02896455547998,121.48118562948305],"image-00120.jpg":[25.0287798026647,121.48061124738058],"image-00033.jpg":[25.028938453010323,121.48112326744513],"image-00002.jpg":[25.02905773685403,121.48146138306771],"image-00079.jpg":[25.028757099266947,121.48072495966308],"image-00027.jpg":[25.02896915571678,121.48119776105864],"image-00057.jpg":[25.028809700497217,121.48084013656641],"image-00096.jpg":[25.028746584817856,121.4806591257611],"image-00004.jpg":[25.029052082651088,121.48144649392972],"image-00109.jpg":[25.028766053061066,121.48062163746891],"image-00093.jpg":[25.02874464173745,121.48067099111921],"image-00106.jpg":[25.02876125483434,121.48062731182985],"image-00045.jpg":[25.02886900570922,121.48097231165644],"image-00016.jpg":[25.02901027479847,121.48132586783487],"image-00053.jpg":[25.028826823498562,121.48087888462976],"image-00103.jpg":[25.02875613801032,121.48063538400459],"image-00081.jpg":[25.02875383023079,121.48071819043471],"image-00061.jpg":[25.028795580970307,121.48080820657242],"image-00014.jpg":[25.029016759490613,121.4813475772428],"image-00012.jpg":[25.02902361706682,121.48136852928934],"image-00044.jpg":[25.028874660567666,121.48098444661187],"image-00116.jpg":[25.028776058419858,121.4806150563023],"image-00074.jpg":[25.028765096979168,121.48073998826494],"image-00119.jpg":[25.028778805938146,121.48061230731261],"image-00030.jpg":[25.028954777850412,121.481161134395],"image-00073.jpg":[25.028766883102715,121.4807433051459],"image-00088.jpg":[25.028745455731002,121.4806914576586],"image-00049.jpg":[25.028847193057366,121.48092459463066],"image-00042.jpg":[25.028886066369715,121.4810089704084],"image-00055.jpg":[25.028817906869943,121.4808584926253],"image-00067.jpg":[25.02878025258597,121.48077060100215],"image-00024.jpg":[25.02898133325732,121.4812319040422],"image-00097.jpg":[25.028747548916165,121.48065535044901],"image-00086.jpg":[25.028747082712332,121.48069962813503],"image-00068.jpg":[25.028777794091663,121.48076512657249],"image-00018.jpg":[25.029003540118598,121.48130303894577],"image-00060.jpg":[25.028798848283717,121.48081561051262],"image-00007.jpg":[25.029041514402042,121.48141849992325],"image-00122.jpg":[25.028781849257612,121.48060892864149],"image-00022.jpg":[25.028989250473906,121.48125589202371],"image-00015.jpg":[25.029013529539206,121.48133686874542],"image-00063.jpg":[25.028789966533978,121.48079447198579],"image-00100.jpg":[25.02875134280508,121.4806448380036],"image-00037.jpg":[25.028915182201306,121.48107155235708],"image-00115.jpg":[25.02877511588632,121.4806160575659],"image-00087.jpg":[25.028746197373415,121.4806955689955],"image-00011.jpg":[25.029027050015802,121.48137881615426],"image-00084.jpg":[25.02874935747085,121.48070730437121],"image-00091.jpg":[25.02874427101546,121.48067898599132],"image-00047.jpg":[25.028857975374567,121.48094833488526],"image-00038.jpg":[25.028909376962048,121.48105893579765],"image-00101.jpg":[25.028752867898508,121.48064160761919],"image-00017.jpg":[25.029006908940115,121.48131456174906],"image-00006.jpg":[25.029045026445527,121.48142802558056],"image-00072.jpg":[25.028768845210536,121.48074683551965],"image-00036.jpg":[25.028921012708988,121.48108428539706],"image-00056.jpg":[25.028813688234877,121.48084916378687],"image-00107.jpg":[25.028762929095677,121.48062520032548],"image-00003.jpg":[25.029055441910256,121.48145551443798],"image-00092.jpg":[25.02874427298913,121.48067495534161],"image-00121.jpg":[25.02878082619034,121.4806100862815],"image-00076.jpg":[25.02876191032819,121.48073401464893],"image-00041.jpg":[25.02889183499911,121.48102136210923],"image-00082.jpg":[25.028752205004658,121.48071462614367],"image-00032.jpg":[25.028944098684015,121.48113610482207],"image-00021.jpg":[25.028993027112524,121.48126785684536],"image-00108.jpg":[25.028764597745752,121.48062345519722],"image-00048.jpg":[25.028852551460762,121.48093648164348],"image-00026.jpg":[25.028972826070234,121.4812078276014],"image-00065.jpg":[25.028784961764618,121.48078218909356],"image-00089.jpg":[25.028744826303967,121.48068727625129],"image-00029.jpg":[25.028959750851488,121.4811734986649],"image-00071.jpg":[25.02877085657313,121.48075083600686],"image-00009.jpg":[25.029034276460223,121.48139877582499],"image-00113.jpg":[25.028772762836805,121.480618179166],"image-00051.jpg":[25.028836696714762,121.48090129897736]}