{"image-00070.jpg":[25.028779671089953,121.48075150323614],"image-00095.jpg":[25.02875514471916,121.48066261906762],"image-00034.jpg":[25.02892795714178,121.48109539859348],"image-00102.jpg":[25.028764240582234,121.48063916213464],"image-00077.jpg":[25.028767825730412,121.48072827043521],"image-00111.jpg":[25.028779352210677,121.48062137700967],"image-00117.jpg":[25.028786921173293,121.48061627573574],"image-00008.jpg":[25.029024013847483,121.48138385442715],"image-00085.jpg":[25.02875643840309,121.48070153097675],"image-00020.jpg":[25.02898663740789,121.48125918227478],"image-00069.jpg":[25.028781796237187,121.48075619850617],"image-00013.jpg":[25.029007822930044,121.48133500263499],"image-00080.jpg":[25.02876324246438,121.48071905699842],"image-00050.jpg":[25.028843465418333,121.48090433152048],"image-00066.jpg":[25.028788581779864,121.4807720870474],"image-00005.jpg":[25.029033820705422,121.48141151200235],"image-00040.jpg":[25.028895359819696,121.48102134417522],"image-00025.jpg":[25.028968844617665,121.48120142411273],"image-00019.jpg":[25.028989877862713,121.48127046006906],"image-00094.jpg":[25.02875435538179,121.48066637082337],"image-00098.jpg":[25.028758269265897,121.48065180040098],"image-00104.jpg":[25.028767701374946,121.4806335034684],"image-00054.jpg":[25.028825326791395,121.48086118444546],"image-00124.jpg":[25.028794141335947,121.48060939190074],"image-00001.jpg":[25.02904279377956,121.48143613695643],"image-00031.jpg":[25.028943452454012,121.4811326143982],"image-00078.jpg":[25.028766257784522,121.4807253939529],"image-00110.jpg":[25.028777748938136,121.48062260777893],"image-00059.jpg":[25.028806756638694,121.48081760736773],"image-00090.jpg":[25.028753374409778,121.48068181600999],"image-00123.jpg":[25.02879298081033,121.48061029712437],"image-00118.jpg":[25.028787826025006,121.48061542999392],"image-00043.jpg":[25.02887925568759,121.48098544184569],"image-00064.jpg":[25.02879298774871,121.48078353337878],"image-00075.jpg":[25.028770716101036,121.48073387632022],"image-00035.jpg":[25.02892255654729,121.4810828233004],"image-00010.jpg":[25.02901737964573,121.48136463952278],"image-00046.jpg":[25.0288635767933,121.4809501346653],"image-00114.jpg":[25.028784048015833,121.48061940673513],"image-00052.jpg":[25.028834035226573,121.48088197421094],"image-00099.jpg":[25.02875958037212,121.48064847597362],"image-00058.jpg":[25.028810127760586,121.48082549531901],"image-00112.jpg":[25.028781088604152,121.48062075334505],"image-00125.jpg":[25.02879522798054,121.48060839884634],"image-00083.jpg":[25.028758875947528,121.48070867845439],"image-00039.jpg":[25.02890083153998,121.48103348944197],"image-00062.jpg":[25.028797870448194,121.48079611440329],"image-00023.jpg":[25.02897646529661,121.48122461552407],"image-00105.jpg":[25.028769443565164,121.48063094025727],"image-00028.jpg":[25.02895737275505,121.48116832699262],"image-00120.jpg":[25.028789792541897,121.48061352872162],"image-00033.jpg":[25.02893326166087,121.48110798098563],"image-00002.jpg":[25.029042253878313,121.48143476051774],"image-00079.jpg":[25.028764745509363,121.48072228219645],"image-00027.jpg":[25.028961597340782,121.4811800576735],"image-00057.jpg":[25.02881365682604,121.48083381599545],"image-00096.jpg":[25.02875601305087,121.48065888749284],"image-00004.jpg":[25.02903705720139,121.48142036323839],"image-00109.jpg":[25.028776019693318,121.48062325262208],"image-00093.jpg":[25.028753817907845,121.48067024319417],"image-00106.jpg":[25.028771173930473,121.48062861266018],"image-00045.jpg":[25.028868711693555,121.48096179090453],"image-00016.jpg":[25.028998909647584,121.48130379505695],"image-00053.jpg":[25.028829541496602,121.48087132795908],"image-00103.jpg":[25.02876595772963,121.48063626887073],"image-00081.jpg":[25.028761698267136,121.48071572384735],"image-00061.jpg":[25.028800558214176,121.4808029044265],"image-00014.jpg":[25.029004757087332,121.48132475518804],"image-00012.jpg":[25.029010983222804,121.48134499501538],"image-00044.jpg":[25.028873972381795,121.48097354407551],"image-00116.jpg":[25.028786018412383,121.48061711708277],"image-00074.jpg":[25.02877224633689,121.48073685614466],"image-00119.jpg":[25.028788787358245,121.48061452810364],"image-00030.jpg":[25.028948366031152,121.48114463244089],"image-00073.jpg":[25.02877392490116,121.48074007307113],"image-00088.jpg":[25.02875412055119,121.48068990663485],"image-00049.jpg":[25.02884844391716,121.48091558286237],"image-00042.jpg":[25.02888458414416,121.48099729591563],"image-00055.jpg":[25.028821274979364,121.48085158820747],"image-00067.jpg":[25.02878641236298,121.48076652205475],"image-00024.jpg":[25.028972735527198,121.4812130583552],"image-00097.jpg":[25.028757050017933,121.48065528065095],"image-00086.jpg":[25.02875551564844,121.48069778025229],"image-00068.jpg":[25.028784129050514,121.48076122154603],"image-00018.jpg":[25.028992841397596,121.48128175561706],"image-00060.jpg":[25.028803591694878,121.48081007209842],"image-00007.jpg":[25.02902735176175,121.48139329515762],"image-00122.jpg":[25.028791857584338,121.48061133999408],"image-00022.jpg":[25.028979937683737,121.48123623214471],"image-00015.jpg":[25.02900184065467,121.48131441570862],"image-00063.jpg":[25.028795375925988,121.48078961629184],"image-00100.jpg":[25.02876102280516,121.48064525754646],"image-00037.jpg":[25.02891166881754,121.48105790808111],"image-00115.jpg":[25.028785067871997,121.48061806112993],"image-00087.jpg":[25.028754744697036,121.48069386718228],"image-00011.jpg":[25.02901410787174,121.4813549334138],"image-00084.jpg":[25.028757563902797,121.48070519121566],"image-00091.jpg":[25.028753258427137,121.48067791178009],"image-00047.jpg":[25.028858460302594,121.48093857109214],"image-00038.jpg":[25.028906276989883,121.4810456898219],"image-00101.jpg":[25.028762597644427,121.48064218409128],"image-00017.jpg":[25.02899587315057,121.48129287938912],"image-00006.jpg":[25.0290305739033,121.48140250421716],"image-00072.jpg":[25.028775770629714,121.48074349816811],"image-00036.jpg":[25.02891708375675,121.48107023862977],"image-00056.jpg":[25.028817355903275,121.48084255521218],"image-00107.jpg":[25.028772867475002,121.48062661608888],"image-00003.jpg":[25.02904013869716,121.48142908454213],"image-00092.jpg":[25.02875335860128,121.48067404225378],"image-00121.jpg":[25.028790825725554,121.48061243270269],"image-00076.jpg":[25.028769258313744,121.48073106310802],"image-00041.jpg":[25.028889951240217,121.48100929764963],"image-00082.jpg":[25.028760184810725,121.48071227233751],"image-00032.jpg":[25.028938491296465,121.48112040832552],"image-00021.jpg":[25.028983359999554,121.48124778771356],"image-00108.jpg":[25.028774547402296,121.48062497115103],"image-00048.jpg":[25.028853419115332,121.48092709258913],"image-00026.jpg":[25.028964959334168,121.4811897888842],"image-00065.jpg":[25.02879075828185,121.48077773296218],"image-00089.jpg":[25.028753599573253,121.48068588084182],"image-00029.jpg":[25.028952948999525,121.48115659331324],"image-00071.jpg":[25.02877765158159,121.48074737548447],"image-00009.jpg":[25.029020721935957,121.48137422726123],"image-00113.jpg":[25.028782703667098,121.4806200549971],"image-00051.jpg":[25.028838696693406,121.4808930266814]}