{"image-00070.jpg":[24.956517885592273,121.22339724099776],"image-00095.jpg":[24.95712978336293,121.22367505477928],"image-00034.jpg":[24.955872464186502,121.22273890732606],"image-00102.jpg":[24.957280377944965,121.22374375094003],"image-00077.jpg":[24.956702930880866,121.22347947712441],"image-00058.jpg":[24.956207417639376,121.22326652267503],"image-00117.jpg":[24.957568956515004,121.22387665710697],"image-00008.jpg":[24.95593111790275,121.22222024863848],"image-00085.jpg":[24.956894884869623,121.22356633274586],"image-00020.jpg":[24.955990504065557,121.22242253955775],"image-00069.jpg":[24.956491486690133,121.22338555780294],"image-00013.jpg":[24.955961866311934,121.22230886383727],"image-00080.jpg":[24.956777941158496,121.22351389167312],"image-00050.jpg":[24.956026436001615,121.22319255504617],"image-00066.jpg":[24.95641257465713,121.22335064765055],"image-00005.jpg":[24.95590939413069,121.2221656484424],"image-00040.jpg":[24.955865369794928,121.22294075732555],"image-00025.jpg":[24.955962504362976,121.22251873070368],"image-00019.jpg":[24.955984702943212,121.22240653122357],"image-00094.jpg":[24.957107196562077,121.22366465005099],"image-00098.jpg":[24.95719652147999,121.22370574539576],"image-00104.jpg":[24.957321292485375,121.22376229767525],"image-00054.jpg":[24.95611215468596,121.22322861292699],"image-00124.jpg":[24.957685146302175,121.2239309121654],"image-00001.jpg":[24.955884558052098,121.22211185154083],"image-00031.jpg":[24.95589464050534,121.22266137099368],"image-00078.jpg":[24.95672822433009,121.22349126196171],"image-00110.jpg":[24.95743988544779,121.2238168848016],"image-00059.jpg":[24.956231687018654,121.22327631815062],"image-00090.jpg":[24.95701395767726,121.22362068130272],"image-00123.jpg":[24.95766961471257,121.223923892947],"image-00118.jpg":[24.957586527039766,121.22388496241228],"image-00043.jpg":[24.95589724476237,121.22303433554124],"image-00064.jpg":[24.95635966243873,121.22332850547036],"image-00075.jpg":[24.95665119763143,121.22345577773253],"image-00035.jpg":[24.95586727822815,121.22276770368555],"image-00010.jpg":[24.95594401886155,121.2222568758938],"image-00046.jpg":[24.955946290177078,121.22313017457904],"image-00114.jpg":[24.957514980114922,121.22385150984961],"image-00052.jpg":[24.95606812993953,121.22321057410394],"image-00099.jpg":[24.957218257919937,121.22371554120679],"image-00111.jpg":[24.957459052420347,121.22382577574837],"image-00112.jpg":[24.957477958096856,121.22383459110154],"image-00125.jpg":[24.9577002204051,121.22393802624813],"image-00083.jpg":[24.956848793006177,121.22354591418825],"image-00039.jpg":[24.955861180724643,121.22290398749413],"image-00062.jpg":[24.956307883614485,121.22330728971676],"image-00023.jpg":[24.955979784528378,121.22248075525276],"image-00105.jpg":[24.95734130126192,121.22377158976485],"image-00028.jpg":[24.955925618387457,121.22259019395926],"image-00120.jpg":[24.957620974386042,121.22390120995993],"image-00033.jpg":[24.95587879994108,121.22271265355914],"image-00002.jpg":[24.955886085156845,121.22211520164285],"image-00079.jpg":[24.9567534689309,121.22350270659085],"image-00027.jpg":[24.955936127994608,121.22256747516852],"image-00057.jpg":[24.956183481069036,121.22325660659726],"image-00096.jpg":[24.957152768941448,121.22368565009552],"image-00004.jpg":[24.955900954647067,121.22214743917843],"image-00109.jpg":[24.95742053007612,121.22380782712432],"image-00093.jpg":[24.95708418382366,121.22365379930108],"image-00106.jpg":[24.95736166698776,121.22378084960977],"image-00045.jpg":[24.955926204215455,121.22310171810236],"image-00016.jpg":[24.955977734381882,121.22235785102917],"image-00053.jpg":[24.95608965945552,121.22321975812133],"image-00103.jpg":[24.95730069841197,121.22375278640352],"image-00081.jpg":[24.956801973184014,121.22352461299488],"image-00061.jpg":[24.95628221175178,121.22329681700074],"image-00014.jpg":[24.95596741571361,121.22232571260298],"image-00012.jpg":[24.955956035416822,121.22229186014624],"image-00044.jpg":[24.95591076162612,121.22306915799827],"image-00116.jpg":[24.95755139021267,121.2238683354569],"image-00074.jpg":[24.95662499827315,121.2234443108936],"image-00119.jpg":[24.95760400440888,121.22389322977608],"image-00030.jpg":[24.95590432212304,121.22263672546],"image-00073.jpg":[24.956598456579876,121.22343265020011],"image-00088.jpg":[24.956966585111946,121.22359859489279],"image-00049.jpg":[24.956006100754305,121.22318370924633],"image-00042.jpg":[24.955886991089034,121.22299857056413],"image-00055.jpg":[24.956134974477383,121.22323738795866],"image-00067.jpg":[24.956438811525857,121.22336198829981],"image-00024.jpg":[24.955973101710267,121.22249699947241],"image-00097.jpg":[24.957174530289294,121.22369576320948],"image-00086.jpg":[24.956918713056265,121.22357647390061],"image-00068.jpg":[24.956465148889183,121.22337370802427],"image-00018.jpg":[24.955983538446322,121.22238968236015],"image-00060.jpg":[24.95625664029066,121.22328647927387],"image-00007.jpg":[24.95592435603015,121.22220173532254],"image-00122.jpg":[24.95765377867352,121.22391650936049],"image-00022.jpg":[24.955988865271365,121.22245658841257],"image-00015.jpg":[24.955972718876254,121.22234204316422],"image-00063.jpg":[24.956333815294833,121.22331771858148],"image-00100.jpg":[24.957238922739712,121.22372504779491],"image-00037.jpg":[24.95585973972957,121.22283227495413],"image-00115.jpg":[24.957532785438172,121.22385967561955],"image-00087.jpg":[24.956942632953105,121.22358757094165],"image-00011.jpg":[24.95595001755167,121.22227458757555],"image-00084.jpg":[24.95687174252296,121.2235561204738],"image-00091.jpg":[24.957037688247787,121.22363177620265],"image-00047.jpg":[24.955965502327818,121.22315971826815],"image-00038.jpg":[24.955859420178314,121.22286906860131],"image-00101.jpg":[24.95725990744903,121.22373458230899],"image-00017.jpg":[24.955982542737818,121.22237334057039],"image-00006.jpg":[24.955917045652665,121.22218377492896],"image-00072.jpg":[24.95657137066672,121.22342078706227],"image-00036.jpg":[24.955862868770158,121.22279935617277],"image-00056.jpg":[24.95615906963956,121.22324654932797],"image-00107.jpg":[24.957381667058527,121.22378994883657],"image-00003.jpg":[24.9558921902006,121.22212836756846],"image-00092.jpg":[24.957060879705907,121.22364306831628],"image-00121.jpg":[24.957637538247837,121.2239090760297],"image-00076.jpg":[24.95667719126239,121.22346770122178],"image-00041.jpg":[24.955879221085933,121.22296307595215],"image-00082.jpg":[24.956825606298988,121.22353528356899],"image-00032.jpg":[24.95588576333214,121.22268620883884],"image-00021.jpg":[24.955990497468736,121.22244125158448],"image-00108.jpg":[24.957401276152677,121.2237989958245],"image-00048.jpg":[24.95598693630654,121.22317461058584],"image-00026.jpg":[24.955946656962954,121.22254794761008],"image-00065.jpg":[24.956386200974567,121.22333946329954],"image-00089.jpg":[24.956990396079057,121.22360967195915],"image-00029.jpg":[24.955914709048546,121.22261317380912],"image-00071.jpg":[24.95654443307653,121.2234090614079],"image-00009.jpg":[24.95593766712219,121.22223846788651],"image-00113.jpg":[24.957496805919583,121.22384312953712],"image-00051.jpg":[24.956046948575935,121.22320163005088]}