{"image-00070.jpg":[24.956592362621926,121.22334512328283],"image-00095.jpg":[24.957159024589455,121.22366026283026],"image-00034.jpg":[24.956063864324715,121.22256002154772],"image-00102.jpg":[24.95729844965963,121.2237381733963],"image-00077.jpg":[24.956763948774316,121.22343845393169],"image-00058.jpg":[24.956303975327316,121.22319577914902],"image-00117.jpg":[24.957565935028565,121.2238879391004],"image-00008.jpg":[24.956194775654282,121.22196791732841],"image-00085.jpg":[24.956941781049743,121.22353692220963],"image-00020.jpg":[24.95622345435608,121.22220197738801],"image-00069.jpg":[24.956567867684853,121.22333188280916],"image-00013.jpg":[24.95621191261269,121.22207065804325],"image-00080.jpg":[24.956833416826704,121.22347738786924],"image-00050.jpg":[24.95613574269229,121.22311088731695],"image-00066.jpg":[24.95649470304306,121.22329220368363],"image-00005.jpg":[24.95618166813254,121.2219042195255],"image-00040.jpg":[24.95602252768409,121.22280233023056],"image-00025.jpg":[24.956181993586533,121.2223123113076],"image-00019.jpg":[24.956220205411118,121.22218323651218],"image-00094.jpg":[24.9571381390346,121.22364843826625],"image-00098.jpg":[24.95722077600618,121.22369507597647],"image-00104.jpg":[24.95733637112479,121.22375915687121],"image-00054.jpg":[24.95621545182907,121.22315191848844],"image-00124.jpg":[24.957673804535368,121.2239485336628],"image-00001.jpg":[24.95616560951687,121.22184096316376],"image-00031.jpg":[24.95609675377311,121.22247136940021],"image-00078.jpg":[24.956787357643467,121.22345176900497],"image-00110.jpg":[24.957446227663834,121.22382081299912],"image-00059.jpg":[24.956326530982327,121.22320706501563],"image-00090.jpg":[24.957052011985866,121.22359857251725],"image-00123.jpg":[24.957659360018773,121.22394068468863],"image-00118.jpg":[24.95758223127195,121.22389722114113],"image-00043.jpg":[24.95603523104868,121.22292043557337],"image-00064.jpg":[24.956445519903845,121.22326693632255],"image-00075.jpg":[24.95671603754168,121.22341163333981],"image-00035.jpg":[24.95605408315557,121.2225941078641],"image-00010.jpg":[24.956202056819563,121.22201036615553],"image-00046.jpg":[24.95606672965465,121.22303683283117],"image-00114.jpg":[24.95751589604418,121.22385969443883],"image-00052.jpg":[24.95617446858797,121.22313134823756],"image-00099.jpg":[24.95724090709949,121.22370620481925],"image-00111.jpg":[24.95746402229177,121.22383075758454],"image-00112.jpg":[24.957481527640446,121.22384069923342],"image-00125.jpg":[24.957687807347313,121.22395644339815],"image-00083.jpg":[24.95689905842846,121.22351369744126],"image-00039.jpg":[24.95602468515766,121.22275810111108],"image-00062.jpg":[24.956397366106508,121.2232426475218],"image-00023.jpg":[24.95620478558574,121.22226821135989],"image-00105.jpg":[24.957354896137097,121.22376964967614],"image-00028.jpg":[24.9561365470005,121.2223917779364],"image-00120.jpg":[24.957614167669195,121.2239154139096],"image-00033.jpg":[24.956073947943256,121.22252979061867],"image-00002.jpg":[24.95616658979415,121.22184490324969],"image-00079.jpg":[24.95681074442723,121.22346473902252],"image-00027.jpg":[24.95614982887341,121.22236644175936],"image-00057.jpg":[24.95628179364136,121.22318429940015],"image-00096.jpg":[24.95718030391113,121.22367225203391],"image-00004.jpg":[24.956176209212174,121.22188279007443],"image-00109.jpg":[24.9574282930498,121.22381063256034],"image-00093.jpg":[24.95711689304797,121.223636108958],"image-00106.jpg":[24.95737376839915,121.22378012578233],"image-00045.jpg":[24.956052061205558,121.22300198659292],"image-00016.jpg":[24.956220345441672,121.22212730176864],"image-00053.jpg":[24.95619447019901,121.2231418005914],"image-00103.jpg":[24.957317282975758,121.22374844489946],"image-00081.jpg":[24.956855698895904,121.2234895483188],"image-00061.jpg":[24.956373494238814,121.22323063934257],"image-00014.jpg":[24.956214894056846,121.22209015940179],"image-00012.jpg":[24.95620869644866,121.22205093643343],"image-00044.jpg":[24.95604244909731,121.22296267519928],"image-00116.jpg":[24.95754966403391,121.22387860084545],"image-00074.jpg":[24.9566917115628,121.22339863547519],"image-00119.jpg":[24.95759845119807,121.22390643904615],"image-00030.jpg":[24.95610943676883,121.22244393681811],"image-00073.jpg":[24.95666712170138,121.22338532194226],"image-00088.jpg":[24.957008225962145,121.22357350827264],"image-00049.jpg":[24.956116914266985,121.22310074010386],"image-00042.jpg":[24.956031126791366,121.22287760747156],"image-00055.jpg":[24.95623670837148,121.2231620594691],"image-00067.jpg":[24.95651905411634,121.22330511691891],"image-00024.jpg":[24.956195568062085,121.22228741280625],"image-00097.jpg":[24.95720040399058,121.22368376511125],"image-00086.jpg":[24.95696395888065,121.22354838912337],"image-00068.jpg":[24.95654344700793,121.22331847127882],"image-00018.jpg":[24.956221522503892,121.22216380508571],"image-00060.jpg":[24.956349675450138,121.22321883960096],"image-00007.jpg":[24.956190919582486,121.22194633656848],"image-00122.jpg":[24.957644645009406,121.22393246147098],"image-00022.jpg":[24.95621708697909,121.22224076598688],"image-00015.jpg":[24.956217723247974,121.2221090327216],"image-00063.jpg":[24.956421493387786,121.22325462070062],"image-00100.jpg":[24.957260023823643,121.22371699544654],"image-00037.jpg":[24.956035659096283,121.22267160840372],"image-00115.jpg":[24.957532417397168,121.22386887031394],"image-00087.jpg":[24.956986083289085,121.22356096651397],"image-00011.jpg":[24.956205323193174,121.22203092812384],"image-00084.jpg":[24.956920326969083,121.22352530221754],"image-00091.jpg":[24.95707398570282,121.2236110752346],"image-00047.jpg":[24.95608081259959,121.22307205809481],"image-00038.jpg":[24.956028892896903,121.2227161640005],"image-00101.jpg":[24.95727946008678,121.22372780330645],"image-00017.jpg":[24.95622283596577,121.22214515083147],"image-00006.jpg":[24.95618641414945,121.22192544607776],"image-00072.jpg":[24.956641985115894,121.22337185202011],"image-00036.jpg":[24.95604446556279,121.22263185908773],"image-00056.jpg":[24.956259133485897,121.2231727165448],"image-00107.jpg":[24.957392293773285,121.22379043474342],"image-00003.jpg":[24.956170543360027,121.22186039027319],"image-00092.jpg":[24.957095322045426,121.22362395679116],"image-00121.jpg":[24.957629546331066,121.22392416349516],"image-00076.jpg":[24.956740119554635,121.22342510535901],"image-00041.jpg":[24.956029521796996,121.22283492251458],"image-00082.jpg":[24.95687758220439,121.2235016741628],"image-00032.jpg":[24.95608474448661,121.2224992100862],"image-00021.jpg":[24.956220809349478,121.22222335277323],"image-00108.jpg":[24.957410442141374,121.22380067998259],"image-00048.jpg":[24.956099293554598,121.2230902740805],"image-00026.jpg":[24.956162741120608,121.22234462856224],"image-00065.jpg":[24.95647020543036,121.22327944757068],"image-00089.jpg":[24.957030233614727,121.22358608669191],"image-00029.jpg":[24.956122833912513,121.22241741103876],"image-00071.jpg":[24.956616991698606,121.22335850720918],"image-00009.jpg":[24.956198544799648,121.22198899857966],"image-00113.jpg":[24.95749902855055,121.22385029717401],"image-00051.jpg":[24.956154772987528,121.22312117845621]}