{"image-00070.jpg":[24.956345286115376,121.22346894419317],"image-00095.jpg":[24.95705205436061,121.2237113605456],"image-00034.jpg":[24.955470035444808,121.22295460145713],"image-00102.jpg":[24.957226101522483,121.22377126899997],"image-00077.jpg":[24.95655844082411,121.22354090885247],"image-00058.jpg":[24.955989850008795,121.2233539873148],"image-00117.jpg":[24.957559829262653,121.22388737327478],"image-00008.jpg":[24.955355831133986,121.22257198313392],"image-00085.jpg":[24.956780045353938,121.22361675598805],"image-00020.jpg":[24.955483671165105,121.22272475506693],"image-00069.jpg":[24.956314897426946,121.2234587070021],"image-00013.jpg":[24.955416632232154,121.2226390991162],"image-00080.jpg":[24.956645177032872,121.22357093204019],"image-00050.jpg":[24.955783315890343,121.22328877814654],"image-00066.jpg":[24.956224038087665,121.2234281586934],"image-00005.jpg":[24.955315492045425,121.22253061690878],"image-00040.jpg":[24.955532890089792,121.22310001235797],"image-00025.jpg":[24.95548777199862,121.2227945456689],"image-00019.jpg":[24.95547240024927,121.22271268337113],"image-00094.jpg":[24.95702591104531,121.22370230845956],"image-00098.jpg":[24.95712926913619,121.22373809207764],"image-00104.jpg":[24.95727333771819,121.22378747673912],"image-00054.jpg":[24.95588140297449,121.22332055358638],"image-00124.jpg":[24.957694323717114,121.22393487823936],"image-00001.jpg":[24.95527219107014,121.22248984675542],"image-00031.jpg":[24.95546639728652,121.22289821809218],"image-00078.jpg":[24.956587744193723,121.22355117391898],"image-00110.jpg":[24.957410506356403,121.22383511343389],"image-00059.jpg":[24.956017514164426,121.2233626239966],"image-00090.jpg":[24.956917674868354,121.22366414380053],"image-00123.jpg":[24.95767641975137,121.22392870733356],"image-00118.jpg":[24.957580202316684,121.22389463064013],"image-00043.jpg":[24.95559861062799,121.22316729776136],"image-00064.jpg":[24.95616351396978,121.22340865687488],"image-00075.jpg":[24.956498630276815,121.22352023242306],"image-00035.jpg":[24.95547470496601,121.22297528613716],"image-00010.jpg":[24.95538115083992,121.22259974133652],"image-00046.jpg":[24.955681386390683,121.22323883257582],"image-00114.jpg":[24.95749733316419,121.22386540655936],"image-00052.jpg":[24.955831176264155,121.22330460803164],"image-00099.jpg":[24.957154355130108,121.2237466427015],"image-00111.jpg":[24.957432676756113,121.2238428999768],"image-00112.jpg":[24.95745457784249,121.2238505845074],"image-00125.jpg":[24.957711789475614,121.22394111121079],"image-00083.jpg":[24.95672696221915,121.22359889841618],"image-00039.jpg":[24.955515915990986,121.22307324378754],"image-00062.jpg":[24.956104419873615,121.22338993842581],"image-00023.jpg":[24.955492286611033,121.22276754851391],"image-00105.jpg":[24.95729650721017,121.22379557645141],"image-00028.jpg":[24.95547411621273,121.22284640327763],"image-00120.jpg":[24.957620140093912,121.22390881962221],"image-00033.jpg":[24.95546757857292,121.22293552203804],"image-00002.jpg":[24.955274868159815,121.22249238418875],"image-00079.jpg":[24.956616894480707,121.22356116699734],"image-00027.jpg":[24.955477219531858,121.22282987485605],"image-00057.jpg":[24.955962467467288,121.22334530067857],"image-00096.jpg":[24.95707865011842,121.2237205968128],"image-00004.jpg":[24.95530079836394,121.22251682186241],"image-00109.jpg":[24.95738808111022,121.2238272089001],"image-00093.jpg":[24.95699919209975,121.22369289850342],"image-00106.jpg":[24.957320028819254,121.22380366510603],"image-00045.jpg":[24.955651199080325,121.2232173828576],"image-00016.jpg":[24.95544907545878,121.22267619316811],"image-00053.jpg":[24.95585585511166,121.22331268339099],"image-00103.jpg":[24.957249514121592,121.22377916901749],"image-00081.jpg":[24.956672871751568,121.22358031165845],"image-00061.jpg":[24.956075132433263,121.22338069889335],"image-00014.jpg":[24.95542788713444,121.22265185546432],"image-00012.jpg":[24.955405033403682,121.22262622746118],"image-00044.jpg":[24.955624353419886,121.22319306320861],"image-00116.jpg":[24.95753944674048,121.22388011788262],"image-00074.jpg":[24.95646851322822,121.2235101692411],"image-00119.jpg":[24.95760046458156,121.22390186215688],"image-00030.jpg":[24.955468048702922,121.22288017042072],"image-00073.jpg":[24.95643796695734,121.22349997716984],"image-00088.jpg":[24.956862763139398,121.2236449480611],"image-00049.jpg":[24.955759931455834,121.22328105261259],"image-00042.jpg":[24.955575937401147,121.22314083684492],"image-00055.jpg":[24.95590727523183,121.2233283407125],"image-00067.jpg":[24.956254163753854,121.22343810810986],"image-00024.jpg":[24.955491141483353,121.22277901233261],"image-00097.jpg":[24.95710387186442,121.22372937684281],"image-00086.jpg":[24.956807334871726,121.22362570378475],"image-00068.jpg":[24.956284518699242,121.22344834226251],"image-00018.jpg":[24.955465564177366,121.22270015134812],"image-00060.jpg":[24.956046002812872,121.22337154544634],"image-00007.jpg":[24.955342763712604,121.22255798515185],"image-00122.jpg":[24.957658097604376,121.223922232461],"image-00022.jpg":[24.955493371513125,121.22275002967635],"image-00015.jpg":[24.955438713791132,121.2226642256138],"image-00063.jpg":[24.956133956904395,121.22339915458741],"image-00100.jpg":[24.957178266670898,121.22375491989321],"image-00037.jpg":[24.95548951771446,121.22302150684808],"image-00115.jpg":[24.957517907115232,121.22387255383244],"image-00087.jpg":[24.9568350397509,121.22363536104065],"image-00011.jpg":[24.95539316152482,121.22261313754976],"image-00084.jpg":[24.956753405043855,121.22360782102035],"image-00091.jpg":[24.956945173030324,121.22367381538368],"image-00047.jpg":[24.955710869605007,121.22326136044174],"image-00038.jpg":[24.9555020378036,121.22304792503996],"image-00101.jpg":[24.95720250555623,121.22376324154888],"image-00017.jpg":[24.95545911042356,121.2226879329464],"image-00006.jpg":[24.95532934298105,121.22254434547776],"image-00072.jpg":[24.956406823014902,121.2234895757351],"image-00036.jpg":[24.955481196394068,121.22299799098073],"image-00056.jpg":[24.95593457369478,121.22333646037862],"image-00107.jpg":[24.95734313318126,121.22381160736032],"image-00003.jpg":[24.955285493631468,121.22250236132055],"image-00092.jpg":[24.956972229395774,121.22368354608622],"image-00121.jpg":[24.957639348807636,121.22391570413353],"image-00076.jpg":[24.95652868277518,121.22353064113341],"image-00041.jpg":[24.95555581223257,121.22311478013812],"image-00082.jpg":[24.956700154059682,121.22358962210976],"image-00032.jpg":[24.955465659346853,121.22291638503779],"image-00021.jpg":[24.955489912808382,121.22273867445261],"image-00108.jpg":[24.957365826578553,121.2238194899326],"image-00048.jpg":[24.95573763175708,121.22327321689855],"image-00026.jpg":[24.95548138099507,121.2228157667885],"image-00065.jpg":[24.9561938225115,121.2234183256635],"image-00089.jpg":[24.95689035719697,121.22365457541972],"image-00029.jpg":[24.955470698361843,121.22286310355884],"image-00071.jpg":[24.956375866911987,121.22347929686002],"image-00009.jpg":[24.955368550861976,121.22258581074067],"image-00113.jpg":[24.957476322345446,121.22385806986645],"image-00051.jpg":[24.95580692902909,121.22329672792887]}