{
    "image-00031.jpg": {
        "24.956183,121.237381": [
            65023.0, 
            65535.0, 
            66055.0, 
            66074.0, 
            60444.0, 
            60444.0, 
            60444.0, 
            66076.0, 
            66590.0, 
            66590.0, 
            66590.0, 
            67102.0, 
            67102.0, 
            66591.0, 
            66081.0, 
            66081.0, 
            68131.0, 
            68131.0, 
            68132.0, 
            68132.0, 
            57389.0, 
            65069.0, 
            65069.0, 
            59422.0, 
            63006.0, 
            67068.0, 
            66068.0, 
            64532.0, 
            65044.0, 
            66058.0, 
            65034.0, 
            60949.0, 
            68095.0, 
            64021.0, 
            61963.0, 
            58390.0, 
            67083.0, 
            64523.0, 
            65035.0, 
            63511.0, 
            61975.0, 
            62999.0, 
            61965.0, 
            63518.0, 
            64030.0, 
            65549.0, 
            62488.0, 
            67074.0, 
            68098.0, 
            68621.0, 
            60449.0, 
            61473.0, 
            61966.0, 
            67610.0, 
            64527.0, 
            65551.0, 
            67076.0, 
            57891.0, 
            55332.0, 
            55333.0, 
            62458.0, 
            55324.0, 
            59420.0, 
            68125.0, 
            73757.0, 
            64507.0, 
            66066.0, 
            63506.0, 
            65042.0, 
            62994.0
        ]
    }, 
    "image-00065.jpg": {
        "24.956123,121.237194": [
            61434.0, 
            59915.0, 
            59915.0, 
            61965.0, 
            62477.0, 
            59918.0, 
            59918.0, 
            58896.0, 
            58896.0, 
            59919.0, 
            59919.0, 
            60431.0, 
            60431.0, 
            60431.0, 
            64015.0, 
            64015.0, 
            65039.0, 
            65551.0, 
            60433.0, 
            60433.0, 
            60433.0, 
            64529.0, 
            64529.0, 
            65041.0, 
            65041.0, 
            58386.0, 
            58386.0, 
            58386.0, 
            58898.0, 
            58898.0, 
            58898.0, 
            64530.0, 
            65042.0, 
            65042.0, 
            65554.0, 
            65554.0, 
            65554.0, 
            65554.0, 
            59923.0, 
            59923.0, 
            64531.0, 
            64531.0, 
            58388.0, 
            58388.0, 
            58388.0, 
            65044.0, 
            66068.0, 
            66068.0, 
            58390.0, 
            58390.0, 
            58391.0, 
            58391.0, 
            59927.0, 
            60439.0
        ]
    }, 
    "image-00071.jpg": {
        "24.956033,121.236913": [
            61945.0, 
            66045.0, 
            66045.0, 
            57306.0, 
            57306.0, 
            57308.0, 
            57308.0, 
            58333.0, 
            56798.0, 
            53780.0, 
            56856.0, 
            66589.0, 
            66589.0, 
            64030.0, 
            61473.0, 
            61473.0, 
            62497.0, 
            62497.0, 
            62497.0, 
            64033.0, 
            64033.0, 
            66593.0, 
            66593.0, 
            64034.0, 
            64034.0, 
            64034.0, 
            61987.0, 
            61987.0, 
            61987.0, 
            68135.0, 
            68135.0, 
            68135.0, 
            64040.0, 
            55254.0, 
            67057.0, 
            56280.0, 
            56792.0, 
            66548.0, 
            66548.0, 
            66038.0, 
            66038.0, 
            53801.0, 
            61459.0, 
            64998.0, 
            58925.0, 
            54830.0, 
            57819.0, 
            59440.0, 
            57393.0, 
            54295.0, 
            55319.0, 
            53783.0, 
            61463.0, 
            64542.0, 
            65054.0, 
            65566.0, 
            68126.0, 
            54296.0, 
            55320.0, 
            53784.0, 
            65055.0, 
            65567.0, 
            55329.0, 
            54298.0, 
            55322.0, 
            58915.0, 
            64036.0, 
            65573.0, 
            60433.0, 
            58385.0, 
            61457.0, 
            62501.0, 
            57306.0, 
            54822.0, 
            68134.0, 
            64039.0, 
            65575.0, 
            63015.0, 
            55825.0, 
            60957.0, 
            53800.0, 
            64040.0
        ]
    }, 
    "image-00118.jpg": {
        "24.955930,121.236596": [
            58871.0, 
            64503.0, 
            64503.0, 
            66551.0, 
            61946.0, 
            61948.0, 
            62461.0, 
            65021.0, 
            64531.0, 
            64531.0, 
            65043.0, 
            65046.0, 
            66071.0, 
            66583.0, 
            66583.0, 
            67095.0, 
            66072.0, 
            66072.0, 
            65561.0, 
            66585.0, 
            66585.0, 
            66075.0, 
            66587.0, 
            66587.0, 
            70683.0, 
            66076.0, 
            66077.0, 
            66077.0, 
            66078.0, 
            62495.0, 
            66079.0, 
            66079.0, 
            69151.0, 
            64502.0, 
            66038.0
        ]
    },