{"image-00070.jpg":[24.165684138818566,120.67374798744275],"image-00095.jpg":[24.16641267247642,120.67351074042645],"image-00034.jpg":[24.165257817060773,120.67410848672218],"image-00102.jpg":[24.166614030050553,120.67344990976133],"image-00077.jpg":[24.165853241679777,120.67367284559654],"image-00058.jpg":[24.165448637866124,120.67384386028729],"image-00117.jpg":[24.167027182888503,120.67331874963114],"image-00008.jpg":[24.16521836644073,120.67432047635228],"image-00085.jpg":[24.166094730652514,120.673604283783],"image-00020.jpg":[24.165305366228154,120.67421857592353],"image-00069.jpg":[24.16566551836376,120.67375947173204],"image-00013.jpg":[24.16525469007901,120.67427939967574],"image-00080.jpg":[24.16594197244443,120.6736477620411],"image-00050.jpg":[24.16527318200363,120.67390291632991],"image-00066.jpg":[24.16560871940829,120.67378541960056],"image-00005.jpg":[24.1651957284418,120.67434636924254],"image-00040.jpg":[24.165225280021694,120.674038897842],"image-00025.jpg":[24.165302446058245,120.67418014481288],"image-00019.jpg":[24.16530063087012,120.67422709023795],"image-00094.jpg":[24.166383189169657,120.6735200801566],"image-00098.jpg":[24.166500457240282,120.67348391983697],"image-00104.jpg":[24.16667175563116,120.67343272717412],"image-00054.jpg":[24.16536261366797,120.67387245224667],"image-00124.jpg":[24.16722168276867,120.6732568104224],"image-00001.jpg":[24.16517237157084,120.67437188415161],"image-00031.jpg":[24.1652805619671,120.6741316250677],"image-00078.jpg":[24.16588167791403,120.67366393037614],"image-00110.jpg":[24.166841298876747,120.67338204922821],"image-00059.jpg":[24.16547001480407,120.67383659875546],"image-00090.jpg":[24.166257309852558,120.67355798698767],"image-00123.jpg":[24.16719385201906,120.67326562351076],"image-00118.jpg":[24.1670546006145,120.67330988021595],"image-00043.jpg":[24.165209334475986,120.67399114575687],"image-00064.jpg":[24.16557058667524,120.6738006672654],"image-00075.jpg":[24.16579847268571,120.67369155662962],"image-00035.jpg":[24.165255046852764,120.67409939483093],"image-00010.jpg":[24.165232991202043,120.67430396298109],"image-00046.jpg":[24.165176790547402,120.67393829673996],"image-00114.jpg":[24.16694441989524,120.67334524317533],"image-00052.jpg":[24.16532064440841,120.6738877206011],"image-00099.jpg":[24.166529221037457,120.67347535207577],"image-00111.jpg":[24.166867617342568,120.67337304699184],"image-00112.jpg":[24.16689310972677,120.6733637097152],"image-00125.jpg":[24.16724943982955,120.67324814555826],"image-00083.jpg":[24.166034201921587,120.67362282071119],"image-00039.jpg":[24.165230748603083,120.67405337384275],"image-00062.jpg":[24.165531439919967,120.67381502206689],"image-00023.jpg":[24.165311011062805,120.6741950636068],"image-00105.jpg":[24.166700592391297,120.67342427607676],"image-00028.jpg":[24.165294722437462,120.6741547029732],"image-00120.jpg":[24.167110036396465,120.67329204880781],"image-00033.jpg":[24.165264348698408,120.67411732666721],"image-00002.jpg":[24.165173608778584,120.67437034435818],"image-00079.jpg":[24.16591153180219,120.67365555797537],"image-00027.jpg":[24.165296323462563,120.67416400844985],"image-00057.jpg":[24.16542704937997,120.67385118395359],"image-00096.jpg":[24.16644220673446,120.67350181400097],"image-00004.jpg":[24.165187089969212,120.67435547672676],"image-00109.jpg":[24.16681382577512,120.67339087338115],"image-00093.jpg":[24.166352779905047,120.67352937688301],"image-00106.jpg":[24.166729822145214,120.67341541660427],"image-00045.jpg":[24.165181828992566,120.6739566690767],"image-00016.jpg":[24.165277320519646,120.6742547582922],"image-00053.jpg":[24.16534266422445,120.67387996314895],"image-00103.jpg":[24.166642232416695,120.67344134945805],"image-00081.jpg":[24.165973226830516,120.67364000131457],"image-00061.jpg":[24.16551148168553,120.67382209352664],"image-00014.jpg":[24.16526255141349,120.67427117260833],"image-00012.jpg":[24.165248338603018,120.67428743029785],"image-00044.jpg":[24.16519299853138,120.67397485263591],"image-00116.jpg":[24.16700009143346,120.67332790286717],"image-00074.jpg":[24.16577240448627,120.67370142575189],"image-00119.jpg":[24.167082148589724,120.67330094059257],"image-00030.jpg":[24.16528586142544,120.67413776827325],"image-00073.jpg":[24.165747857202433,120.67371166041497],"image-00088.jpg":[24.166193880964986,120.67357722901119],"image-00049.jpg":[24.16524877250269,120.67391115395577],"image-00042.jpg":[24.165216301230014,120.67400909383456],"image-00055.jpg":[24.165383712241756,120.67386499377079],"image-00067.jpg":[24.165628404515225,120.67377777448985],"image-00024.jpg":[24.165306964516688,120.67418781124297],"image-00097.jpg":[24.166471627272692,120.67349281058168],"image-00086.jpg":[24.166128468603322,120.67359569303662],"image-00068.jpg":[24.165646997907388,120.67376888144733],"image-00018.jpg":[24.165293346876798,120.67423640528418],"image-00060.jpg":[24.165490825991725,120.67382944314718],"image-00007.jpg":[24.16521088758092,120.6743289687671],"image-00122.jpg":[24.16716518765519,120.67327432517877],"image-00022.jpg":[24.165311234486825,120.6742025471396],"image-00015.jpg":[24.165270410732774,120.6742631039167],"image-00063.jpg":[24.165550797644414,120.67380798854711],"image-00100.jpg":[24.166557619039267,120.67346684061152],"image-00037.jpg":[24.16524493903483,120.67407921809598],"image-00115.jpg":[24.166972099667067,120.67333655916445],"image-00087.jpg":[24.166160661995505,120.67358633813423],"image-00011.jpg":[24.165240056359917,120.67429601227145],"image-00084.jpg":[24.166063868489207,120.67361357384985],"image-00091.jpg":[24.16628882098284,120.6735481861262],"image-00047.jpg":[24.165204869434344,120.67392949768573],"image-00038.jpg":[24.16523873037705,120.67406728715784],"image-00101.jpg":[24.166585769997855,120.67345825332602],"image-00017.jpg":[24.165286048914115,120.67424576763212],"image-00006.jpg":[24.16520327661518,120.67433754857883],"image-00072.jpg":[24.165724370092494,120.67372405505964],"image-00036.jpg":[24.165253058937505,120.67409004534056],"image-00056.jpg":[24.16540555178909,120.67385820176159],"image-00107.jpg":[24.16675846752536,120.67340761235025],"image-00003.jpg":[24.165177842005672,120.67436454971471],"image-00092.jpg":[24.166321546334267,120.67353878689944],"image-00121.jpg":[24.167137296882427,120.67328329347399],"image-00076.jpg":[24.165825470664668,120.67368215630795],"image-00041.jpg":[24.165222825354334,120.67402388851713],"image-00082.jpg":[24.166003626770646,120.6736317480148],"image-00032.jpg":[24.165269683345265,120.67412508184177],"image-00021.jpg":[24.16530896353561,120.6742101815586],"image-00108.jpg":[24.16678653069769,120.6733994224443],"image-00048.jpg":[24.1652250705912,120.67391976577704],"image-00026.jpg":[24.165300311449908,120.67417222207001],"image-00065.jpg":[24.16558932514597,120.6737928475354],"image-00089.jpg":[24.166226266063187,120.6735676515776],"image-00029.jpg":[24.165290703388404,120.67414594880178],"image-00071.jpg":[24.16570324766439,120.6737358989592],"image-00009.jpg":[24.165225859332292,120.67431215952698],"image-00113.jpg":[24.16691969188009,120.67335513632943],"image-00051.jpg":[24.165296966632972,120.67389527200122]}