{"image-00070.jpg":[24.16569337466982,120.67376807557523],"image-00095.jpg":[24.166417468867284,120.67351623235047],"image-00034.jpg":[24.165255757835173,120.67414147673995],"image-00102.jpg":[24.16661713540046,120.6734512114809],"image-00077.jpg":[24.16586321789771,120.67368991698777],"image-00058.jpg":[24.165457617767526,120.67386831374495],"image-00117.jpg":[24.167027303438495,120.67331145938658],"image-00008.jpg":[24.16520045546433,120.67435277891526],"image-00085.jpg":[24.166102298991483,120.67361626002511],"image-00020.jpg":[24.165292479238534,120.67424909736224],"image-00069.jpg":[24.165674619423736,120.67378017621175],"image-00013.jpg":[24.165238729791138,120.67431090546924],"image-00080.jpg":[24.165951083492143,120.67366300279983],"image-00050.jpg":[24.165282930346127,120.67393065325108],"image-00066.jpg":[24.165617498261284,120.67380710783573],"image-00005.jpg":[24.165176608226027,120.67437921124213],"image-00040.jpg":[24.16522933883166,120.67407229858809],"image-00025.jpg":[24.165293089147013,120.67421151001435],"image-00019.jpg":[24.16528722105197,120.6742576723305],"image-00094.jpg":[24.166388189013965,120.67352616868772],"image-00098.jpg":[24.166504551789377,120.67348760379863],"image-00104.jpg":[24.16667433010606,120.67343278784918],"image-00054.jpg":[24.165371935708144,120.67389842273433],"image-00124.jpg":[24.167220504238028,120.67324561199436],"image-00001.jpg":[24.165152031970695,120.67440518893272],"image-00031.jpg":[24.165275864313376,120.67416388550419],"image-00078.jpg":[24.16589146830056,120.6736804523895],"image-00110.jpg":[24.16684242240789,120.6733786026618],"image-00059.jpg":[24.165478925863273,120.6738606816782],"image-00090.jpg":[24.166263331588414,120.67356662857773],"image-00123.jpg":[24.16719286310269,120.67325498423875],"image-00118.jpg":[24.167054549726206,120.67330204086136],"image-00043.jpg":[24.165216074598383,120.67402272759202],"image-00064.jpg":[24.165579259676246,120.67382293480784],"image-00075.jpg":[24.16580865600293,120.67370963530755],"image-00035.jpg":[24.165253930346932,120.67413269121343],"image-00010.jpg":[24.1652158785648,120.67433596692871],"image-00046.jpg":[24.1651868706062,120.67396803512486],"image-00114.jpg":[24.166945164434782,120.67333973788679],"image-00052.jpg":[24.165330114819216,120.67391455295689],"image-00099.jpg":[24.1665330461254,120.67347840959704],"image-00111.jpg":[24.16686861072199,120.6733690694027],"image-00112.jpg":[24.16689404989155,120.67335925664005],"image-00125.jpg":[24.167248079391268,120.67323641436818],"image-00083.jpg":[24.16604226776297,120.67363606882193],"image-00039.jpg":[24.165233864040005,120.67408714743436],"image-00062.jpg":[24.165540126568914,120.67383791995934],"image-00023.jpg":[24.165299951557195,120.67422579784431],"image-00105.jpg":[24.166702846137298,120.67342364883173],"image-00028.jpg":[24.16528809622656,120.67418706470148],"image-00120.jpg":[24.16710958504475,120.67328303029863],"image-00033.jpg":[24.165261375334858,120.67415012215965],"image-00002.jpg":[24.16515333958484,120.67440361198055],"image-00079.jpg":[24.165921020487023,120.67367145581069],"image-00027.jpg":[24.1652889140922,120.67419629606067],"image-00057.jpg":[24.165436090807546,120.67387599856215],"image-00096.jpg":[24.16644675981518,120.67350669792235],"image-00004.jpg":[24.165167564054357,120.67438852025367],"image-00109.jpg":[24.166815048806043,120.67338786188574],"image-00093.jpg":[24.16635802436843,120.67353609460883],"image-00106.jpg":[24.166731870501202,120.67341423769494],"image-00045.jpg":[24.16519090321954,120.6739871173277],"image-00016.jpg":[24.165262564288472,120.67428585854019],"image-00053.jpg":[24.165352035424362,120.67390634009371],"image-00103.jpg":[24.166645115566656,120.67344208161612],"image-00081.jpg":[24.165981955251,120.67365460266204],"image-00061.jpg":[24.16552023621238,120.67384537581765],"image-00014.jpg":[24.16524697500422,120.67430252386147],"image-00012.jpg":[24.165231949244504,120.6743190400573],"image-00044.jpg":[24.165200936883675,120.6740059542854],"image-00116.jpg":[24.167000433113504,120.67332127660109],"image-00074.jpg":[24.165782586791906,120.67371994422801],"image-00119.jpg":[24.1670818954301,120.67329250149135],"image-00030.jpg":[24.165280482080693,120.67416984391036],"image-00073.jpg":[24.165757973295147,120.67373060218809],"image-00088.jpg":[24.166200391603464,120.67358713419706],"image-00049.jpg":[24.165258615975276,120.67393933254233],"image-00042.jpg":[24.165221731473757,120.67404093324873],"image-00055.jpg":[24.16539296263948,120.67389055999298],"image-00067.jpg":[24.16563717771649,120.67379909920709],"image-00024.jpg":[24.165296849903545,120.67421903039697],"image-00097.jpg":[24.166475939576117,120.67349707860859],"image-00086.jpg":[24.166135657822608,120.67360700555568],"image-00068.jpg":[24.165655858105637,120.6737898113193],"image-00018.jpg":[24.165279482566177,120.67426717468621],"image-00060.jpg":[24.165499652600055,120.67385312952425],"image-00007.jpg":[24.165192582118085,120.67436145002512],"image-00122.jpg":[24.167164340779646,120.6732641397208],"image-00022.jpg":[24.165299437388036,120.67423303310937],"image-00015.jpg":[24.165255232205467,120.6742943394479],"image-00063.jpg":[24.16555948604846,120.67383059478567],"image-00100.jpg":[24.16656119856117,120.67346930427344],"image-00037.jpg":[24.165245977213473,120.67411318505175],"image-00115.jpg":[24.166972685436377,120.67333055150024],"image-00087.jpg":[24.16616749895474,120.6735969003688],"image-00011.jpg":[24.165223357032502,120.6743279162925],"image-00084.jpg":[24.166071736713963,120.6736262493493],"image-00091.jpg":[24.16629462333343,120.67355620771218],"image-00047.jpg":[24.165214713644126,120.67395861582528],"image-00038.jpg":[24.1652407666534,120.67410123221337],"image-00101.jpg":[24.166589126296405,120.67346014150448],"image-00017.jpg":[24.165271713889084,120.67427670510338],"image-00006.jpg":[24.165184560461107,120.67437019079259],"image-00072.jpg":[24.165734319849708,120.67374354281631],"image-00036.jpg":[24.165252785334665,120.6741234900715],"image-00056.jpg":[24.165414698704094,120.67388341090779],"image-00107.jpg":[24.16676015122981,120.6734057482186],"image-00003.jpg":[24.165157928308783,120.6743978018034],"image-00092.jpg":[24.166327043540687,120.6735461373897],"image-00121.jpg":[24.167136675037575,120.67327373611089],"image-00076.jpg":[24.165835588361933,120.67369977289874],"image-00041.jpg":[24.165227609481754,120.6740566084468],"image-00082.jpg":[24.166011974755843,120.67364563522568],"image-00032.jpg":[24.165265813139282,120.67415755464238],"image-00021.jpg":[24.16529662646535,120.67424066685956],"image-00108.jpg":[24.166787968747894,120.67339699206411],"image-00048.jpg":[24.16523498860044,120.6739484160382],"image-00026.jpg":[24.165291927878016,120.6742040883786],"image-00065.jpg":[24.165598073440922,120.6738148281317],"image-00089.jpg":[24.1662324630355,120.6735768439064],"image-00029.jpg":[24.165284654049277,120.67417807609817],"image-00071.jpg":[24.165712875812236,120.67375569970818],"image-00009.jpg":[24.165208345552657,120.67434430770719],"image-00113.jpg":[24.166920433242332,120.67335010510229],"image-00051.jpg":[24.165306550842526,120.67392251515878]}