{"image-00070.jpg":[24.16568774337536,120.67376517642026],"image-00095.jpg":[24.16641488809318,120.67351362548581],"image-00034.jpg":[24.165230130610478,120.67412556172366],"image-00102.jpg":[24.166615108718965,120.67344868597101],"image-00077.jpg":[24.16585963478752,120.67368740256487],"image-00058.jpg":[24.16544971901958,120.67386501526566],"image-00117.jpg":[24.16702688228716,120.67330932430883],"image-00008.jpg":[24.16516047916838,120.67433126839637],"image-00085.jpg":[24.166099082627856,120.67361376127315],"image-00020.jpg":[24.165258342710665,120.67423032825434],"image-00069.jpg":[24.165668409710612,120.6737768045308],"image-00013.jpg":[24.165201104139786,120.67429054504377],"image-00080.jpg":[24.165947610369894,120.6736604443877],"image-00050.jpg":[24.165274247945206,120.67392747089833],"image-00066.jpg":[24.165610559885558,120.67380361386097],"image-00005.jpg":[24.165135127928963,120.67435692599693],"image-00040.jpg":[24.16520962380379,120.67405954084825],"image-00025.jpg":[24.165261546521133,120.67419329855502],"image-00019.jpg":[24.16525256103241,120.67423868661294],"image-00094.jpg":[24.1663855018194,120.67352355294346],"image-00098.jpg":[24.166502227299745,120.67348502250164],"image-00104.jpg":[24.166672459286193,120.67343032032352],"image-00054.jpg":[24.165363717098366,120.67389529685683],"image-00124.jpg":[24.167220798076542,120.67324351672923],"image-00001.jpg":[24.16510912681949,120.67438225142715],"image-00031.jpg":[24.16524817578255,120.67414717595021],"image-00078.jpg":[24.165887970446605,120.67367791440924],"image-00110.jpg":[24.166840969480752,120.67337616090524],"image-00059.jpg":[24.165471115611602,120.6738573388528],"image-00090.jpg":[24.166260333827807,120.67356403978508],"image-00123.jpg":[24.16719305835036,120.6732528851459],"image-00118.jpg":[24.16705423888834,120.67329991440215],"image-00043.jpg":[24.165201084806668,120.67401424306544],"image-00064.jpg":[24.16557202609862,120.67381952705928],"image-00075.jpg":[24.1658048148871,120.67370716663267],"image-00035.jpg":[24.165228932074026,120.67411685990706],"image-00010.jpg":[24.165176837885216,120.67431489405222],"image-00046.jpg":[24.1651774600371,120.67396459193748],"image-00114.jpg":[24.166944379635204,120.67333744616849],"image-00052.jpg":[24.165321593153156,120.67391132903427],"image-00099.jpg":[24.1665308029879,120.6734758662977],"image-00111.jpg":[24.16686730152432,120.67336665794869],"image-00112.jpg":[24.166892910068498,120.67335685396688],"image-00125.jpg":[24.1672484522374,120.6732342908769],"image-00083.jpg":[24.166038861235517,120.67363352294677],"image-00039.jpg":[24.165212770771447,120.67407327023766],"image-00062.jpg":[24.165532671923103,120.67383460838087],"image-00023.jpg":[24.165267315824398,120.67420745595318],"image-00105.jpg":[24.166701070764436,120.673421280544],"image-00028.jpg":[24.165258256645135,120.67416893274594],"image-00120.jpg":[24.167109517509196,120.67328099370657],"image-00033.jpg":[24.165234987187855,120.6741338829143],"image-00002.jpg":[24.165110528981575,120.67438072981267],"image-00079.jpg":[24.16591755798959,120.67366890971743],"image-00027.jpg":[24.165258368840075,120.67417785529898],"image-00057.jpg":[24.165428108673378,120.67387275963662],"image-00096.jpg":[24.166444257952733,120.67350409584913],"image-00004.jpg":[24.16512556895724,120.67436597214444],"image-00109.jpg":[24.16681353648581,120.67338554097657],"image-00093.jpg":[24.166355246785347,120.67353346658592],"image-00106.jpg":[24.16673015488241,120.67341181974453],"image-00045.jpg":[24.16517970135989,120.67398205570942],"image-00016.jpg":[24.165226295964853,120.67426607986043],"image-00053.jpg":[24.165343655258393,120.6739031619934],"image-00103.jpg":[24.166643162491678,120.6734395498226],"image-00081.jpg":[24.165978438926448,120.67365198386162],"image-00061.jpg":[24.165512661772027,120.67384205259424],"image-00014.jpg":[24.165209801668645,120.67428236856097],"image-00012.jpg":[24.165193863884852,120.67429848687232],"image-00044.jpg":[24.165187808464747,120.67399913791057],"image-00116.jpg":[24.166999825079348,120.67331898479905],"image-00074.jpg":[24.165778567366758,120.67371750622581],"image-00119.jpg":[24.167081716891023,120.67329043776192],"image-00030.jpg":[24.16525226343086,120.6741529383556],"image-00073.jpg":[24.165753712403102,120.6737281488613],"image-00088.jpg":[24.16619723608356,120.67358457911389],"image-00049.jpg":[24.16524982904174,120.67393618227273],"image-00042.jpg":[24.165205110198567,120.67403128063098],"image-00055.jpg":[24.165384868562256,120.6738874434951],"image-00067.jpg":[24.16563040095189,120.67379562374168],"image-00024.jpg":[24.16526467039425,120.67420055114509],"image-00097.jpg":[24.16647352871482,120.67349449664484],"image-00086.jpg":[24.16613239996403,120.67360442006961],"image-00068.jpg":[24.165649378847366,120.67378647076168],"image-00018.jpg":[24.16524426006251,120.674247888888],"image-00060.jpg":[24.16549194935182,120.6738497862157],"image-00007.jpg":[24.165152113337474,120.67433968526531],"image-00122.jpg":[24.167164511606533,120.67326218514668],"image-00022.jpg":[24.165266340110996,120.67421468695605],"image-00015.jpg":[24.165218483830515,120.6742743407226],"image-00063.jpg":[24.165552127822288,120.67382721115833],"image-00100.jpg":[24.166559029718865,120.6734667732049],"image-00037.jpg":[24.165222489602698,120.67409768256107],"image-00115.jpg":[24.166971970979834,120.6733282012773],"image-00087.jpg":[24.16616433458464,120.67359440322215],"image-00011.jpg":[24.16518474847239,120.67430700489385],"image-00084.jpg":[24.166068414897172,120.6736236763442],"image-00091.jpg":[24.166291718748102,120.67355360236519],"image-00047.jpg":[24.165205418335084,120.67395523514602],"image-00038.jpg":[24.16521834760591,120.67408639414353],"image-00101.jpg":[24.166587036896242,120.67345761339521],"image-00017.jpg":[24.165235933543585,120.67425713923365],"image-00006.jpg":[24.165143603572027,120.67434819265134],"image-00072.jpg":[24.165729577934247,120.67374082487312],"image-00036.jpg":[24.16522847691525,120.6741079001333],"image-00056.jpg":[24.165406639865658,120.67388020268444],"image-00107.jpg":[24.166758487331027,120.67340340951587],"image-00003.jpg":[24.16511543523902,120.6743750047413],"image-00092.jpg":[24.16632418885457,120.6735435166757],"image-00121.jpg":[24.16713670962213,120.67327169794696],"image-00076.jpg":[24.16583187365832,120.67369725002497],"image-00041.jpg":[24.165209351919266,120.6740452286431],"image-00082.jpg":[24.166008505911634,120.6736430850651],"image-00032.jpg":[24.165238829868123,120.67414121216274],"image-00021.jpg":[24.165263026575776,120.6742221210872],"image-00108.jpg":[24.166786353532192,120.67339463466882],"image-00048.jpg":[24.1652260374,120.67394522742877],"image-00026.jpg":[24.165260831043756,120.67418568185556],"image-00065.jpg":[24.16559101011364,120.67381139236608],"image-00089.jpg":[24.166229397040155,120.67357433744965],"image-00029.jpg":[24.165255671535444,120.67416065488825],"image-00071.jpg":[24.165707721373288,120.6737529151952],"image-00009.jpg":[24.16516883850957,120.67432301774242],"image-00113.jpg":[24.16691941693228,120.67334776042163],"image-00051.jpg":[24.165297967490346,120.67391935773516]}