{
    "image-00123.jpg": {
        "23.013135,120.229807": [
            67318.0, 
            66266.0, 
            67290.0, 
            59141.0, 
            60677.0, 
            59144.0, 
            60168.0, 
            61192.0, 
            62216.0, 
            63240.0, 
            64776.0, 
            57102.0, 
            58638.0, 
            60174.0, 
            61198.0, 
            62734.0, 
            63758.0, 
            66318.0, 
            64735.0, 
            62736.0, 
            63760.0, 
            64784.0, 
            66320.0, 
            57105.0, 
            56081.0, 
            66783.0, 
            57619.0, 
            58643.0, 
            60179.0, 
            61203.0, 
            62227.0, 
            63763.0, 
            60128.0, 
            55060.0, 
            63766.0, 
            57622.0, 
            58646.0, 
            60182.0, 
            56086.0, 
            64281.0, 
            59161.0, 
            55065.0, 
            56601.0, 
            66786.0, 
            66843.0, 
            60188.0, 
            58140.0, 
            56604.0, 
            65310.0, 
            58143.0, 
            57119.0, 
            64289.0, 
            59170.0, 
            60706.0, 
            66788.0, 
            72998.0, 
            65255.0, 
            66261.0, 
            65257.0, 
            66281.0, 
            63726.0, 
            64750.0, 
            62193.0, 
            63729.0, 
            64753.0, 
            66263.0, 
            62707.0, 
            63731.0, 
            64755.0, 
            66804.0, 
            66323.0, 
            67347.0
        ]
    }, 
    "image-00118.jpg": {
        "23.013128,120.229704": [
            60420.0, 
            62482.0, 
            64023.0, 
            62488.0, 
            64537.0, 
            60954.0, 
            61978.0, 
            66078.0, 
            67102.0, 
            63985.0, 
            64042.0, 
            67580.0, 
            62506.0, 
            68627.0, 
            59947.0, 
            61483.0, 
            58865.0, 
            57841.0, 
            63020.0, 
            61484.0, 
            60908.0, 
            64492.0, 
            63468.0, 
            61486.0, 
            59438.0, 
            65582.0, 
            63535.0, 
            64048.0, 
            66029.0, 
            66024.0, 
            63469.0, 
            66536.0, 
            64494.0, 
            65006.0, 
            63990.0, 
            65014.0, 
            63518.0, 
            68120.0, 
            61982.0, 
            67615.0, 
            61928.0, 
            66030.0, 
            66079.0, 
            67103.0, 
            63520.0, 
            64544.0, 
            61984.0, 
            62456.0, 
            61923.0, 
            59425.0, 
            69153.0, 
            58913.0, 
            69146.0, 
            68600.0, 
            66586.0, 
            65050.0, 
            68089.0, 
            68642.0, 
            63471.0, 
            63989.0, 
            66083.0, 
            56867.0, 
            65571.0, 
            64035.0, 
            61988.0, 
            67065.0, 
            58916.0, 
            68132.0, 
            64495.0, 
            65007.0, 
            64549.0, 
            65573.0, 
            64037.0, 
            63013.0, 
            66076.0, 
            67100.0, 
            68133.0, 
            61477.0, 
            66086.0, 
            58918.0, 
            63516.0, 
            64540.0, 
            62492.0, 
            65052.0, 
            64550.0, 
            65574.0, 
            63995.0, 
            65019.0, 
            63015.0, 
            60957.0, 
            65003.0, 
            61931.0, 
            63506.0, 
            64018.0, 
            65042.0, 
            70685.0, 
            56360.0, 
            66600.0
        ]
    }, 
    "image-00110.jpg": {
        "23.013070,120.229488": [
            63482.0, 
            67090.0, 
            67090.0, 
            67090.0, 
            65043.0, 
            65043.0, 
            64532.0, 
            64532.0, 
            66580.0, 
            66580.0, 
            66580.0, 
            67092.0, 
            67092.0, 
            66071.0, 
            66071.0, 
            66071.0, 
            66071.0, 
            64508.0, 
            61459.0, 
            64521.0, 
            67092.0, 
            62484.0, 
            68116.0, 
            64533.0, 
            66058.0, 
            64010.0, 
            64522.0, 
            66070.0, 
            64012.0, 
            65036.0, 
            68110.0, 
            64015.0, 
            59399.0
        ]
    }, 
    "image-00102.jpg": {
        "23.013098,120.229592": [
            66042.0, 
            61938.0, 
            62961.0, 
            67069.0, 
            61448.0, 
            67092.0, 
            68116.0, 
            68606.0, 
            59402.0, 
            65558.0, 
            58354.0, 
            62999.0, 
            63512.0, 
            65560.0, 
            67055.0, 
            65039.0, 
            64027.0, 
            65051.0, 
            62970.0, 
            66037.0, 
            58909.0
        ]
    }
}