{"image-00070.jpg":[25.034316424692094,121.57541191990751],"image-00095.jpg":[25.03431670966891,121.5754120427411],"image-00034.jpg":[25.034395229438786,121.57550612068044],"image-00102.jpg":[25.034316740086012,121.57541208274615],"image-00077.jpg":[25.034316559445877,121.57541186406284],"image-00058.jpg":[25.034318719872083,121.57541465957004],"image-00117.jpg":[25.034316830386786,121.57541216380241],"image-00008.jpg":[25.03454092001716,121.57573096366599],"image-00085.jpg":[25.034316633800394,121.57541207568912],"image-00020.jpg":[25.034467050270916,121.5756089110759],"image-00069.jpg":[25.034316402814532,121.57541197975192],"image-00013.jpg":[25.034510959666026,121.57567649182641],"image-00080.jpg":[25.034316615276644,121.57541199276051],"image-00050.jpg":[25.03433737351748,121.57543390509608],"image-00066.jpg":[25.03431628860605,121.57541226165435],"image-00005.jpg":[25.0345626565781,121.57576942800458],"image-00040.jpg":[25.034371774452552,121.57547104001574],"image-00025.jpg":[25.034437913702206,121.57556674744407],"image-00019.jpg":[25.034473471234808,121.57561802729592],"image-00094.jpg":[25.034316681744038,121.5754120636141],"image-00098.jpg":[25.03431674920138,121.57541203868752],"image-00104.jpg":[25.034316736887916,121.57541207567968],"image-00054.jpg":[25.034325613214712,121.57542243251703],"image-00124.jpg":[25.034316891033072,121.5754120852257],"image-00001.jpg":[25.03458490620535,121.57580668547008],"image-00031.jpg":[25.034407639871368,121.57552371057628],"image-00078.jpg":[25.034316562960917,121.57541192737843],"image-00059.jpg":[25.034317670701842,121.57541349668207],"image-00110.jpg":[25.034316789855268,121.57541208204168],"image-00090.jpg":[25.03431664244942,121.57541208719319],"image-00123.jpg":[25.034316894986038,121.57541207649199],"image-00118.jpg":[25.034316862711083,121.57541213474903],"image-00043.jpg":[25.03436199297686,121.57545746481844],"image-00064.jpg":[25.034315897404234,121.57541284256695],"image-00075.jpg":[25.03431659118278,121.57541176977278],"image-00035.jpg":[25.034391086855425,121.57549999018349],"image-00010.jpg":[25.034529052755552,121.57570919992415],"image-00046.jpg":[25.03435161418457,121.57544598149755],"image-00114.jpg":[25.034316752349927,121.57541220404275],"image-00052.jpg":[25.03433092587587,121.57542806052788],"image-00099.jpg":[25.034316741202275,121.5754120689343],"image-00111.jpg":[25.034316777287405,121.57541209480365],"image-00112.jpg":[25.034316766496634,121.57541213487022],"image-00125.jpg":[25.034316885631448,121.575412058996],"image-00083.jpg":[25.03431661722194,121.57541208118666],"image-00039.jpg":[25.034375422072337,121.57547658469794],"image-00062.jpg":[25.034315711930322,121.57541288269667],"image-00023.jpg":[25.034448487484482,121.57558229384826],"image-00105.jpg":[25.034316738965163,121.57541208952668],"image-00028.jpg":[25.034421993660683,121.575543761658],"image-00120.jpg":[25.034316903345353,121.57541209079554],"image-00033.jpg":[25.034398779011966,121.57551117477858],"image-00002.jpg":[25.034583493659337,121.57580419229592],"image-00079.jpg":[25.03431658548391,121.57541198462998],"image-00027.jpg":[25.034427148267365,121.57555108899545],"image-00057.jpg":[25.034319804461127,121.5754159494279],"image-00096.jpg":[25.034316726829214,121.57541204322075],"image-00004.jpg":[25.034569362689513,121.57578065486365],"image-00109.jpg":[25.034316813900883,121.57541207884807],"image-00093.jpg":[25.03431667349262,121.57541208350239],"image-00106.jpg":[25.034316780637734,121.57541208706911],"image-00045.jpg":[25.034355167514338,121.57544944445709],"image-00016.jpg":[25.034492530818113,121.57564641278653],"image-00053.jpg":[25.034328031650162,121.57542512685949],"image-00103.jpg":[25.034316740700298,121.57541208044037],"image-00081.jpg":[25.034316627921367,121.57541202343079],"image-00061.jpg":[25.03431608674553,121.57541269296223],"image-00014.jpg":[25.0345049739496,121.57566624431786],"image-00012.jpg":[25.034516883072182,121.57568713608964],"image-00044.jpg":[25.034358569516474,121.57545322155153],"image-00116.jpg":[25.03431680256197,121.575412187221],"image-00074.jpg":[25.034316585908023,121.57541175540123],"image-00119.jpg":[25.034316890187036,121.57541211037176],"image-00030.jpg":[25.034412247666744,121.57553010648223],"image-00073.jpg":[25.034316569398236,121.57541175063554],"image-00088.jpg":[25.034316639316785,121.5754120736762],"image-00049.jpg":[25.034340849660204,121.57543679450804],"image-00042.jpg":[25.034365407329833,121.57546196825032],"image-00055.jpg":[25.034323377289365,121.57541996913403],"image-00067.jpg":[25.034316358490287,121.57541211729455],"image-00024.jpg":[25.034442608395658,121.57557370926197],"image-00097.jpg":[25.03431674090441,121.57541203373758],"image-00086.jpg":[25.034316623276215,121.57541207212688],"image-00068.jpg":[25.034316356542448,121.57541208737106],"image-00018.jpg":[25.034479891872603,121.5756273476398],"image-00060.jpg":[25.034316816151343,121.57541282598214],"image-00007.jpg":[25.034547778938563,121.57574341453795],"image-00122.jpg":[25.034316899199787,121.57541206512468],"image-00022.jpg":[25.03445446788904,121.57559107780952],"image-00015.jpg":[25.034498819462993,121.57565619240773],"image-00063.jpg":[25.034315669759277,121.57541304058535],"image-00100.jpg":[25.034316739028718,121.57541207545894],"image-00037.jpg":[25.03438309297718,121.5754881096414],"image-00115.jpg":[25.034316782081355,121.5754121887935],"image-00087.jpg":[25.034316619469543,121.57541207366161],"image-00011.jpg":[25.034522900304836,121.57569793664271],"image-00084.jpg":[25.034316623566205,121.57541208883472],"image-00091.jpg":[25.034316655283828,121.57541208141139],"image-00047.jpg":[25.034348062077154,121.57544273026738],"image-00038.jpg":[25.034379204264415,121.57548227031552],"image-00101.jpg":[25.034316748917245,121.57541207752877],"image-00017.jpg":[25.03448621891377,121.57563678650715],"image-00006.jpg":[25.03455500451913,121.5757561971414],"image-00072.jpg":[25.034316527331228,121.57541176755055],"image-00036.jpg":[25.03438707099014,121.57549404117128],"image-00056.jpg":[25.034321442055397,121.57541775764517],"image-00107.jpg":[25.034316780805362,121.5754120905197],"image-00003.jpg":[25.03457771106493,121.5757945161991],"image-00092.jpg":[25.03431667056761,121.57541207419445],"image-00121.jpg":[25.034316902075137,121.57541206412662],"image-00076.jpg":[25.034316582972526,121.57541180910604],"image-00041.jpg":[25.034368252604505,121.57546595868746],"image-00082.jpg":[25.034316626958518,121.5754120579848],"image-00032.jpg":[25.03440316643336,121.57551737163524],"image-00021.jpg":[25.034460715103066,121.57559996513348],"image-00108.jpg":[25.03431678063167,121.57541208556833],"image-00048.jpg":[25.034344449687058,121.57543973398582],"image-00026.jpg":[25.03443250895247,121.57555871885761],"image-00065.jpg":[25.034316088476437,121.57541255038088],"image-00089.jpg":[25.03431664383076,121.57541206929304],"image-00029.jpg":[25.03441698455648,121.57553673042509],"image-00071.jpg":[25.03431647892694,121.57541182551488],"image-00009.jpg":[25.03453436803974,121.57571895224213],"image-00113.jpg":[25.03431675446378,121.57541217559213],"image-00051.jpg":[25.03433407105231,121.57543085616582]}