{
    "image-00072.jpg": {
        "25.034325,121.575562": [
            62969.0, 
            65017.0, 
            56866.0, 
            57316.0, 
            66086.0, 
            61992.0, 
            58928.0, 
            58928.0, 
            56813.0, 
            56305.0, 
            57329.0, 
            57331.0, 
            57331.0, 
            67614.0, 
            59411.0, 
            67563.0, 
            68628.0, 
            59437.0, 
            58848.0, 
            60436.0, 
            52722.0, 
            61938.0, 
            59439.0, 
            61487.0, 
            59414.0, 
            66079.0, 
            66591.0, 
            57332.0, 
            68127.0, 
            67610.0, 
            61985.0, 
            60449.0, 
            57890.0, 
            59425.0, 
            58914.0, 
            66594.0, 
            60450.0, 
            62498.0, 
            58869.0, 
            60405.0, 
            60451.0, 
            66083.0, 
            58403.0, 
            66595.0, 
            57379.0, 
            61476.0, 
            59428.0, 
            67611.0, 
            57333.0, 
            57845.0, 
            66085.0, 
            57893.0, 
            60453.0, 
            61477.0, 
            67089.0, 
            60455.0, 
            61991.0, 
            60455.0, 
            59431.0, 
            62504.0, 
            65053.0, 
            65565.0
        ]
    }, 
    "image-00020.jpg": {
        "25.034498,121.575793": [
            66080.0, 
            65569.0, 
            65569.0, 
            65569.0, 
            65569.0, 
            64546.0, 
            65058.0, 
            65058.0, 
            65058.0, 
            66594.0, 
            66594.0, 
            67106.0, 
            65059.0, 
            65059.0, 
            66595.0, 
            65060.0, 
            67108.0, 
            61478.0, 
            62502.0, 
            62502.0, 
            63014.0, 
            63014.0, 
            64550.0, 
            65062.0, 
            65062.0, 
            66086.0, 
            66598.0, 
            67110.0, 
            67110.0, 
            68134.0, 
            68134.0, 
            61479.0, 
            61991.0, 
            61991.0, 
            63015.0, 
            64039.0, 
            64039.0, 
            64551.0, 
            64551.0, 
            65063.0, 
            65063.0, 
            65575.0, 
            66087.0, 
            66599.0, 
            67111.0, 
            67111.0, 
            68135.0, 
            65064.0, 
            65576.0, 
            66088.0, 
            67112.0, 
            62505.0, 
            64553.0, 
            65577.0, 
            66601.0, 
            66601.0, 
            67113.0, 
            67113.0, 
            63018.0, 
            64043.0, 
            64043.0, 
            65066.0, 
            65579.0, 
            66603.0, 
            66603.0, 
            66603.0, 
            67115.0, 
            67115.0, 
            66604.0, 
            68652.0, 
            69164.0, 
            69676.0, 
            66605.0, 
            67117.0, 
            68141.0, 
            68653.0, 
            69165.0, 
            64558.0, 
            65582.0, 
            66094.0, 
            66606.0, 
            68654.0, 
            69678.0, 
            70190.0, 
            66096.0, 
            67120.0, 
            69167.0, 
            66609.0, 
            67121.0, 
            69681.0, 
            55830.0, 
            67614.0, 
            67104.0, 
            67616.0
        ]
    }, 
    "image-00009.jpg": {
        "25.034382,121.575638": [
            62455.0, 
            59359.0, 
            60368.0, 
            58325.0, 
            55765.0, 
            58345.0, 
            56809.0, 
            54252.0, 
            60396.0, 
            62956.0, 
            55276.0, 
            64492.0, 
            66028.0, 
            58348.0, 
            67566.0, 
            69102.0, 
            54255.0, 
            58863.0, 
            60399.0, 
            61423.0, 
            62959.0, 
            55791.0, 
            57327.0, 
            64495.0, 
            66033.0, 
            58865.0, 
            54769.0, 
            61937.0, 
            56305.0, 
            65011.0, 
            69108.0, 
            63477.0, 
            65013.0, 
            71142.0, 
            56807.0, 
            67559.0, 
            65505.0, 
            61412.0, 
            67556.0, 
            56799.0, 
            55775.0, 
            61407.0, 
            67551.0, 
            62943.0, 
            67563.0
        ]
    },