{"image-00070.jpg":[25.034316842697933,121.57542857555572],"image-00095.jpg":[25.034317126370077,121.57542867764042],"image-00034.jpg":[25.034398819974093,121.57552406681805],"image-00102.jpg":[25.034317158480523,121.57542871945958],"image-00077.jpg":[25.034316973077726,121.57542850682717],"image-00058.jpg":[25.034319235330972,121.5754313708018],"image-00117.jpg":[25.034317250620454,121.5754287980923],"image-00008.jpg":[25.034552414602576,121.57575394556494],"image-00085.jpg":[25.034317054665994,121.575428723654],"image-00020.jpg":[25.034474211986346,121.57562891368141],"image-00069.jpg":[25.034316823636182,121.57542864036739],"image-00013.jpg":[25.034520480897516,121.57569794922088],"image-00080.jpg":[25.03431703318231,121.5754286380504],"image-00050.jpg":[25.03433851455188,121.57545075311221],"image-00066.jpg":[25.034316724635467,121.57542895266747],"image-00005.jpg":[25.03457554384955,121.57579347283708],"image-00040.jpg":[25.034374140573245,121.5754882448119],"image-00025.jpg":[25.03444361705391,121.57558592312593],"image-00019.jpg":[25.034480944169985,121.5756381921119],"image-00094.jpg":[25.034317100424822,121.57542870411163],"image-00098.jpg":[25.034317165656756,121.57542867234308],"image-00104.jpg":[25.03431715574442,121.57542871469042],"image-00054.jpg":[25.034326389530044,121.5754392396619],"image-00124.jpg":[25.034317307836915,121.57542871332774],"image-00001.jpg":[25.034599137971956,121.57583172174031],"image-00031.jpg":[25.034411847390324,121.57554202686629],"image-00078.jpg":[25.034316978163584,121.57542856997773],"image-00059.jpg":[25.034318146542393,121.57543019183122],"image-00110.jpg":[25.03431720583784,121.57542870945692],"image-00090.jpg":[25.034317062361094,121.57542873064844],"image-00123.jpg":[25.034317311997928,121.57542870601701],"image-00118.jpg":[25.034317281573312,121.57542876620427],"image-00043.jpg":[25.034363888292727,121.57547440649347],"image-00064.jpg":[25.034316361618387,121.57542958813214],"image-00075.jpg":[25.03431700098899,121.57542840689612],"image-00035.jpg":[25.034394463182622,121.57551780676395],"image-00010.jpg":[25.03453975583654,121.57573156006376],"image-00046.jpg":[25.034353126003918,121.57546279169804],"image-00114.jpg":[25.034317174812823,121.57542884403567],"image-00052.jpg":[25.0343318886053,121.57544492248704],"image-00099.jpg":[25.03431715901697,121.57542870481994],"image-00111.jpg":[25.03431719519212,121.5754287280434],"image-00112.jpg":[25.03431718656531,121.5754287723368],"image-00125.jpg":[25.034317302485835,121.57542868969021],"image-00083.jpg":[25.034317037941452,121.5754287284677],"image-00039.jpg":[25.034377981636613,121.57549390750097],"image-00062.jpg":[25.03431618214154,121.57542964915484],"image-00023.jpg":[25.034454731693458,121.57560178856288],"image-00105.jpg":[25.034317157487283,121.57542872610868],"image-00028.jpg":[25.034426895225472,121.57556246363762],"image-00120.jpg":[25.034317319426318,121.57542871564976],"image-00033.jpg":[25.03440255090253,121.57552924182184],"image-00002.jpg":[25.034597634056386,121.5758291558989],"image-00079.jpg":[25.034317002883757,121.57542862943008],"image-00027.jpg":[25.034432303677743,121.5755699343859],"image-00057.jpg":[25.03432036267013,121.57543267581444],"image-00096.jpg":[25.03431714265703,121.57542867470457],"image-00004.jpg":[25.0345826587463,121.57580501115422],"image-00109.jpg":[25.034317230054015,121.57542870668905],"image-00093.jpg":[25.03431709395885,121.57542872863712],"image-00106.jpg":[25.034317198041947,121.57542871917994],"image-00045.jpg":[25.034356790518213,121.57546627075465],"image-00016.jpg":[25.0345009886017,121.57566715539218],"image-00053.jpg":[25.03432890162987,121.57544197803615],"image-00103.jpg":[25.034317159738997,121.5754287195959],"image-00081.jpg":[25.034317046343467,121.57542866758118],"image-00061.jpg":[25.03431654583482,121.57542943026696],"image-00014.jpg":[25.0345141265651,121.57568743063703],"image-00012.jpg":[25.034526790230203,121.57570889119496],"image-00044.jpg":[25.03436031831959,121.57547009012598],"image-00116.jpg":[25.03431722381644,121.57542882353343],"image-00074.jpg":[25.034316995377456,121.57542839271521],"image-00119.jpg":[25.034317307302068,121.57542873735824],"image-00030.jpg":[25.03441667613443,121.57554854371918],"image-00073.jpg":[25.03431697941047,121.57542839057626],"image-00088.jpg":[25.03431705938271,121.57542871892167],"image-00049.jpg":[25.03434207440657,121.57545361470751],"image-00042.jpg":[25.034367454123704,121.57547897758823],"image-00055.jpg":[25.034324069307377,121.57543674116175],"image-00067.jpg":[25.034316787800456,121.57542879625957],"image-00024.jpg":[25.03444855577288,121.57559303494173],"image-00097.jpg":[25.03431715635098,121.5754286644619],"image-00086.jpg":[25.0343170437217,121.57542871913623],"image-00068.jpg":[25.034316782989908,121.57542875901291],"image-00018.jpg":[25.034487692944044,121.5756477157557],"image-00060.jpg":[25.034317272359292,121.57542952778124],"image-00007.jpg":[25.034559723967938,121.57576674255309],"image-00122.jpg":[25.03431731606455,121.57542869505951],"image-00022.jpg":[25.03446101711721,121.57561075066562],"image-00015.jpg":[25.034507617668627,121.57567714319029],"image-00063.jpg":[25.034316147329456,121.57542981961191],"image-00100.jpg":[25.034317156816687,121.57542871071641],"image-00037.jpg":[25.03438604995268,121.57550565973298],"image-00115.jpg":[25.034317203722633,121.57542882670316],"image-00087.jpg":[25.034317040221886,121.575428721679],"image-00011.jpg":[25.034533195549542,121.57571998145335],"image-00084.jpg":[25.03431704536699,121.57542873909884],"image-00091.jpg":[25.034317074781406,121.5754287236891],"image-00047.jpg":[25.034349470168504,121.5754595317146],"image-00038.jpg":[25.034381955087692,121.57549968853199],"image-00101.jpg":[25.034317166876974,121.5754287130178],"image-00017.jpg":[25.034494346065642,121.5756573420437],"image-00006.jpg":[25.034567410869503,121.57577987311224],"image-00072.jpg":[25.034316938717538,121.57542841158914],"image-00036.jpg":[25.03439023315049,121.57551170994638],"image-00056.jpg":[25.03432205932307,121.57543450003143],"image-00107.jpg":[25.034317198364953,121.57542872286574],"image-00003.jpg":[25.034591504034736,121.57581922850835],"image-00092.jpg":[25.034317090592978,121.57542871866531],"image-00121.jpg":[25.03431731778578,121.575428690064],"image-00076.jpg":[25.034316994001387,121.5754284471843],"image-00041.jpg":[25.034370438986535,121.5754830501072],"image-00082.jpg":[25.034317046355238,121.57542870250921],"image-00032.jpg":[25.03440715134096,121.57553555362044],"image-00021.jpg":[25.034467572352515,121.5756198124858],"image-00108.jpg":[25.034317197967262,121.57542871757202],"image-00048.jpg":[25.034345764259967,121.57545654098291],"image-00026.jpg":[25.034437931899863,121.57557772492281],"image-00065.jpg":[25.03431653741126,121.57542926476157],"image-00089.jpg":[25.034317063577088,121.57542871372397],"image-00029.jpg":[25.03442164320436,121.57555529831174],"image-00071.jpg":[25.034316892514887,121.57542847303965],"image-00009.jpg":[25.0345454289258,121.57574160197933],"image-00113.jpg":[25.034317176542668,121.575428816714],"image-00051.jpg":[25.034335120674015,121.57544771590926]}