{"image-00070.jpg":[25.03431645521824,121.57543211402641],"image-00095.jpg":[25.034316741259055,121.57543224451639],"image-00034.jpg":[25.03440711932033,121.57552354846112],"image-00102.jpg":[25.03431677718189,121.57543228400107],"image-00077.jpg":[25.034316571220558,121.57543208071255],"image-00058.jpg":[25.03431909977855,121.57543479090505],"image-00117.jpg":[25.034316875713596,121.57543236334317],"image-00008.jpg":[25.034583630534893,121.57573607787586],"image-00085.jpg":[25.034316677681936,121.57543226999118],"image-00020.jpg":[25.03449271968982,121.57562140711408],"image-00069.jpg":[25.034316445352925,121.57543216320987],"image-00013.jpg":[25.03454587205782,121.57568525243292],"image-00080.jpg":[25.034316645909573,121.5754321971094],"image-00050.jpg":[25.034340022592342,121.5754538065475],"image-00066.jpg":[25.034316390052776,121.57543239952844],"image-00005.jpg":[25.034610842565968,121.5757720580728],"image-00040.jpg":[25.034378901334346,121.57549030190286],"image-00025.jpg":[25.034457919786654,121.57558133987348],"image-00019.jpg":[25.03450035511613,121.57563007601851],"image-00094.jpg":[25.03431671947822,121.57543226171072],"image-00098.jpg":[25.034316777939058,121.57543224711156],"image-00104.jpg":[25.034316773579082,121.5754322798919],"image-00054.jpg":[25.0343269504323,121.57544239526976],"image-00124.jpg":[25.03431691915804,121.57543230477305],"image-00001.jpg":[25.0346383293524,121.57580708635722],"image-00031.jpg":[25.03442188673446,121.57554033310831],"image-00078.jpg":[25.034316584789487,121.5754321323731],"image-00059.jpg":[25.03431790779206,121.57543364840976],"image-00110.jpg":[25.034316822090876,121.5754322835063],"image-00090.jpg":[25.034316686629104,121.57543227656627],"image-00123.jpg":[25.03431692187246,121.57543229976363],"image-00118.jpg":[25.034316901067456,121.57543234293522],"image-00043.jpg":[25.034367316275105,121.57547733320459],"image-00064.jpg":[25.034316125567468,121.57543285105953],"image-00075.jpg":[25.03431658472107,121.57543200480069],"image-00035.jpg":[25.034402146456795,121.57551773068042],"image-00010.jpg":[25.034568639461177,121.57571577742978],"image-00046.jpg":[25.034355535080042,121.57546607384586],"image-00114.jpg":[25.03431680936574,121.57543238735879],"image-00052.jpg":[25.034332937222036,121.5754479447069],"image-00099.jpg":[25.034316775794146,121.57543227224994],"image-00111.jpg":[25.03431681368134,121.57543229709566],"image-00112.jpg":[25.03431681098087,121.57543233156525],"image-00125.jpg":[25.034316910425655,121.57543228505676],"image-00083.jpg":[25.034316662606273,121.57543227083234],"image-00039.jpg":[25.03438330481245,121.57549554686233],"image-00062.jpg":[25.03431596075848,121.57543287020363],"image-00023.jpg":[25.03447059339228,121.57559609648305],"image-00105.jpg":[25.034316777179633,121.57543228915878],"image-00028.jpg":[25.034438908180146,121.5755594688516],"image-00120.jpg":[25.034316930956127,121.57543230839786],"image-00033.jpg":[25.034411350628332,121.57552838204933],"image-00002.jpg":[25.03463656110439,121.57580474998346],"image-00079.jpg":[25.034316616087615,121.57543218475962],"image-00027.jpg":[25.034445042577904,121.57556644784617],"image-00057.jpg":[25.034320345845703,121.57543604149191],"image-00096.jpg":[25.03431675680697,121.57543224473167],"image-00004.jpg":[25.034619129981863,121.57578262551783],"image-00109.jpg":[25.034316844586545,121.57543228561516],"image-00093.jpg":[25.03431671603098,121.57543228070762],"image-00106.jpg":[25.034316815329518,121.57543229037137],"image-00045.jpg":[25.034359485186073,121.57546952248919],"image-00016.jpg":[25.034523259168555,121.57565697102225],"image-00053.jpg":[25.034329702089817,121.57544504655411],"image-00103.jpg":[25.034316778019285,121.57543228455775],"image-00081.jpg":[25.034316662633415,121.57543222308237],"image-00061.jpg":[25.03431627955339,121.57543275605192],"image-00014.jpg":[25.034538439937016,121.57567564347181],"image-00012.jpg":[25.034553315965386,121.57569519626409],"image-00044.jpg":[25.03436334877821,121.57547322289948],"image-00116.jpg":[25.034316853524068,121.57543237922921],"image-00074.jpg":[25.034316577416032,121.57543199242126],"image-00119.jpg":[25.0343169221422,121.57543232389664],"image-00030.jpg":[25.034427343540358,121.57554644027948],"image-00073.jpg":[25.03431656159082,121.57543198811027],"image-00088.jpg":[25.034316681913076,121.5754322667737],"image-00049.jpg":[25.034343794949898,121.5754567361574],"image-00042.jpg":[25.034371315873976,121.57548164707954],"image-00055.jpg":[25.03432441234357,121.57543997169674],"image-00067.jpg":[25.034316430131362,121.57543228387435],"image-00024.jpg":[25.03446355854295,121.57558794757081],"image-00097.jpg":[25.034316768482164,121.57543223885575],"image-00086.jpg":[25.03431666683497,121.57543226433009],"image-00068.jpg":[25.034316421548297,121.57543225240317],"image-00018.jpg":[25.03450803385203,121.57563894878635],"image-00060.jpg":[25.034316986794842,121.57543296006341],"image-00007.jpg":[25.034592270796516,121.57574769497236],"image-00122.jpg":[25.03431692414867,121.57543229171259],"image-00022.jpg":[25.034477759399675,121.57560443327415],"image-00015.jpg":[25.03453088787284,121.5756661961901],"image-00063.jpg":[25.034315949403872,121.57543300223003],"image-00100.jpg":[25.034316774620343,121.57543227654293],"image-00037.jpg":[25.03439253796909,121.57550644767468],"image-00115.jpg":[25.034316834679995,121.57543237836009],"image-00087.jpg":[25.034316663716186,121.57543226584613],"image-00011.jpg":[25.03456087252677,121.57570527560905],"image-00084.jpg":[25.034316670653787,121.57543228097038],"image-00091.jpg":[25.03431669761522,121.57543227306596],"image-00047.jpg":[25.034351622340832,121.57546280355189],"image-00038.jpg":[25.03438785352767,121.57550090838046],"image-00101.jpg":[25.034316784434335,121.57543228019887],"image-00017.jpg":[25.03451563857543,121.57564788565982],"image-00006.jpg":[25.03460131455497,121.57575964739641],"image-00072.jpg":[25.034316525313,121.57543199816271],"image-00036.jpg":[25.034397319035662,121.5755120649541],"image-00056.jpg":[25.034322202906743,121.57543781058031],"image-00107.jpg":[25.03431681610879,121.57543229341363],"image-00003.jpg":[25.034629420158073,121.57579565794128],"image-00092.jpg":[25.034316711565893,121.57543227203234],"image-00121.jpg":[25.034316925701013,121.57543228763501],"image-00076.jpg":[25.03431658352102,121.57543203604087],"image-00041.jpg":[25.034374693951325,121.57548545837048],"image-00082.jpg":[25.034316667413126,121.57543225120115],"image-00032.jpg":[25.03441656371741,121.57553428330947],"image-00021.jpg":[25.03448519537108,121.57561289776189],"image-00108.jpg":[25.034316815053007,121.5754322890555],"image-00048.jpg":[25.034347697172578,121.5754597421683],"image-00026.jpg":[25.03445142673444,121.57557372451718],"image-00065.jpg":[25.034316252214065,121.57543261938872],"image-00089.jpg":[25.034316685293494,121.57543226326396],"image-00029.jpg":[25.034432962763095,121.57555276402002],"image-00071.jpg":[25.034316489495733,121.57543203969402],"image-00009.jpg":[25.034575357455417,121.57572488401206],"image-00113.jpg":[25.034316807056996,121.57543236580224],"image-00051.jpg":[25.034336385686636,121.57545076371215]}