{
    "image-00014.jpg": {
        "23.591348,120.444439": [
            67332.0, 
            62728.0, 
            64264.0, 
            65800.0, 
            65800.0, 
            66312.0, 
            61705.0, 
            62217.0, 
            62217.0, 
            62729.0, 
            62729.0, 
            63241.0, 
            64265.0, 
            64777.0, 
            65289.0, 
            65801.0, 
            65801.0, 
            65801.0, 
            66313.0, 
            66313.0, 
            66313.0, 
            64266.0, 
            64270.0, 
            65294.0, 
            65806.0, 
            66318.0, 
            64271.0, 
            64783.0, 
            64783.0, 
            65295.0, 
            65295.0, 
            65295.0, 
            64785.0, 
            64785.0, 
            65297.0, 
            65297.0, 
            65297.0, 
            64786.0, 
            62745.0, 
            62745.0, 
            64281.0, 
            62746.0, 
            62746.0, 
            63258.0, 
            63258.0, 
            63258.0, 
            63258.0, 
            64282.0, 
            64282.0, 
            62748.0, 
            62748.0, 
            63260.0, 
            63260.0, 
            63260.0, 
            62238.0, 
            62750.0, 
            66280.0, 
            66290.0, 
            66804.0
        ]
    }, 
    "image-00007.jpg": {
        "23.591258,120.444402": [
            63238.0, 
            64262.0, 
            65285.0, 
            65285.0, 
            66310.0, 
            66310.0, 
            62727.0, 
            62727.0, 
            63239.0, 
            63239.0, 
            64775.0, 
            64775.0, 
            65799.0, 
            65799.0, 
            65799.0, 
            66311.0, 
            66311.0, 
            66311.0, 
            66823.0, 
            67335.0, 
            63240.0, 
            63240.0, 
            66826.0, 
            66826.0, 
            67338.0, 
            67338.0, 
            65292.0, 
            65804.0, 
            65804.0, 
            66316.0, 
            66316.0, 
            66316.0, 
            64781.0, 
            64781.0, 
            65293.0, 
            65293.0, 
            65805.0, 
            65805.0, 
            64782.0, 
            64782.0, 
            65807.0, 
            64786.0, 
            64786.0, 
            65298.0, 
            65298.0, 
            65298.0, 
            64787.0, 
            64787.0, 
            65299.0, 
            65299.0, 
            64788.0, 
            64788.0, 
            57108.0, 
            64790.0, 
            64790.0, 
            64792.0, 
            64792.0, 
            64793.0, 
            64793.0, 
            64793.0, 
            63258.0, 
            64282.0, 
            64796.0, 
            64285.0, 
            65309.0, 
            64286.0, 
            64286.0, 
            64798.0, 
            64287.0, 
            64287.0
        ]
    }, 
    "image-00001.jpg": {
        "23.591169,120.444365": [
            68825.0, 
            67292.0, 
            67292.0, 
            66820.0, 
            66820.0, 
            65297.0, 
            65297.0, 
            65297.0, 
            65297.0, 
            66797.0, 
            66797.0, 
            66286.0, 
            66286.0, 
            66798.0, 
            66798.0, 
            66798.0, 
            66798.0, 
            65779.0, 
            65779.0, 
            66803.0, 
            66803.0, 
            66803.0, 
            66292.0, 
            66292.0, 
            66292.0, 
            66804.0, 
            66804.0, 
            66804.0, 
            65300.0, 
            63765.0, 
            66314.0, 
            64278.0, 
            64731.0, 
            64279.0, 
            66306.0, 
            64280.0, 
            65293.0, 
            66318.0, 
            64794.0, 
            64272.0, 
            65296.0, 
            64773.0, 
            65285.0, 
            65797.0, 
            67293.0, 
            64774.0, 
            65798.0
        ]
    }
}