{"image-00070.jpg":[24.130136064478567,120.66117291253704],"image-00095.jpg":[24.130145671321966,120.66073727067638],"image-00034.jpg":[24.130118318646844,120.6618749032674],"image-00102.jpg":[24.13014906521277,120.66063419557406],"image-00077.jpg":[24.130139712263066,120.66103641874093],"image-00058.jpg":[24.130129767254807,120.66141283651223],"image-00117.jpg":[24.130155295756705,120.66042755700457],"image-00008.jpg":[24.13009639284015,120.66229714798467],"image-00085.jpg":[24.13014211197534,120.66089149227199],"image-00020.jpg":[24.130107005951743,120.66211463275182],"image-00069.jpg":[24.130135522138733,120.66119376563643],"image-00013.jpg":[24.130100784730217,120.66222238759708],"image-00080.jpg":[24.130140365311362,120.66098252318304],"image-00050.jpg":[24.130127277081336,120.66156630000576],"image-00066.jpg":[24.13013400984507,120.66125249842443],"image-00005.jpg":[24.130094307848356,120.66233375423658],"image-00040.jpg":[24.130122049499818,120.661755816577],"image-00025.jpg":[24.13011088788754,120.66203383941499],"image-00019.jpg":[24.130106075062034,120.66212985239412],"image-00094.jpg":[24.130145272875552,120.66075222109018],"image-00098.jpg":[24.13014709607743,120.66069246694789],"image-00104.jpg":[24.130149963967746,120.66060590381103],"image-00054.jpg":[24.130128542331985,120.66149001123341],"image-00124.jpg":[24.13015819828709,120.66033711013344],"image-00001.jpg":[24.130092901495832,120.66236210727638],"image-00031.jpg":[24.130115828196722,120.66193149986319],"image-00078.jpg":[24.130140608833912,120.6610171297869],"image-00110.jpg":[24.130152342337187,120.66052404470958],"image-00059.jpg":[24.1301302639556,120.66139204297852],"image-00090.jpg":[24.130143884866158,120.66081179590944],"image-00123.jpg":[24.13015779114365,120.66034964963268],"image-00118.jpg":[24.13015566020755,120.66041464432145],"image-00043.jpg":[24.130123700075185,120.66169872421668],"image-00064.jpg":[24.130132948391132,120.66129183893372],"image-00075.jpg":[24.130138186481858,120.66107513235866],"image-00035.jpg":[24.130119088444637,120.66185519801621],"image-00010.jpg":[24.13009823082125,120.6622686626462],"image-00046.jpg":[24.130125220518092,120.6616425846425],"image-00114.jpg":[24.13015416346413,120.6604682304972],"image-00052.jpg":[24.130127874501095,120.66152847483713],"image-00099.jpg":[24.130147570703254,120.6606776767965],"image-00111.jpg":[24.1301527339939,120.6605103249895],"image-00112.jpg":[24.130153245880237,120.66049628218357],"image-00125.jpg":[24.13015861349592,120.66032475635984],"image-00083.jpg":[24.130141249438644,120.66092803042194],"image-00039.jpg":[24.130121504854404,120.66177528677846],"image-00062.jpg":[24.13013179566106,120.66133136819587],"image-00023.jpg":[24.13010940578409,120.66206715466708],"image-00105.jpg":[24.130150248045616,120.66059231995536],"image-00028.jpg":[24.130113303065006,120.66198530367991],"image-00120.jpg":[24.1301564023299,120.6603887821864],"image-00033.jpg":[24.130117527900055,120.66189397847026],"image-00002.jpg":[24.130092938471847,120.66236068204525],"image-00079.jpg":[24.13014067835818,120.66099964491647],"image-00027.jpg":[24.13011250482933,120.66200251061542],"image-00057.jpg":[24.13012932000904,120.66143272574695],"image-00096.jpg":[24.13014615855062,120.66072223370091],"image-00004.jpg":[24.13009365846616,120.66234466178145],"image-00109.jpg":[24.13015199611389,120.66053767308541],"image-00093.jpg":[24.130144899830665,120.66076723174456],"image-00106.jpg":[24.130150610786156,120.66057847893863],"image-00045.jpg":[24.130124602286212,120.66166127311352],"image-00016.jpg":[24.130103352189185,120.66217519797627],"image-00053.jpg":[24.130128219168505,120.66150926757099],"image-00103.jpg":[24.130149465703706,120.66062002857163],"image-00081.jpg":[24.130140922122774,120.66096352461179],"image-00061.jpg":[24.130131193423985,120.66135161629975],"image-00014.jpg":[24.130101698209035,120.66220625463991],"image-00012.jpg":[24.130099773707002,120.66223826091066],"image-00044.jpg":[24.130124168175918,120.6616800206047],"image-00116.jpg":[24.130154878424797,120.66044087614597],"image-00074.jpg":[24.13013779806303,120.66109417726679],"image-00119.jpg":[24.130156010330087,120.66040196617021],"image-00030.jpg":[24.130114978119522,120.66194991536457],"image-00073.jpg":[24.13013753093346,120.66111359253593],"image-00088.jpg":[24.130142976219787,120.66084241125407],"image-00049.jpg":[24.130126833050635,120.66158539680107],"image-00042.jpg":[24.130123070214292,120.66171758807707],"image-00055.jpg":[24.130128770453933,120.66147098595867],"image-00067.jpg":[24.13013463452042,120.66123283416454],"image-00024.jpg":[24.130110129766532,120.66205057649901],"image-00097.jpg":[24.13014664956643,120.66070725228096],"image-00086.jpg":[24.13014242611899,120.66087435973012],"image-00068.jpg":[24.130135137300332,120.66121390014919],"image-00018.jpg":[24.130105422496026,120.66214460283348],"image-00060.jpg":[24.13013060593196,120.66137208167365],"image-00007.jpg":[24.130095639209603,120.66231001694698],"image-00122.jpg":[24.13015739733791,120.66036284947273],"image-00022.jpg":[24.13010872232472,120.6620831979794],"image-00015.jpg":[24.13010221896423,120.66219090757679],"image-00063.jpg":[24.130132408471454,120.661311368583],"image-00100.jpg":[24.13014804819345,120.66066323825615],"image-00037.jpg":[24.13012033412092,120.6618151304638],"image-00115.jpg":[24.130154431273223,120.66045457165912],"image-00087.jpg":[24.13014275951492,120.66085796130349],"image-00011.jpg":[24.130098960631678,120.66225374214966],"image-00084.jpg":[24.13014173983186,120.66090938451178],"image-00091.jpg":[24.130144134529218,120.66079700486542],"image-00047.jpg":[24.130125776364512,120.66162360003901],"image-00038.jpg":[24.130120844037275,120.6617950767362],"image-00101.jpg":[24.130148514647853,120.66064893492077],"image-00017.jpg":[24.130104204212085,120.66215991157125],"image-00006.jpg":[24.130094978006046,120.6623221293188],"image-00072.jpg":[24.130137164646577,120.66113220727846],"image-00036.jpg":[24.13011969093756,120.66183518206256],"image-00056.jpg":[24.130128877163724,120.66145239297693],"image-00107.jpg":[24.130151008505507,120.66056463250172],"image-00003.jpg":[24.130093181377276,120.66235459890834],"image-00092.jpg":[24.130144377875304,120.66078250433986],"image-00121.jpg":[24.130156875469652,120.66037582144332],"image-00076.jpg":[24.13013884991795,120.66105573466493],"image-00041.jpg":[24.130122639573095,120.66173654661206],"image-00082.jpg":[24.130140817740553,120.6609465543973],"image-00032.jpg":[24.130116652534255,120.66191280711783],"image-00021.jpg":[24.130107942739873,120.66209913183998],"image-00108.jpg":[24.130151534582076,120.66055094288151],"image-00048.jpg":[24.13012638698331,120.66160461533372],"image-00026.jpg":[24.130111695508344,120.6620169353091],"image-00065.jpg":[24.13013338836106,120.66127231082427],"image-00089.jpg":[24.13014341390276,120.66082677576992],"image-00029.jpg":[24.130114170218185,120.6619677392301],"image-00071.jpg":[24.130136489491296,120.66115206459742],"image-00009.jpg":[24.130097310510347,120.66228300696088],"image-00113.jpg":[24.130153517977877,120.66048267537026],"image-00051.jpg":[24.130127627186727,120.66154733876955]}