{"image-00070.jpg":[24.13011998286993,120.66122040287655],"image-00095.jpg":[24.130131443138282,120.66079044375317],"image-00034.jpg":[24.130097648056772,120.66191680768293],"image-00102.jpg":[24.13013498647402,120.66068919326625],"image-00077.jpg":[24.130125254970903,120.66108345332027],"image-00058.jpg":[24.130112363041388,120.66145793216262],"image-00117.jpg":[24.130141529053837,120.66048624828824],"image-00008.jpg":[24.130071534744086,120.66233986531932],"image-00085.jpg":[24.130127657986982,120.66094177677697],"image-00020.jpg":[24.13008407947271,120.66215662424192],"image-00069.jpg":[24.130119417823547,120.661240855692],"image-00013.jpg":[24.130076561345337,120.66226512790547],"image-00080.jpg":[24.13012653630212,120.66102948955377],"image-00050.jpg":[24.130109054796705,120.66160964072957],"image-00066.jpg":[24.1301176085583,120.66129894346447],"image-00005.jpg":[24.130069179873438,120.66237636831721],"image-00040.jpg":[24.13010226120374,120.66179837562953],"image-00025.jpg":[24.130088826201955,120.66207557702796],"image-00019.jpg":[24.130082981056937,120.66217192274325],"image-00094.jpg":[24.130131018252044,120.6608051293342],"image-00098.jpg":[24.130132936993345,120.66074642995417],"image-00104.jpg":[24.130135960985886,120.66066133368142],"image-00054.jpg":[24.130110802683316,120.66153406363591],"image-00124.jpg":[24.130144540233363,120.66039745728716],"image-00001.jpg":[24.130067607668117,120.66240452928943],"image-00031.jpg":[24.13009473517731,120.66197317667448],"image-00078.jpg":[24.13012643966324,120.66106393734529],"image-00110.jpg":[24.130138477899674,120.66058091641766],"image-00059.jpg":[24.1301129585747,120.66143738424994],"image-00090.jpg":[24.130129445521835,120.66086379223543],"image-00123.jpg":[24.130144099817514,120.66040980555202],"image-00118.jpg":[24.130141954585053,120.66047348271314],"image-00043.jpg":[24.1301043158845,120.6617416511586],"image-00064.jpg":[24.130116282492775,120.66133799359082],"image-00075.jpg":[24.13012321679025,120.6611224563514],"image-00035.jpg":[24.13009854865028,120.66189722594677],"image-00010.jpg":[24.13007346416053,120.66231168346408],"image-00046.jpg":[24.130106298444513,120.66168574984115],"image-00114.jpg":[24.130140265236268,120.66052633027783],"image-00052.jpg":[24.13010990624979,120.66157214102978],"image-00099.jpg":[24.13013339546895,120.66073198103331],"image-00111.jpg":[24.130138871030372,120.66056748427083],"image-00112.jpg":[24.130139364449473,120.66055376538002],"image-00125.jpg":[24.13014497574429,120.66038531631976],"image-00083.jpg":[24.130127080156605,120.6609769301168],"image-00039.jpg":[24.13010158456987,120.66181770631168],"image-00062.jpg":[24.130114814996098,120.6613773418755],"image-00023.jpg":[24.130087035333926,120.66210888486845],"image-00105.jpg":[24.130136261011145,120.66064801559713],"image-00028.jpg":[24.130091726349303,120.66202695159694],"image-00120.jpg":[24.130142675462288,120.66044821215075],"image-00033.jpg":[24.130096714080203,120.66193580272756],"image-00002.jpg":[24.130067662319036,120.66240309793889],"image-00079.jpg":[24.13012679514983,120.6610462750285],"image-00027.jpg":[24.130090758174436,120.66204417996306],"image-00057.jpg":[24.130111857135468,120.66147750894892],"image-00096.jpg":[24.13013192945336,120.66077572099098],"image-00004.jpg":[24.130068525802034,120.6623870908225],"image-00109.jpg":[24.13013808556695,120.66059434727217],"image-00093.jpg":[24.130130603133924,120.66081990343986],"image-00106.jpg":[24.1301366359264,120.66063444597457],"image-00045.jpg":[24.13010554130005,120.66170434004161],"image-00016.jpg":[24.130079703747462,120.66221761271811],"image-00053.jpg":[24.130110367557045,120.66155312026135],"image-00103.jpg":[24.130135407458493,120.66067528422876],"image-00081.jpg":[24.13012691652366,120.66101125870895],"image-00061.jpg":[24.130114119713962,120.66139735690241],"image-00014.jpg":[24.130077652507882,120.66224891901378],"image-00012.jpg":[24.130075402364543,120.6622810321829],"image-00044.jpg":[24.130104963699843,120.66172297756023],"image-00116.jpg":[24.1301410605669,120.66049939552813],"image-00074.jpg":[24.130122580894767,120.66114159518392],"image-00119.jpg":[24.13014230514571,120.66046107348882],"image-00030.jpg":[24.130093722350978,120.66199157493227],"image-00073.jpg":[24.130122031205833,120.66116115523957],"image-00088.jpg":[24.13012845056032,120.66089394204107],"image-00049.jpg":[24.130108431878014,120.66162869367739],"image-00042.jpg":[24.130103585212723,120.66176033459928],"image-00055.jpg":[24.130111142366143,120.66151524351321],"image-00067.jpg":[24.130118326798772,120.66127949462923],"image-00024.jpg":[24.13008791130056,120.66209231529413],"image-00097.jpg":[24.13013245574906,120.6607609768488],"image-00086.jpg":[24.13012796415122,120.66092504253922],"image-00068.jpg":[24.13011895571589,120.66126070376467],"image-00018.jpg":[24.130082077897686,120.66218690606499],"image-00060.jpg":[24.130113420659075,120.66141762081045],"image-00007.jpg":[24.130070746396385,120.6623525752434],"image-00122.jpg":[24.130143732694634,120.66042267217091],"image-00022.jpg":[24.130086202621083,120.66212492253285],"image-00015.jpg":[24.13007844150156,120.66223333104725],"image-00063.jpg":[24.13011559857789,120.66135740672591],"image-00100.jpg":[24.130133935548294,120.66071771133088],"image-00037.jpg":[24.130100132382612,120.66185729410091],"image-00115.jpg":[24.130140583658687,120.66051286876647],"image-00087.jpg":[24.13012826558071,120.66090907237148],"image-00011.jpg":[24.13007439825419,120.66229662210829],"image-00084.jpg":[24.130127383757618,120.6609590717076],"image-00091.jpg":[24.130129767229178,120.660849183413],"image-00047.jpg":[24.13010705593365,120.66166674709021],"image-00038.jpg":[24.130100771890014,120.6618374027556],"image-00101.jpg":[24.13013441653752,120.66070367455865],"image-00017.jpg":[24.13008070819378,120.66220228891653],"image-00006.jpg":[24.130069957209233,120.66236473072335],"image-00072.jpg":[24.13012115401644,120.6611804191432],"image-00036.jpg":[24.1300993312163,120.66187725665773],"image-00056.jpg":[24.13011128029713,120.66149702512016],"image-00107.jpg":[24.13013702304757,120.66062091460978],"image-00003.jpg":[24.13006797268688,120.66239699611317],"image-00092.jpg":[24.13013007929252,120.660834865653],"image-00121.jpg":[24.130143173987868,120.66043546215066],"image-00076.jpg":[24.13012408487858,120.66110303270001],"image-00041.jpg":[24.130103049708712,120.66177909743475],"image-00082.jpg":[24.130126745818163,120.66099484901196],"image-00032.jpg":[24.13009570087761,120.66195455508316],"image-00021.jpg":[24.130085140412728,120.66214114075224],"image-00108.jpg":[24.130137562518012,120.6606074726339],"image-00048.jpg":[24.13010784719775,120.66164778197061],"image-00026.jpg":[24.13008981980666,120.66205860981316],"image-00065.jpg":[24.13011677733188,120.6613187778245],"image-00089.jpg":[24.130128872969518,120.66087867043726],"image-00029.jpg":[24.130092715687155,120.66200946617616],"image-00071.jpg":[24.13012036206647,120.66120011003275],"image-00009.jpg":[24.13007244710153,120.66232597971046],"image-00113.jpg":[24.13013961693741,120.66054050004009],"image-00051.jpg":[24.130109535053606,120.66159083137556]}