{"image-00070.jpg":[24.130072012481026,120.66129384959177],"image-00095.jpg":[24.13002406415489,120.66093014476982],"image-00034.jpg":[24.130146922277298,120.66188209344068],"image-00102.jpg":[24.13001386340269,120.66084459839743],"image-00077.jpg":[24.130057663878958,120.66117841699827],"image-00058.jpg":[24.13009738148379,120.66149452031303],"image-00117.jpg":[24.12999282584853,120.66067303862417],"image-00008.jpg":[24.13018041252059,120.6622371522887],"image-00085.jpg":[24.130040884165744,120.66105825848061],"image-00020.jpg":[24.13016710350729,120.66208358664238],"image-00069.jpg":[24.130074224340905,120.66131115643621],"image-00013.jpg":[24.1301750037215,120.66217448226561],"image-00080.jpg":[24.13005119047736,120.66113279690964],"image-00050.jpg":[24.130115186164403,120.6616229522308],"image-00066.jpg":[24.1300804651229,120.66136024314831],"image-00005.jpg":[24.130183128893545,120.6622677836776],"image-00040.jpg":[24.130134955330988,120.66178220580682],"image-00025.jpg":[24.13016037519612,120.66201553205363],"image-00019.jpg":[24.130168166138517,120.66209639817248],"image-00094.jpg":[24.130025639845233,120.66094256684927],"image-00098.jpg":[24.13001957849961,120.66089295037241],"image-00104.jpg":[24.130011030575815,120.66082106457637],"image-00054.jpg":[24.130106364741224,120.66155899797027],"image-00124.jpg":[24.12998379696546,120.66059800014904],"image-00001.jpg":[24.130185447587095,120.66229146164734],"image-00031.jpg":[24.130151873834855,120.66192951561155],"image-00078.jpg":[24.13005602816633,120.66116204766054],"image-00110.jpg":[24.13000260476813,120.66075307313554],"image-00059.jpg":[24.130095132191503,120.66147714811319],"image-00090.jpg":[24.13003212201855,120.66099219795096],"image-00123.jpg":[24.12998504350957,120.66060842970836],"image-00118.jpg":[24.129991486509176,120.66066225528363],"image-00043.jpg":[24.130129076192112,120.66173433495854],"image-00064.jpg":[24.13008459433248,120.66139321490067],"image-00075.jpg":[24.130061228785493,120.66121119531047],"image-00035.jpg":[24.130145098177834,120.66186559886792],"image-00010.jpg":[24.13017851752328,120.66221350612051],"image-00046.jpg":[24.130123191213077,120.6616871605034],"image-00114.jpg":[24.129997061889785,120.66070691709629],"image-00052.jpg":[24.130110781970544,120.66159121888109],"image-00099.jpg":[24.13001810139518,120.66088072944517],"image-00111.jpg":[24.130001185027318,120.66074170893492],"image-00112.jpg":[24.12999984532056,120.66073011477334],"image-00125.jpg":[24.129982583099604,120.66058774438517],"image-00083.jpg":[24.13004485598619,120.6610881150641],"image-00039.jpg":[24.130136979126227,120.66179852406864],"image-00062.jpg":[24.13008865401223,120.66142640979642],"image-00023.jpg":[24.130163272215384,120.6620435335216],"image-00105.jpg":[24.13000951881206,120.66080978383908],"image-00028.jpg":[24.130156417849594,120.66197470583532],"image-00120.jpg":[24.129988813724406,120.66064086881508],"image-00033.jpg":[24.13014864100024,120.66189808146055],"image-00002.jpg":[24.13018529663137,120.66229025519925],"image-00079.jpg":[24.1300537836612,120.66114711658503],"image-00027.jpg":[24.130157880333527,120.66198918107938],"image-00057.jpg":[24.13009956222206,120.66151108665696],"image-00096.jpg":[24.130022567501918,120.66091769757107],"image-00004.jpg":[24.130183910922405,120.66227679800747],"image-00109.jpg":[24.13000405811445,120.66076443022601],"image-00093.jpg":[24.130027249283508,120.66095506374387],"image-00106.jpg":[24.13000805351509,120.66079830107267],"image-00045.jpg":[24.13012503560743,120.66170283420234],"image-00016.jpg":[24.1301713830126,120.66213465373627],"image-00053.jpg":[24.130108587686305,120.6615751261952],"image-00103.jpg":[24.130012393706174,120.66083283565919],"image-00081.jpg":[24.13004923581292,120.66111732251238],"image-00061.jpg":[24.13009072275586,120.66144331262211],"image-00014.jpg":[24.130173802169057,120.66216089620323],"image-00012.jpg":[24.130176071332926,120.66218780184877],"image-00044.jpg":[24.130127076595528,120.66171857759943],"image-00116.jpg":[24.129994165105654,120.66068414092098],"image-00074.jpg":[24.130063354081038,120.66122734119818],"image-00119.jpg":[24.12999016243345,120.6606517542833],"image-00030.jpg":[24.130153443741765,120.66194497990239],"image-00073.jpg":[24.130065652268176,120.66124385513676],"image-00088.jpg":[24.130035252995846,120.66101767580086],"image-00049.jpg":[24.130117262661607,120.66163903667764],"image-00042.jpg":[24.130130932687404,120.66175009768114],"image-00055.jpg":[24.130104074985923,120.66154305496622],"image-00067.jpg":[24.13007849692164,120.66134382605216],"image-00024.jpg":[24.130161816700955,120.66202960097314],"image-00097.jpg":[24.130021082812654,120.66090524385555],"image-00086.jpg":[24.13003893162777,120.66104406845193],"image-00068.jpg":[24.130076501281543,120.6613279583934],"image-00018.jpg":[24.130169450326328,120.66210896275656],"image-00060.jpg":[24.130092835109853,120.66146042405722],"image-00007.jpg":[24.13018134745349,120.66224783122861],"image-00122.jpg":[24.129986392567446,120.66061932089194],"image-00022.jpg":[24.130164698335292,120.66205702105201],"image-00015.jpg":[24.130172303917515,120.66214780039768],"image-00063.jpg":[24.130086630615263,120.66140960042684],"image-00100.jpg":[24.13001667543988,120.6608686855283],"image-00037.jpg":[24.130141062772285,120.66183192998301],"image-00115.jpg":[24.129995524162233,120.66069552216582],"image-00087.jpg":[24.130037095834922,120.66103052452355],"image-00011.jpg":[24.130177289079985,120.66220087393165],"image-00084.jpg":[24.130042879824092,120.66107294336452],"image-00091.jpg":[24.13003041576948,120.66097983018983],"image-00047.jpg":[24.130121244735957,120.6616711444315],"image-00038.jpg":[24.130138925836178,120.66181512806848],"image-00101.jpg":[24.13001525518284,120.66085682331803],"image-00017.jpg":[24.13017023033205,120.6621218028625],"image-00006.jpg":[24.130182274922056,120.66225802538085],"image-00072.jpg":[24.130067738036097,120.66126003079896],"image-00036.jpg":[24.130143062188257,120.66184876152333],"image-00056.jpg":[24.130101716536185,120.66152757917612],"image-00107.jpg":[24.130006622933013,120.66078684977141],"image-00003.jpg":[24.130184739439294,120.66228512400198],"image-00092.jpg":[24.130028741547545,120.66096770803952],"image-00121.jpg":[24.129987578790328,120.66063010603739],"image-00076.jpg":[24.130059337895684,120.6611948400355],"image-00041.jpg":[24.13013300600586,120.66176596008603],"image-00082.jpg":[24.13004687442433,120.66110332077895],"image-00032.jpg":[24.130150240304246,120.66191385043936],"image-00021.jpg":[24.130166008740087,120.66207060545088],"image-00108.jpg":[24.13000534528803,120.66077550334779],"image-00048.jpg":[24.130119354015843,120.66165516314871],"image-00026.jpg":[24.130158962854463,120.66200128550406],"image-00065.jpg":[24.130082454008686,120.66137695340484],"image-00089.jpg":[24.130033625782954,120.66100474887816],"image-00029.jpg":[24.130154977658155,120.66196000881905],"image-00071.jpg":[24.130069679637977,120.66127663832975],"image-00009.jpg":[24.130179476170763,120.66222548813599],"image-00113.jpg":[24.12999831753373,120.66071886606946],"image-00051.jpg":[24.13011303038305,120.66160704448102]}