{"image-00070.jpg":[23.00627719174304,120.26865849558172],"image-00095.jpg":[23.006571639676977,120.26838116570636],"image-00034.jpg":[23.00578199548238,120.2691328503548],"image-00102.jpg":[23.00664178890259,120.26832127150675],"image-00077.jpg":[23.006365671573153,120.26857402025254],"image-00058.jpg":[23.006125528758925,120.26879960216905],"image-00117.jpg":[23.00676248710443,120.26821637350713],"image-00008.jpg":[23.005367694129895,120.26951470113158],"image-00085.jpg":[23.006459743110632,120.26848072667147],"image-00020.jpg":[23.005548970771812,120.26934841985829],"image-00069.jpg":[23.006264292755723,120.26867043903897],"image-00013.jpg":[23.005440294720728,120.26944766012744],"image-00080.jpg":[23.006401712071074,120.26853808981133],"image-00050.jpg":[23.006022593131018,120.26889836437748],"image-00066.jpg":[23.006226633099306,120.26870556362672],"image-00005.jpg":[23.005325830845106,120.2695533591044],"image-00040.jpg":[23.00587739121635,120.26904114728526],"image-00025.jpg":[23.005631650283654,120.26927371544787],"image-00019.jpg":[23.005532756213295,120.26936327770629],"image-00094.jpg":[23.00656105169048,120.26839010844654],"image-00098.jpg":[23.00660215114273,120.26835453605489],"image-00104.jpg":[23.00666130036716,120.26830521372248],"image-00054.jpg":[23.006074494764206,120.26884797300971],"image-00124.jpg":[23.006800017957517,120.26817973114538],"image-00001.jpg":[23.005287097269623,120.26958894195187],"image-00031.jpg":[23.005731520066227,120.2691800423846],"image-00078.jpg":[23.006377837078958,120.26856197340925],"image-00110.jpg":[23.006713995693637,120.26826129525234],"image-00059.jpg":[23.006138323663215,120.26878778540274],"image-00090.jpg":[23.00651734641032,120.26842829797909],"image-00123.jpg":[23.006795064298586,120.26818442489608],"image-00118.jpg":[23.006768329503288,120.26821063379163],"image-00043.jpg":[23.005923793717137,120.26899650340911],"image-00064.jpg":[23.006201699414248,120.26872878416047],"image-00075.jpg":[23.00634094744428,120.26859813916738],"image-00035.jpg":[23.005798226804117,120.26911715910869],"image-00010.jpg":[23.00539664293878,120.26948809354155],"image-00046.jpg":[23.005968433509327,120.26895311574464],"image-00114.jpg":[23.006743575393806,120.26823456181243],"image-00052.jpg":[23.006048443641262,120.26887312148307],"image-00099.jpg":[23.006612154419916,120.26834589427165],"image-00111.jpg":[23.00672162169422,120.2682545526466],"image-00112.jpg":[23.006729184296123,120.26824772565188],"image-00125.jpg":[23.006804787709296,120.26817519752244],"image-00083.jpg":[23.006436388022724,120.26850335508712],"image-00039.jpg":[23.005862428834117,120.26905605399472],"image-00062.jpg":[23.006176333162955,120.26875223489691],"image-00023.jpg":[23.00559826419677,120.26930378296352],"image-00105.jpg":[23.00667075658172,120.26829745928751],"image-00028.jpg":[23.005681898628435,120.26922707369928],"image-00120.jpg":[23.006779397983895,120.26819964117715],"image-00033.jpg":[23.005765605499274,120.26914820045262],"image-00002.jpg":[23.005289523252262,120.26958691081228],"image-00079.jpg":[23.00638994023417,120.2685501541198],"image-00027.jpg":[23.005665428719148,120.2692425862208],"image-00057.jpg":[23.00611282506703,120.2688115373007],"image-00096.jpg":[23.006581891760725,120.26837218607378],"image-00004.jpg":[23.00531235914713,120.26956623757653],"image-00109.jpg":[23.00670602929983,120.26826818795381],"image-00093.jpg":[23.006550196721037,120.26839942111039],"image-00106.jpg":[23.006680059701708,120.26828984772777],"image-00045.jpg":[23.005954063635482,120.26896711981792],"image-00016.jpg":[23.005486015913874,120.26940622170065],"image-00053.jpg":[23.006061488210335,120.26886056814712],"image-00103.jpg":[23.00665166424046,120.26831311070244],"image-00081.jpg":[23.00641325777954,120.26852625805441],"image-00061.jpg":[23.006163565308754,120.26876387305036],"image-00014.jpg":[23.005455160967838,120.26943415330912],"image-00012.jpg":[23.005425377590694,120.26946122535827],"image-00044.jpg":[23.00593928912561,120.26898173068852],"image-00116.jpg":[23.0067563785159,120.268222267917],"image-00074.jpg":[23.006328226781633,120.26861003217158],"image-00119.jpg":[23.00677397255712,120.26820508736327],"image-00030.jpg":[23.005715251680932,120.26919596876098],"image-00073.jpg":[23.006315603211153,120.26862248269317],"image-00088.jpg":[23.006494019556236,120.26844872728152],"image-00049.jpg":[23.006009286472782,120.2689116324953],"image-00042.jpg":[23.005908507154068,120.26901156163369],"image-00055.jpg":[23.006087406347522,120.26883573805304],"image-00067.jpg":[23.006239420556483,120.2686939807206],"image-00024.jpg":[23.005614893927742,120.26928871525888],"image-00097.jpg":[23.006592142583113,120.26836324887574],"image-00086.jpg":[23.00647141412577,120.2684699149381],"image-00068.jpg":[23.006251947743245,120.26868232740428],"image-00018.jpg":[23.005516924661016,120.26937780262641],"image-00060.jpg":[23.006150934728918,120.26877577731122],"image-00007.jpg":[23.005353303203165,120.26952779729532],"image-00122.jpg":[23.006790043239995,120.26818929139355],"image-00022.jpg":[23.00558231678049,120.26931851530348],"image-00015.jpg":[23.005470388122035,120.26942030242887],"image-00063.jpg":[23.006188989918567,120.26874035114253],"image-00100.jpg":[23.00662202863739,120.26833752390158],"image-00037.jpg":[23.00583086494866,120.26908617406761],"image-00115.jpg":[23.00675015125979,120.26822834653731],"image-00087.jpg":[23.00648294619175,120.2684591956488],"image-00011.jpg":[23.005411012764196,120.26947484568541],"image-00084.jpg":[23.00644806730755,120.26849197019487],"image-00091.jpg":[23.006528344767737,120.268418339468],"image-00047.jpg":[23.005982325488723,120.26893896244484],"image-00038.jpg":[23.00584663117566,120.26907102008042],"image-00101.jpg":[23.006631931091363,120.2683294138636],"image-00017.jpg":[23.005501356441453,120.26939200936903],"image-00006.jpg":[23.005339473263135,120.2695406830744],"image-00072.jpg":[23.00630291748802,120.2686343827193],"image-00036.jpg":[23.005814483520183,120.26910177848238],"image-00056.jpg":[23.006100175921365,120.26882359416382],"image-00107.jpg":[23.006689029308188,120.26828243991426],"image-00003.jpg":[23.00529870421397,120.26957876032154],"image-00092.jpg":[23.006539252466244,120.26840874172527],"image-00121.jpg":[23.006784802269024,120.26819440892947],"image-00076.jpg":[23.006353427196313,120.26858600585649],"image-00041.jpg":[23.005893089328747,120.26902635274165],"image-00082.jpg":[23.006424810987546,120.26851468025842],"image-00032.jpg":[23.005748784605505,120.26916422247358],"image-00021.jpg":[23.005565657050795,120.26933344669891],"image-00108.jpg":[23.006697805508274,120.26827525427456],"image-00048.jpg":[23.005995788228685,120.2689249549348],"image-00026.jpg":[23.00564847620615,120.26925818308038],"image-00065.jpg":[23.006214314853406,120.26871711161944],"image-00089.jpg":[23.00650604030393,120.2684383871958],"image-00029.jpg":[23.00569824341285,120.26921189279005],"image-00071.jpg":[23.006290043656925,120.2686464315654],"image-00009.jpg":[23.005382124303697,120.26950131388388],"image-00113.jpg":[23.006736600331934,120.26824104583314],"image-00051.jpg":[23.006035482534337,120.26888549570793]}