{"image-00070.jpg":[23.00625025015995,120.26867251451696],"image-00095.jpg":[23.006536517606143,120.26841422464047],"image-00034.jpg":[23.0057701474419,120.26911496867672],"image-00102.jpg":[23.006604807546637,120.26835999362825],"image-00077.jpg":[23.00633621616143,120.26859359529149],"image-00058.jpg":[23.0061029179452,120.26880334159887],"image-00117.jpg":[23.00672250275147,120.26826426018488],"image-00008.jpg":[23.005369371597205,120.26946617549557],"image-00085.jpg":[23.006427571549942,120.26850556643143],"image-00020.jpg":[23.005544520107684,120.26931368932924],"image-00069.jpg":[23.006237711036807,120.26868358148661],"image-00013.jpg":[23.005439491828707,120.2694045993419],"image-00080.jpg":[23.006371225476716,120.26855963430185],"image-00050.jpg":[23.006003142702774,120.26889547916171],"image-00066.jpg":[23.006201114596838,120.2687161839016],"image-00005.jpg":[23.005328899602436,120.26950172488083],"image-00040.jpg":[23.005862286050462,120.26902972806882],"image-00025.jpg":[23.00562454286795,120.26924535131742],"image-00019.jpg":[23.005528856492848,120.2693273071283],"image-00094.jpg":[23.006526158202085,120.26842235005344],"image-00098.jpg":[23.00656624004216,120.26838992201581],"image-00104.jpg":[23.006623805275012,120.26834562653585],"image-00054.jpg":[23.00605347397846,120.26884828499149],"image-00124.jpg":[23.00675908318078,120.26822968769294],"image-00001.jpg":[23.0052914011182,120.26953445176298],"image-00031.jpg":[23.005721262724112,120.26915862241322],"image-00078.jpg":[23.006348033194183,120.26858222983245],"image-00110.jpg":[23.006675174866547,120.26830609769502],"image-00059.jpg":[23.006115356101855,120.26879240001625],"image-00090.jpg":[23.006483575709932,120.26845722327589],"image-00123.jpg":[23.00675425416525,120.26823408083513],"image-00118.jpg":[23.00672818780803,120.2682588458596],"image-00043.jpg":[23.005907299696258,120.26898800708247],"image-00064.jpg":[23.00617687902843,120.26873773401752],"image-00075.jpg":[23.00631215460923,120.26861630699392],"image-00035.jpg":[23.005785754635465,120.2691004357666],"image-00010.jpg":[23.00539730223616,120.26944180340935],"image-00046.jpg":[23.005950716385343,120.26894722089077],"image-00114.jpg":[23.006704021981136,120.26828140314106],"image-00052.jpg":[23.006028315619698,120.26887168600604],"image-00099.jpg":[23.006575993513884,120.26838205108638],"image-00111.jpg":[23.006682630038856,120.26829989072701],"image-00112.jpg":[23.00669000510352,120.2682935868389],"image-00125.jpg":[23.00676372940839,120.26822544454217],"image-00083.jpg":[23.006404929308758,120.26852673998869],"image-00039.jpg":[23.005847795317106,120.2690437677329],"image-00062.jpg":[23.006152259363954,120.26875941148069],"image-00023.jpg":[23.00559227680892,120.26927277709392],"image-00105.jpg":[23.006633000890403,120.2683387097057],"image-00028.jpg":[23.005673241189047,120.26920226237843],"image-00120.jpg":[23.00673898632364,120.26824841550504],"image-00033.jpg":[23.005754212734207,120.26912924183783],"image-00002.jpg":[23.00529369173269,120.26953270191923],"image-00079.jpg":[23.00635978231766,120.26857112932277],"image-00027.jpg":[23.00565736557968,120.26921656090774],"image-00057.jpg":[23.006090591540627,120.26881442278932],"image-00096.jpg":[23.00654651261442,120.26840601181478],"image-00004.jpg":[23.005315919406367,120.26951364216191],"image-00109.jpg":[23.00666745052473,120.26831233158393],"image-00093.jpg":[23.006515553753538,120.26843083578099],"image-00106.jpg":[23.00664208672627,120.26833188299447],"image-00045.jpg":[23.00593674561244,120.26896038905807],"image-00016.jpg":[23.00548366116704,120.269366746357],"image-00053.jpg":[23.006040908871274,120.26886002012803],"image-00103.jpg":[23.006614404244903,120.26835270220244],"image-00081.jpg":[23.006382437023387,120.26854837392219],"image-00061.jpg":[23.006139843378005,120.26877015033347],"image-00014.jpg":[23.00545396035066,120.26939213523781],"image-00012.jpg":[23.005425126165044,120.26941695454528],"image-00044.jpg":[23.005922384805185,120.26897417894605],"image-00116.jpg":[23.00671654547777,120.26826980758943],"image-00074.jpg":[23.00629980481176,120.26862734093697],"image-00119.jpg":[23.006733696730638,120.26825359375613],"image-00030.jpg":[23.005705507818362,120.26917354954416],"image-00073.jpg":[23.006287589174008,120.26863902399381],"image-00088.jpg":[23.006460914107553,120.26847581980687],"image-00049.jpg":[23.00599025898332,120.26890797454658],"image-00042.jpg":[23.005892421478748,120.26900222564612],"image-00055.jpg":[23.006065939804603,120.26883696515512],"image-00067.jpg":[23.006213565221973,120.26870549919411],"image-00024.jpg":[23.005608341270808,120.26925901525769],"image-00097.jpg":[23.00655650335586,120.26839785283683],"image-00086.jpg":[23.006438937051364,120.26849552480236],"image-00068.jpg":[23.006225707147834,120.26869472537402],"image-00018.jpg":[23.005513515102123,120.26934067695626],"image-00060.jpg":[23.006127595983802,120.26878120426379],"image-00007.jpg":[23.005355492036617,120.26947812871038],"image-00122.jpg":[23.006749349521307,120.26823867504652],"image-00022.jpg":[23.00557678669423,120.26928640567533],"image-00015.jpg":[23.005468645191904,120.26937949631905],"image-00063.jpg":[23.006164513587226,120.26874840900973],"image-00100.jpg":[23.006585582532512,120.26837451544438],"image-00037.jpg":[23.005817215829293,120.26907180726279],"image-00115.jpg":[23.006710467789013,120.26827555139573],"image-00087.jpg":[23.006450154509874,120.26848557313971],"image-00011.jpg":[23.00541124057986,120.2694295766529],"image-00084.jpg":[23.006416258480872,120.26851606201305],"image-00091.jpg":[23.00649424958153,120.26844807600057],"image-00047.jpg":[23.005964129437032,120.26893385528346],"image-00038.jpg":[23.005832485211613,120.26905767650834],"image-00101.jpg":[23.00659523028455,120.2683672647427],"image-00017.jpg":[23.005498496851573,120.26935365853008],"image-00006.jpg":[23.0053421356931,120.2694899950558],"image-00072.jpg":[23.006275255481714,120.26865009461713],"image-00036.jpg":[23.0058014297256,120.26908623433769],"image-00056.jpg":[23.006078325772975,120.26882565526941],"image-00107.jpg":[23.006650847519058,120.2683252174445],"image-00003.jpg":[23.00530263377091,120.26952522592151],"image-00092.jpg":[23.006504849348737,120.26843932292985],"image-00121.jpg":[23.006744246031086,120.26824349847305],"image-00076.jpg":[23.00632429918306,120.26860489291008],"image-00041.jpg":[23.00587754701839,120.2690159478729],"image-00082.jpg":[23.00639367738917,120.2685373962708],"image-00032.jpg":[23.00573796365521,120.26914409779224],"image-00021.jpg":[23.005560718616074,120.26929996877601],"image-00108.jpg":[23.00665941497618,120.26831877527809],"image-00048.jpg":[23.00597717535166,120.26892050174109],"image-00026.jpg":[23.005640985674173,120.2692308774409],"image-00065.jpg":[23.006189138291635,120.26872692495655],"image-00089.jpg":[23.006472582147122,120.26846647214612],"image-00029.jpg":[23.005689133917862,120.26918817843926],"image-00071.jpg":[23.006262751136298,120.26866128294124],"image-00009.jpg":[23.005383288124825,120.26945388464524],"image-00113.jpg":[23.006697207651758,120.26828745519816],"image-00051.jpg":[23.006015649457872,120.26888332623125]}