{"image-00070.jpg":[23.00626738497253,120.26868201529726],"image-00095.jpg":[23.006557626026897,120.2684085483735],"image-00034.jpg":[23.005779574363338,120.26914761883506],"image-00102.jpg":[23.006626202232557,120.26834902219073],"image-00077.jpg":[23.00635467246336,120.26859885211275],"image-00058.jpg":[23.00611817147643,120.26882110750604],"image-00117.jpg":[23.00674455520762,120.2682446403932],"image-00008.jpg":[23.005373794453387,120.26952207928099],"image-00085.jpg":[23.006447803826102,120.2685072558321],"image-00020.jpg":[23.005551079133824,120.2693592407882],"image-00069.jpg":[23.00625469311157,120.26869380224595],"image-00013.jpg":[23.00544482071445,120.26945648176451],"image-00080.jpg":[23.00639038054662,120.26856357337303],"image-00050.jpg":[23.006016774083555,120.26891801032436],"image-00066.jpg":[23.006217622239276,120.26872843590269],"image-00005.jpg":[23.005332805542405,120.26955995414716],"image-00040.jpg":[23.005873281762124,120.26905806666878],"image-00025.jpg":[23.00563193728161,120.26928585098786],"image-00019.jpg":[23.005535225665753,120.2693737882388],"image-00094.jpg":[23.00654724108359,120.26841750834299],"image-00098.jpg":[23.006587530814567,120.26838209501983],"image-00104.jpg":[23.006645216054647,120.26833301972741],"image-00054.jpg":[23.0060679822298,120.26886856940109],"image-00124.jpg":[23.00678176444134,120.26820846557467],"image-00001.jpg":[23.00529485565808,120.26959489161034],"image-00031.jpg":[23.00573001795334,120.26919393515911],"image-00078.jpg":[23.006366716878162,120.26858701996133],"image-00110.jpg":[23.006696677980596,120.26828921168709],"image-00059.jpg":[23.00613075793543,120.26880944356027],"image-00090.jpg":[23.006504393765237,120.26845545158001],"image-00123.jpg":[23.00677686749853,120.26821310876463],"image-00118.jpg":[23.00675034323056,120.26823898787255],"image-00043.jpg":[23.00591903441635,120.26901422438334],"image-00064.jpg":[23.00619307703128,120.26875134122994],"image-00075.jpg":[23.00633019350095,120.26862261830746],"image-00035.jpg":[23.005795467754353,120.26913238831389],"image-00010.jpg":[23.005402077502815,120.26949607530972],"image-00046.jpg":[23.00596319193557,120.26897149614214],"image-00114.jpg":[23.006725793359237,120.26826267339578],"image-00052.jpg":[23.00604238391828,120.26889311880927],"image-00099.jpg":[23.006597333485523,120.26837349348907],"image-00111.jpg":[23.006704184047326,120.26828248593716],"image-00112.jpg":[23.006711626903925,120.26827570857513],"image-00125.jpg":[23.006786478058366,120.2682039860781],"image-00083.jpg":[23.00642477107896,120.2685294520456],"image-00039.jpg":[23.00585849571359,120.269072648437],"image-00062.jpg":[23.006168155241255,120.26877443755717],"image-00023.jpg":[23.005599337423,120.269315334886],"image-00105.jpg":[23.006654418203556,120.26832530481619],"image-00028.jpg":[23.00568126405537,120.26924001457573],"image-00120.jpg":[23.006761345226742,120.26822813330115],"image-00033.jpg":[23.005763427572067,120.26916276020074],"image-00002.jpg":[23.005297162153227,120.2695929602552],"image-00079.jpg":[23.006378675888264,120.26857541177438],"image-00027.jpg":[23.005665146539442,120.26925513803803],"image-00057.jpg":[23.006105673279258,120.26883284730515],"image-00096.jpg":[23.00656768449496,120.26839962006437],"image-00004.jpg":[23.005319606784905,120.2695724940792],"image-00109.jpg":[23.006688907173746,120.26829601703272],"image-00093.jpg":[23.006536592993143,120.26842680794371],"image-00106.jpg":[23.00666350304721,120.26831768144308],"image-00045.jpg":[23.00594897800763,120.26898527849312],"image-00016.jpg":[23.005489477239987,120.26941588397548],"image-00053.jpg":[23.006055193966834,120.26888086807423],"image-00103.jpg":[23.00663581325467,120.26834091532636],"image-00081.jpg":[23.006401850175227,120.2685519780533],"image-00061.jpg":[23.00615560796438,120.26878593934846],"image-00014.jpg":[23.005459435804703,120.26944311543006],"image-00012.jpg":[23.005430284867767,120.26946971237086],"image-00044.jpg":[23.005934344443308,120.26899964204561],"image-00116.jpg":[23.006738503364915,120.26825046792177],"image-00074.jpg":[23.006317678770365,120.26863432860523],"image-00119.jpg":[23.006755949316986,120.26823350327041],"image-00030.jpg":[23.00571397136054,120.2692095273964],"image-00073.jpg":[23.00630522577949,120.26864650126927],"image-00088.jpg":[23.00648157649709,120.2684756626459],"image-00049.jpg":[23.00600362608514,120.26893098427205],"image-00042.jpg":[23.005903882997295,120.26902905583178],"image-00055.jpg":[23.006080642544376,120.26885661921769],"image-00067.jpg":[23.006230194457387,120.26871696466569],"image-00024.jpg":[23.0056155787455,120.26930057368332],"image-00097.jpg":[23.006577734790636,120.26839073508958],"image-00086.jpg":[23.00645930519209,120.26849656066432],"image-00068.jpg":[23.006242495518574,120.26870551244855],"image-00018.jpg":[23.005519703860312,120.26938806924989],"image-00060.jpg":[23.006143184646927,120.26879763650328],"image-00007.jpg":[23.00535975267798,120.26953487807732],"image-00122.jpg":[23.006771884010927,120.26821792883385],"image-00022.jpg":[23.005583660199033,120.2693298604593],"image-00015.jpg":[23.00547429180066,120.2694295803118],"image-00063.jpg":[23.006180583674027,120.26876278160154],"image-00100.jpg":[23.00660695983783,120.26836520034797],"image-00037.jpg":[23.005827433799585,120.26910219065137],"image-00115.jpg":[23.00673232263448,120.26825647933893],"image-00087.jpg":[23.006470662524332,120.26848597523825],"image-00011.jpg":[23.00541618439695,120.26948303640646],"image-00084.jpg":[23.006436301854492,120.26851828013758],"image-00091.jpg":[23.006515176790572,120.26844563285059],"image-00047.jpg":[23.00597691786233,120.26895771868024],"image-00038.jpg":[23.005842956312183,120.26908733954534],"image-00101.jpg":[23.006616610742704,120.26835710794344],"image-00017.jpg":[23.005504506484495,120.26940195559712],"image-00006.jpg":[23.005346211535617,120.2695474793203],"image-00072.jpg":[23.006292725998595,120.26865823881198],"image-00036.jpg":[23.005811388122602,120.26911739030686],"image-00056.jpg":[23.006093217217856,120.26884468762753],"image-00107.jpg":[23.006672270031974,120.26831026629007],"image-00003.jpg":[23.00530617373731,120.26958487447766],"image-00092.jpg":[23.00652585360804,120.26843613637435],"image-00121.jpg":[23.00676669196292,120.2682229750128],"image-00076.jpg":[23.00634254457933,120.26861066105675],"image-00041.jpg":[23.00588875569965,120.26904347999084],"image-00082.jpg":[23.00641331827535,120.26854059100776],"image-00032.jpg":[23.00574691771664,120.26917841662926],"image-00021.jpg":[23.00556742844383,120.26934446432824],"image-00108.jpg":[23.006680837636416,120.26830307463959],"image-00048.jpg":[23.005990290765997,120.26894403625948],"image-00026.jpg":[23.0056485620514,120.26927041022375],"image-00065.jpg":[23.00620548540471,120.26873982650375],"image-00089.jpg":[23.006493306515928,120.26846543421394],"image-00029.jpg":[23.00569735470727,120.26922503032225],"image-00071.jpg":[23.00628005424519,120.2686701092494],"image-00009.jpg":[23.005387900534704,120.26950900947827],"image-00113.jpg":[23.006718898611382,120.26826911380289],"image-00051.jpg":[23.00602953469691,120.26890539358291]}