{
    "image-00002.jpg": {
        "24.382777,120.653555": [
            66266.0, 
            66266.0, 
            66266.0, 
            68315.0, 
            68315.0, 
            68827.0, 
            68827.0, 
            66268.0, 
            66268.0, 
            66268.0, 
            66268.0, 
            67292.0, 
            67292.0, 
            67292.0, 
            70364.0, 
            61661.0, 
            61661.0, 
            66269.0, 
            66269.0, 
            66269.0, 
            66269.0, 
            66781.0, 
            66781.0, 
            66781.0, 
            68317.0, 
            68317.0, 
            68829.0, 
            68829.0, 
            70877.0, 
            70877.0, 
            58590.0, 
            58590.0, 
            60126.0, 
            60638.0, 
            65758.0, 
            65758.0, 
            65758.0, 
            68830.0, 
            61663.0, 
            61663.0, 
            63199.0, 
            64223.0, 
            64274.0, 
            64786.0, 
            70934.0, 
            70934.0, 
            58081.0, 
            58081.0, 
            58593.0, 
            58593.0, 
            58593.0, 
            60641.0, 
            61153.0, 
            58594.0, 
            58594.0, 
            59106.0, 
            59106.0, 
            60130.0, 
            60130.0, 
            60642.0, 
            60642.0, 
            61154.0, 
            65313.0, 
            66337.0, 
            66849.0, 
            64802.0, 
            66850.0, 
            64804.0, 
            65828.0, 
            66340.0, 
            66852.0, 
            64806.0, 
            65831.0, 
            66855.0, 
            71466.0, 
            71466.0, 
            71468.0, 
            70444.0, 
            70444.0, 
            70956.0, 
            70956.0, 
            68909.0, 
            68909.0, 
            69421.0, 
            69421.0, 
            70957.0, 
            70957.0, 
            70957.0, 
            68910.0, 
            68910.0, 
            71439.0, 
            71441.0
        ]
    }, 
    "image-00007.jpg": {
        "24.382821,120.653469": [
            68349.0, 
            68349.0, 
            64730.0, 
            76558.0, 
            76558.0, 
            58134.0, 
            61208.0, 
            71449.0, 
            71449.0, 
            71449.0, 
            60697.0, 
            61209.0, 
            61209.0, 
            71450.0, 
            71450.0, 
            61210.0, 
            61210.0, 
            61722.0, 
            61722.0, 
            64738.0, 
            71453.0, 
            71453.0, 
            71453.0, 
            71965.0, 
            71965.0, 
            70941.0, 
            71454.0, 
            71454.0, 
            72478.0, 
            71455.0, 
            71455.0, 
            71455.0, 
            65316.0, 
            65316.0, 
            65828.0, 
            65828.0, 
            65317.0, 
            64295.0, 
            64807.0, 
            64807.0, 
            65319.0, 
            65319.0, 
            65831.0, 
            65831.0, 
            65832.0, 
            65832.0, 
            66344.0, 
            64809.0, 
            64809.0, 
            64809.0, 
            65321.0, 
            65321.0, 
            65321.0, 
            66345.0, 
            64810.0, 
            64810.0, 
            65322.0, 
            65322.0, 
            76076.0, 
            76076.0, 
            76076.0, 
            64812.0, 
            64812.0, 
            65324.0, 
            65324.0, 
            65836.0, 
            65836.0, 
            65325.0, 
            65325.0, 
            65837.0, 
            65837.0, 
            65837.0, 
            65838.0, 
            65838.0, 
            65838.0, 
            72423.0, 
            72423.0, 
            65255.0, 
            65841.0, 
            70374.0, 
            74028.0, 
            72984.0
        ]
    }, 
    "image-00012.jpg": {
        "24.382866,120.653382": [
            58147.0, 
            65828.0, 
            65830.0, 
            65319.0, 
            65319.0, 
            65831.0, 
            65831.0, 
            66343.0, 
            66343.0, 
            61224.0, 
            61224.0, 
            61224.0, 
            61736.0, 
            61736.0, 
            61736.0, 
            62248.0, 
            65320.0, 
            65320.0, 
            65832.0, 
            65832.0, 
            58665.0, 
            58665.0, 
            60201.0, 
            60201.0, 
            60713.0, 
            60713.0, 
            61225.0, 
            61225.0, 
            61737.0, 
            61737.0, 
            61737.0, 
            58666.0, 
            61738.0, 
            65768.0, 
            72428.0, 
            61649.0
        ]
    }
}