{"image-00070.jpg":[24.995488212920066,121.48249259081021],"image-00095.jpg":[24.995558841263644,121.48269308154994],"image-00034.jpg":[24.995475199286044,121.48245223297481],"image-00102.jpg":[24.995592819558492,121.4827689056387],"image-00077.jpg":[24.995502915713008,121.48253824256162],"image-00058.jpg":[24.99547594848842,121.48245479324618],"image-00117.jpg":[24.995677652191553,121.4829721813081],"image-00008.jpg":[24.99543974640084,121.48232406331294],"image-00085.jpg":[24.995526694163026,121.48260924497558],"image-00020.jpg":[24.995467718856098,121.48242718197717],"image-00069.jpg":[24.995486740276206,121.4824881732149],"image-00013.jpg":[24.99545174728947,121.48237095154116],"image-00080.jpg":[24.99551098979081,121.48256262493015],"image-00050.jpg":[24.99547519928596,121.48245223297454],"image-00066.jpg":[24.995482765609,121.48247597893031],"image-00005.jpg":[24.99543315276559,121.48229662101119],"image-00040.jpg":[24.995475199286012,121.48245223297471],"image-00025.jpg":[24.99547378880433,121.48244721288413],"image-00019.jpg":[24.995465902951402,121.48242112290288],"image-00094.jpg":[24.995555472656374,121.48268455091494],"image-00098.jpg":[24.995571474381975,121.48272222827325],"image-00104.jpg":[24.995604431623974,121.48279472210477],"image-00054.jpg":[24.995475199285938,121.48245223297448],"image-00124.jpg":[24.995717239232434,121.48306311627469],"image-00001.jpg":[24.99542701556568,121.48227118466478],"image-00031.jpg":[24.995475199286066,121.48245223297485],"image-00078.jpg":[24.995505567135364,121.48254609907599],"image-00110.jpg":[24.99563912348135,121.48287736036023],"image-00059.jpg":[24.995476479915027,121.4824561134152],"image-00090.jpg":[24.995542756918187,121.48265323746759],"image-00123.jpg":[24.995711466282632,121.48305123692242],"image-00118.jpg":[24.995682779809403,121.48298589093034],"image-00043.jpg":[24.995475199286,121.48245223297467],"image-00064.jpg":[24.99548053150493,121.48246901169864],"image-00075.jpg":[24.995497933395278,121.48252326100037],"image-00035.jpg":[24.995475199286044,121.4824522329748],"image-00010.jpg":[24.995444235301143,121.48234226470481],"image-00046.jpg":[24.995475199285984,121.4824522329746],"image-00114.jpg":[24.99566130725499,121.48293238529098],"image-00052.jpg":[24.99547519928595,121.4824522329745],"image-00099.jpg":[24.99557656897215,121.48273359018731],"image-00111.jpg":[24.995644683153554,121.48289118790501],"image-00112.jpg":[24.995650151943426,121.48290515307889],"image-00125.jpg":[24.995722929187128,121.483074604741],"image-00083.jpg":[24.995520229191204,121.4825897951464],"image-00039.jpg":[24.99547519928602,121.48245223297474],"image-00062.jpg":[24.995478635571406,121.48246298577388],"image-00023.jpg":[24.99547195635629,121.48244117082727],"image-00105.jpg":[24.995610322733476,121.48280837770713],"image-00028.jpg":[24.995475027985695,121.4824517512996],"image-00120.jpg":[24.995693988096352,121.48301302750149],"image-00033.jpg":[24.995475199286055,121.48245223297482],"image-00002.jpg":[24.995427300572118,121.48227279339001],"image-00079.jpg":[24.995508266722823,121.48255417562606],"image-00027.jpg":[24.99547483686371,121.48245076721832],"image-00057.jpg":[24.995475199285924,121.48245223297445],"image-00096.jpg":[24.99556252911148,121.48270201272351],"image-00004.jpg":[24.99543103439836,121.48228752429497],"image-00109.jpg":[24.995633463464966,121.48286344945714],"image-00093.jpg":[24.995552223034373,121.4826764788877],"image-00106.jpg":[24.995616241527255,121.48282215740295],"image-00045.jpg":[24.995475199285988,121.48245223297462],"image-00016.jpg":[24.995459435328033,121.48239866951045],"image-00053.jpg":[24.99547519928595,121.48245223297448],"image-00103.jpg":[24.995598730865968,121.48278160173457],"image-00081.jpg":[24.995513967529906,121.48257139906835],"image-00061.jpg":[24.995477760360778,121.48246044246628],"image-00014.jpg":[24.995454341772923,121.48238060690699],"image-00012.jpg":[24.995449160268578,121.48236109691369],"image-00044.jpg":[24.995475199285995,121.48245223297464],"image-00116.jpg":[24.99567231176539,121.48295891597559],"image-00074.jpg":[24.995495600576643,121.48251630380332],"image-00119.jpg":[24.99568833812222,121.48299971150999],"image-00030.jpg":[24.99547519928607,121.48245223297486],"image-00073.jpg":[24.99549341352013,121.48250968429106],"image-00088.jpg":[24.995536632762104,121.4826366838719],"image-00049.jpg":[24.995475199285963,121.48245223297457],"image-00042.jpg":[24.99547519928601,121.48245223297468],"image-00055.jpg":[24.995475199285934,121.48245223297445],"image-00067.jpg":[24.99548402122194,121.48247980226509],"image-00024.jpg":[24.99547298484169,121.48244449214033],"image-00097.jpg":[24.995566836861013,121.48271206197683],"image-00086.jpg":[24.99553001774081,121.48261873890218],"image-00068.jpg":[24.9954852390924,121.48248384683981],"image-00018.jpg":[24.995463912194094,121.48241443091646],"image-00060.jpg":[24.99547696321885,121.48245808307172],"image-00007.jpg":[24.995437514345657,121.4823148612413],"image-00122.jpg":[24.995705730063783,121.48303880275934],"image-00022.jpg":[24.9954707022938,121.48243724649284],"image-00015.jpg":[24.995456902323134,121.48238989817959],"image-00063.jpg":[24.99547950939396,121.48246584361137],"image-00100.jpg":[24.995581783291627,121.48274508633587],"image-00037.jpg":[24.99547519928604,121.48245223297477],"image-00115.jpg":[24.99566674912416,121.48294595383224],"image-00087.jpg":[24.99553336823639,121.48262796959227],"image-00011.jpg":[24.995446555828032,121.48235165006457],"image-00084.jpg":[24.99552342386169,121.48259943545244],"image-00091.jpg":[24.99554585420511,121.48266105145247],"image-00047.jpg":[24.995475199285984,121.4824522329746],"image-00038.jpg":[24.99547519928603,121.48245223297474],"image-00101.jpg":[24.99558719993282,121.48275699189637],"image-00017.jpg":[24.995461796082658,121.48240693081394],"image-00006.jpg":[24.995435223757873,121.482305884245],"image-00072.jpg":[24.99549152017775,121.48250343118104],"image-00036.jpg":[24.99547519928604,121.48245223297477],"image-00056.jpg":[24.99547519928593,121.48245223297445],"image-00107.jpg":[24.99562204020724,121.48283592656472],"image-00003.jpg":[24.995428793172298,121.48227873394065],"image-00092.jpg":[24.9955490579942,121.48266877121983],"image-00121.jpg":[24.995699842132904,121.48302609165948],"image-00076.jpg":[24.995500360847544,121.48253055235898],"image-00041.jpg":[24.99547519928601,121.48245223297468],"image-00082.jpg":[24.995517074942757,121.4825805184175],"image-00032.jpg":[24.99547519928606,121.48245223297482],"image-00021.jpg":[24.995469261217583,121.48243255275644],"image-00108.jpg":[24.99562775399651,121.48284969113982],"image-00048.jpg":[24.995475199285973,121.48245223297458],"image-00026.jpg":[24.995474397074723,121.48244928269602],"image-00065.jpg":[24.995481555708324,121.4824722946403],"image-00089.jpg":[24.995539772663193,121.48264515918777],"image-00029.jpg":[24.995475199286073,121.48245223297488],"image-00071.jpg":[24.995489782314873,121.48249769699652],"image-00009.jpg":[24.995441922757117,121.48233325663787],"image-00113.jpg":[24.995655730961467,121.4829189542179],"image-00051.jpg":[24.995475199285956,121.48245223297454]}