{"image-00070.jpg":[24.99550121769762,121.48249510446522],"image-00095.jpg":[24.9955692047597,121.48269027359535],"image-00034.jpg":[24.99548890201533,121.48245610989474],"image-00102.jpg":[24.995603091184524,121.48276513049929],"image-00077.jpg":[24.99551514397467,121.48253932429154],"image-00058.jpg":[24.9954895986376,121.48245858180417],"image-00117.jpg":[24.99568688580574,121.48296483485154],"image-00008.jpg":[24.99545643177552,121.48233335675884],"image-00085.jpg":[24.995537823182023,121.48260819182332],"image-00020.jpg":[24.995481929755794,121.48243199378919],"image-00069.jpg":[24.99549981277704,121.4824908094355],"image-00013.jpg":[24.995467222549458,121.48237813852026],"image-00080.jpg":[24.995522835055127,121.48256300411234],"image-00050.jpg":[24.99548890201525,121.48245610989449],"image-00066.jpg":[24.995496051641762,121.48247907985846],"image-00005.jpg":[24.995450593418187,121.48230715990016],"image-00040.jpg":[24.9954889020153,121.48245610989463],"image-00025.jpg":[24.995487610286542,121.48245133333634],"image-00019.jpg":[24.99548023730111,121.48242616999372],"image-00094.jpg":[24.995565900609197,121.48268189812873],"image-00098.jpg":[24.995581746367723,121.48271896649449],"image-00104.jpg":[24.99561467867193,121.48279063357217],"image-00054.jpg":[24.995488902015225,121.48245610989441],"image-00124.jpg":[24.995726275975475,121.48305487518971],"image-00001.jpg":[24.995445166380748,121.482282972652],"image-00031.jpg":[24.995488902015346,121.48245610989477],"image-00078.jpg":[24.995517677593345,121.48254695709294],"image-00110.jpg":[24.995648963324236,121.48287176976233],"image-00059.jpg":[24.995490121785224,121.4824598826313],"image-00090.jpg":[24.99555338104947,121.48265112850454],"image-00123.jpg":[24.99572043205776,121.48304286606695],"image-00118.jpg":[24.995691870836012,121.48297822952225],"image-00043.jpg":[24.995488902015286,121.4824561098946],"image-00064.jpg":[24.99549393293243,121.48247230044382],"image-00075.jpg":[24.99551039915831,121.48252480708618],"image-00035.jpg":[24.995488902015325,121.48245610989471],"image-00010.jpg":[24.995460431223805,121.48235072698456],"image-00046.jpg":[24.995488902015264,121.48245610989454],"image-00114.jpg":[24.99567078174902,121.48292581167168],"image-00052.jpg":[24.995488902015236,121.48245610989444],"image-00099.jpg":[24.99558682817202,121.48273018833173],"image-00111.jpg":[24.995654428299513,121.48288534062794],"image-00112.jpg":[24.995659795655076,121.48289911779136],"image-00125.jpg":[24.995731996107086,121.48306612078939],"image-00083.jpg":[24.995531666918968,121.48258934501916],"image-00039.jpg":[24.995488902015307,121.48245610989466],"image-00062.jpg":[24.99549214916365,121.48246650015449],"image-00023.jpg":[24.99548589336736,121.48244548668913],"image-00105.jpg":[24.99562052407952,121.48280407718637],"image-00028.jpg":[24.995488742332338,121.48245568131547],"image-00120.jpg":[24.995702935298034,121.483004941381],"image-00033.jpg":[24.995488902015335,121.48245610989474],"image-00002.jpg":[24.99544539224411,121.48228447750049],"image-00079.jpg":[24.995520252497187,121.4825547975106],"image-00027.jpg":[24.995488583758736,121.48245474698739],"image-00057.jpg":[24.995488902015214,121.4824561098944],"image-00096.jpg":[24.995572840660376,121.48269903164913],"image-00004.jpg":[24.995448732352244,121.4822984748605],"image-00109.jpg":[24.995643396226864,121.48285815185677],"image-00093.jpg":[24.995562701619125,121.48267394467828],"image-00106.jpg":[24.995626394649598,121.48281764754293],"image-00045.jpg":[24.995488902015275,121.48245610989456],"image-00016.jpg":[24.995474258814347,121.48240461874487],"image-00053.jpg":[24.995488902015232,121.48245610989443],"image-00103.jpg":[24.99560901782771,121.48277771893054],"image-00081.jpg":[24.995525678278092,121.48257149354296],"image-00061.jpg":[24.99549130881638,121.48246401821623],"image-00014.jpg":[24.995469587346186,121.48238740838619],"image-00012.jpg":[24.99546488290787,121.48236872566453],"image-00044.jpg":[24.995488902015282,121.48245610989457],"image-00116.jpg":[24.99568163831101,121.48295183652753],"image-00074.jpg":[24.995508173083408,121.48251805416436],"image-00119.jpg":[24.995697344016584,121.48299186290882],"image-00030.jpg":[24.99548890201535,121.48245610989478],"image-00073.jpg":[24.995506087005428,121.48251159928778],"image-00088.jpg":[24.99554743621654,121.48263495572652],"image-00049.jpg":[24.99548890201525,121.48245610989449],"image-00042.jpg":[24.99548890201529,121.4824561098946],"image-00055.jpg":[24.995488902015225,121.4824561098944],"image-00067.jpg":[24.99549723934835,121.48248274305485],"image-00024.jpg":[24.995486862358753,121.48244871376197],"image-00097.jpg":[24.995577115182442,121.482708949422],"image-00086.jpg":[24.995541018125753,121.48261742370842],"image-00068.jpg":[24.99549837252226,121.48248660914592],"image-00018.jpg":[24.995478377856017,121.48241968900324],"image-00060.jpg":[24.995490554413795,121.4824617812288],"image-00007.jpg":[24.995454456798658,121.48232461700792],"image-00122.jpg":[24.995714700143875,121.48303063904459],"image-00022.jpg":[24.99548471054635,121.48244171103406],"image-00015.jpg":[24.995471922797364,121.48239624863535],"image-00063.jpg":[24.99549296488815,121.48246923444384],"image-00100.jpg":[24.995592045292724,121.48274161284496],"image-00037.jpg":[24.995488902015314,121.48245610989468],"image-00115.jpg":[24.99567611863801,121.48293904969007],"image-00087.jpg":[24.99554425470851,121.48262638929344],"image-00011.jpg":[24.99546249611713,121.48235965508334],"image-00084.jpg":[24.995534708061996,121.48259869018068],"image-00091.jpg":[24.995556419195143,121.48265879050982],"image-00047.jpg":[24.995488902015264,121.48245610989454],"image-00038.jpg":[24.99548890201531,121.48245610989467],"image-00101.jpg":[24.99559744641507,121.48275329479651],"image-00017.jpg":[24.99547643484644,121.48241252765216],"image-00006.jpg":[24.995452395582802,121.48231602068503],"image-00072.jpg":[24.99550431460613,121.48250555619892],"image-00036.jpg":[24.99548890201532,121.48245610989471],"image-00056.jpg":[24.995488902015214,121.4824561098944],"image-00107.jpg":[24.995632129280267,121.48283118026127],"image-00003.jpg":[24.995446725296592,121.48229012677325],"image-00092.jpg":[24.995559584899098,121.4826663985198],"image-00121.jpg":[24.995708762031793,121.48301775408086],"image-00076.jpg":[24.995512718716245,121.48253192740651],"image-00041.jpg":[24.995488902015296,121.48245610989463],"image-00082.jpg":[24.995528646270362,121.48258031008424],"image-00032.jpg":[24.99548890201534,121.48245610989477],"image-00021.jpg":[24.99548335590748,121.48243715827816],"image-00108.jpg":[24.995637766900476,121.48284468330002],"image-00048.jpg":[24.995488902015257,121.4824561098945],"image-00026.jpg":[24.99548817664264,121.48245333408676],"image-00065.jpg":[24.995494897889444,121.48247548104277],"image-00089.jpg":[24.995550486684518,121.48264325027006],"image-00029.jpg":[24.995488902015357,121.48245610989481],"image-00071.jpg":[24.99550269167307,121.4825000456913],"image-00009.jpg":[24.99545835232839,121.4823421376606],"image-00113.jpg":[24.995665271647578,121.48291257631259],"image-00051.jpg":[24.995488902015236,121.48245610989446]}