{"image-00070.jpg":[24.99545194948658,121.48248477614544],"image-00095.jpg":[24.995531137806708,121.48267978216475],"image-00034.jpg":[24.99543694692526,121.48244578714036],"image-00102.jpg":[24.995566666624747,121.48275433838492],"image-00077.jpg":[24.99546891906184,121.48252900193538],"image-00058.jpg":[24.995437841065414,121.48244826215117],"image-00117.jpg":[24.99565709994293,121.48295343442854],"image-00008.jpg":[24.995393841070918,121.48232288346026],"image-00085.jpg":[24.995496007150106,121.48259784475937],"image-00020.jpg":[24.995428093568812,121.48242165512694],"image-00069.jpg":[24.99545026807112,121.48248048126675],"image-00013.jpg":[24.99540886815236,121.48236775364666],"image-00080.jpg":[24.99547815588078,121.48255268080638],"image-00050.jpg":[24.995436946925157,121.48244578714012],"image-00066.jpg":[24.995445709009243,121.48246876086768],"image-00005.jpg":[24.99538537085639,121.48229661560404],"image-00040.jpg":[24.995436946925214,121.48244578714029],"image-00025.jpg":[24.995435245696896,121.48244100897824],"image-00019.jpg":[24.995425948278896,121.48241582874775],"image-00094.jpg":[24.99552748719044,121.48267142362712],"image-00098.jpg":[24.99554446399156,121.48270837144415],"image-00104.jpg":[24.99557879768429,121.48277973866495],"image-00054.jpg":[24.995436946925132,121.48244578714007],"image-00124.jpg":[24.995698865474633,121.4830431971736],"image-00001.jpg":[24.995377511352523,121.48227237357024],"image-00031.jpg":[24.995436946925274,121.48244578714043],"image-00078.jpg":[24.99547193307774,121.4825366323278],"image-00110.jpg":[24.995615709874368,121.48286061258521],"image-00059.jpg":[24.995438414153234,121.48244956035853],"image-00090.jpg":[24.995513820453468,121.48264073022816],"image-00123.jpg":[24.995692929354515,121.48303122752482],"image-00118.jpg":[24.99566274439892,121.48296680877496],"image-00043.jpg":[24.9954369469252,121.48244578714022],"image-00064.jpg":[24.995443123032672,121.48246197689599],"image-00075.jpg":[24.99546323130136,121.48251448971212],"image-00035.jpg":[24.99543694692525,121.48244578714036],"image-00010.jpg":[24.995399545328834,121.48234029472434],"image-00046.jpg":[24.99543694692518,121.48244578714018],"image-00114.jpg":[24.995639601558736,121.48291452539483],"image-00052.jpg":[24.995436946925146,121.48244578714008],"image-00099.jpg":[24.99554979070486,121.48271954857981],"image-00111.jpg":[24.995621701374098,121.48287415072744],"image-00112.jpg":[24.995627650708535,121.48288790919915],"image-00125.jpg":[24.995704644809233,121.48305436136337],"image-00083.jpg":[24.99548862553172,121.48257900428104],"image-00039.jpg":[24.995436946925224,121.4824457871403],"image-00062.jpg":[24.995440920918625,121.48245617747],"image-00023.jpg":[24.995433085711966,121.48243515673042],"image-00105.jpg":[24.99558502044633,121.48279313511941],"image-00028.jpg":[24.995436760040917,121.48244536320246],"image-00120.jpg":[24.995674735222902,121.48299345038336],"image-00033.jpg":[24.995436946925267,121.48244578714039],"image-00002.jpg":[24.99537792808566,121.48227388423642],"image-00079.jpg":[24.995475011197353,121.48254447087875],"image-00027.jpg":[24.99543649094217,121.48244442468967],"image-00057.jpg":[24.99543694692512,121.48244578714002],"image-00096.jpg":[24.995535079673818,121.48268851369524],"image-00004.jpg":[24.995382613570925,121.48228790369252],"image-00109.jpg":[24.995609635980347,121.48284703439194],"image-00093.jpg":[24.995523982942473,121.48266348623925],"image-00106.jpg":[24.995591280848405,121.48280665959626],"image-00045.jpg":[24.99543694692519,121.4824457871402],"image-00016.jpg":[24.99541819846542,121.48239425855579],"image-00053.jpg":[24.995436946925135,121.48244578714008],"image-00103.jpg":[24.9955727885802,121.48276687148415],"image-00081.jpg":[24.995481530468997,121.48256116314352],"image-00061.jpg":[24.995439931270703,121.4824536959751],"image-00014.jpg":[24.99541206066691,121.48237704083061],"image-00012.jpg":[24.995405661090484,121.48235832520177],"image-00044.jpg":[24.995436946925196,121.48244578714022],"image-00116.jpg":[24.99565134929848,121.48294046997128],"image-00074.jpg":[24.995460574343166,121.4825077388408],"image-00119.jpg":[24.995668741839594,121.48298041656449],"image-00030.jpg":[24.99543694692528,121.48244578714045],"image-00073.jpg":[24.995458067420223,121.48250128128447],"image-00088.jpg":[24.995507055609455,121.4826245788395],"image-00049.jpg":[24.995436946925164,121.48244578714014],"image-00042.jpg":[24.995436946925206,121.48244578714025],"image-00055.jpg":[24.995436946925125,121.48244578714005],"image-00067.jpg":[24.995447143870987,121.48247241924241],"image-00024.jpg":[24.99543429047623,121.48243838723326],"image-00097.jpg":[24.99553964112386,121.48269840061764],"image-00086.jpg":[24.99549974012772,121.4826070688806],"image-00068.jpg":[24.995448577759976,121.48247628456765],"image-00018.jpg":[24.995423584494205,121.48240933913824],"image-00060.jpg":[24.995439031733028,121.48245146546955],"image-00007.jpg":[24.99539099006021,121.48231412553336],"image-00122.jpg":[24.995686985192926,121.48301906267949],"image-00022.jpg":[24.9954316372568,121.48243138274194],"image-00015.jpg":[24.9954151717252,121.48238588640571],"image-00063.jpg":[24.995441944365627,121.48245891084864],"image-00100.jpg":[24.995555233060056,121.48273093227354],"image-00037.jpg":[24.99543694692524,121.48244578714032],"image-00115.jpg":[24.995645461625536,121.48292772381578],"image-00087.jpg":[24.995503457915152,121.4826160201593],"image-00011.jpg":[24.995402487825196,121.48234924073554],"image-00084.jpg":[24.995492277371525,121.48258834715776],"image-00091.jpg":[24.99551717203982,121.48264837514971],"image-00047.jpg":[24.99543694692517,121.48244578714016],"image-00038.jpg":[24.995436946925235,121.4824457871403],"image-00101.jpg":[24.995560864752555,121.4827425556928],"image-00017.jpg":[24.99542103334459,121.48240217321646],"image-00006.jpg":[24.995388115771334,121.48230550960375],"image-00072.jpg":[24.995455835211246,121.48249523305596],"image-00036.jpg":[24.995436946925246,121.48244578714034],"image-00056.jpg":[24.99543694692512,121.48244578714002],"image-00107.jpg":[24.99559744649607,121.48282014917072],"image-00003.jpg":[24.995379808244138,121.48227954351769],"image-00092.jpg":[24.9955205956841,121.48265596338271],"image-00121.jpg":[24.99568084683277,121.48300620251214],"image-00076.jpg":[24.99546600767894,121.48252161317097],"image-00041.jpg":[24.99543694692521,121.48244578714026],"image-00082.jpg":[24.995485046450902,121.48256997100027],"image-00032.jpg":[24.99543694692527,121.48244578714042],"image-00021.jpg":[24.995429944866146,121.48242682535363],"image-00108.jpg":[24.995603544882083,121.48283361043835],"image-00048.jpg":[24.99543694692517,121.48244578714015],"image-00026.jpg":[24.99543597076634,121.4824430123578],"image-00065.jpg":[24.99544431854577,121.482465159571],"image-00089.jpg":[24.995510524063466,121.48263286369263],"image-00029.jpg":[24.995436946925285,121.48244578714045],"image-00071.jpg":[24.995453790542726,121.48248972113097],"image-00009.jpg":[24.995396654724363,121.4823316901994],"image-00113.jpg":[24.99563364346599,121.48290132468298],"image-00051.jpg":[24.995436946925146,121.4824457871401]}