{"image-00070.jpg":[25.08661539972648,121.58835676793646],"image-00095.jpg":[25.08663972378643,121.58860948987166],"image-00034.jpg":[25.08645288091531,121.58765677269494],"image-00102.jpg":[25.08662483135046,121.5886596638986],"image-00077.jpg":[25.086635926969414,121.5884474172004],"image-00058.jpg":[25.086565493475717,121.58815820684325],"image-00117.jpg":[25.086564622236864,121.58877467683787],"image-00008.jpg":[25.08632097165351,121.5870009978313],"image-00085.jpg":[25.086646957522763,121.58852551370276],"image-00020.jpg":[25.08638423981709,121.58731421888535],"image-00069.jpg":[25.086611917203253,121.5883425860501],"image-00013.jpg":[25.08634846503076,121.58713766680262],"image-00080.jpg":[25.086641760129588,121.5884792524484],"image-00050.jpg":[25.086526815056992,121.58800900269262],"image-00066.jpg":[25.086599999304983,121.58829398102446],"image-00005.jpg":[25.08630462023758,121.58692160422405],"image-00040.jpg":[25.086480981763376,121.58779612267325],"image-00025.jpg":[25.08640942836708,121.58743856900819],"image-00019.jpg":[25.086379142098902,121.58728909789104],"image-00094.jpg":[25.08664108058757,121.58860198698184],"image-00098.jpg":[25.086634343226017,121.58863125808833],"image-00104.jpg":[25.086619464172983,121.58867233421181],"image-00054.jpg":[25.086545930709406,121.58808294014884],"image-00124.jpg":[25.086524871355625,121.58884346097302],"image-00001.jpg":[25.086291004950397,121.58685444172383],"image-00031.jpg":[25.086438089507205,121.5875830329075],"image-00078.jpg":[25.08663809019026,121.58845853692577],"image-00110.jpg":[25.086598096675555,121.58871494193654],"image-00059.jpg":[25.08656993997944,121.58817545742971],"image-00090.jpg":[25.08664548984797,121.5885689195121],"image-00123.jpg":[25.086530588764106,121.58883350188765],"image-00118.jpg":[25.08655929677407,121.5887838475515],"image-00043.jpg":[25.08649477027982,121.58786554321489],"image-00064.jpg":[25.086592013862347,121.58826190171412],"image-00075.jpg":[25.086630898052086,121.58842398026454],"image-00035.jpg":[25.086457809332764,121.58768056159649],"image-00010.jpg":[25.086332051148673,121.58705571026161],"image-00046.jpg":[25.08650759104012,121.58792780233077],"image-00114.jpg":[25.086579695449178,121.5887485396147],"image-00052.jpg":[25.086536338593664,121.58804641980998],"image-00099.jpg":[25.08663235468322,121.58863838711584],"image-00111.jpg":[25.086593960672655,121.58872267441228],"image-00112.jpg":[25.086589735251327,121.58873052400672],"image-00125.jpg":[25.086519118418032,121.58885350367571],"image-00083.jpg":[25.08664598242173,121.58850841154268],"image-00039.jpg":[25.086476500093873,121.58777379969604],"image-00062.jpg":[25.086583715894793,121.58822911465049],"image-00023.jpg":[25.086399503925172,121.58738863557791],"image-00105.jpg":[25.086616514831363,121.58867873749348],"image-00028.jpg":[25.086423101790512,121.58750761388868],"image-00120.jpg":[25.08654846514608,121.58880245859746],"image-00033.jpg":[25.08644804608589,121.5876319324793],"image-00002.jpg":[25.086291972075394,121.58685924771513],"image-00079.jpg":[25.086640021224085,121.58846915953238],"image-00027.jpg":[25.086418036464675,121.58748221137947],"image-00057.jpg":[25.08656091153523,121.58814045288253],"image-00096.jpg":[25.08663805874206,121.5886168194134],"image-00004.jpg":[25.086299352626988,121.58689521151807],"image-00109.jpg":[25.086602001251485,121.58870748922237],"image-00093.jpg":[25.08664265985206,121.58859275886667],"image-00106.jpg":[25.086613381205563,121.58868517669708],"image-00045.jpg":[25.086503374426922,121.58790738406755],"image-00016.jpg":[25.086363345009236,121.58721088284203],"image-00053.jpg":[25.08654110828044,121.58806482936481],"image-00103.jpg":[25.08662224659009,121.58866597978928],"image-00081.jpg":[25.086643589475443,121.58849073660305],"image-00061.jpg":[25.086579459342083,121.58821255232112],"image-00014.jpg":[25.086353861230254,121.58716491745861],"image-00012.jpg":[25.086343052414087,121.5871107032248],"image-00044.jpg":[25.086499008943015,121.58788650538617],"image-00116.jpg":[25.08656977693851,121.58876573858896],"image-00074.jpg":[25.086628153317122,121.58841194701307],"image-00119.jpg":[25.086553903438592,121.588793115909],"image-00030.jpg":[25.086432981496717,121.58755745343747],"image-00073.jpg":[25.08662471196576,121.5883968604308],"image-00088.jpg":[25.086646801173444,121.5885523732386],"image-00049.jpg":[25.086521952219112,121.58798987868482],"image-00042.jpg":[25.086490410771592,121.58784406287336],"image-00055.jpg":[25.0865515193729,121.58810466085865],"image-00067.jpg":[25.086603767360753,121.58830987367827],"image-00024.jpg":[25.08640452288577,121.58741409514668],"image-00097.jpg":[25.086636257511888,121.58862413981151],"image-00086.jpg":[25.086647204501645,121.58853397782451],"image-00068.jpg":[25.086608211345272,121.58832802835664],"image-00018.jpg":[25.08637395394147,121.58726350487288],"image-00060.jpg":[25.086574324076665,121.58819241128872],"image-00007.jpg":[25.086315484932474,121.58697431876294],"image-00122.jpg":[25.086536268170534,121.5888236203151],"image-00022.jpg":[25.086394347966557,121.58736432820379],"image-00015.jpg":[25.086357988003545,121.58718472789525],"image-00063.jpg":[25.08658796978465,121.58824564319164],"image-00100.jpg":[25.086630190676747,121.58864495959563],"image-00037.jpg":[25.08646727670428,121.58772834179126],"image-00115.jpg":[25.086574796734784,121.58875704631174],"image-00087.jpg":[25.086647140769287,121.58854243372303],"image-00011.jpg":[25.086337636090295,121.58708337385175],"image-00084.jpg":[25.08664674091884,121.58851694572269],"image-00091.jpg":[25.08664472488529,121.58857689441223],"image-00047.jpg":[25.086511958395587,121.58794739559862],"image-00038.jpg":[25.08647194437475,121.58775150231735],"image-00101.jpg":[25.08662736384459,121.58865311274543],"image-00017.jpg":[25.08636879980691,121.58723725817237],"image-00006.jpg":[25.086309922964787,121.58694799140375],"image-00072.jpg":[25.086621800727656,121.58838392196583],"image-00036.jpg":[25.08646251587069,121.58770485207641],"image-00056.jpg":[25.086556239578563,121.58812273155587],"image-00107.jpg":[25.086609337003324,121.5886932205405],"image-00003.jpg":[25.08629495429087,121.58687358043721],"image-00092.jpg":[25.086643681911863,121.5885848091196],"image-00121.jpg":[25.086541830936213,121.58881393297142],"image-00076.jpg":[25.086633512276304,121.58843587641388],"image-00041.jpg":[25.086486002787556,121.58782176743426],"image-00082.jpg":[25.08664498144677,121.5884996670278],"image-00032.jpg":[25.0864430430454,121.58760780004746],"image-00021.jpg":[25.086389398185148,121.58733957399599],"image-00108.jpg":[25.086605754878008,121.58870019615222],"image-00048.jpg":[25.08651738298948,121.58797082881811],"image-00026.jpg":[25.086413113692494,121.58745723675443],"image-00065.jpg":[25.086596096976923,121.58827816049785],"image-00089.jpg":[25.086646192862705,121.58856070511528],"image-00029.jpg":[25.086427922595004,121.58753245392099],"image-00071.jpg":[25.086618687977666,121.58837060552622],"image-00009.jpg":[25.086326474064766,121.5870282595388],"image-00113.jpg":[25.086585247229635,121.58873859938484],"image-00051.jpg":[25.086531570744192,121.58802812934603]}