{"image-00070.jpg":[25.086623119522635,121.58834662722435],"image-00095.jpg":[25.086633707578503,121.58859975161857],"image-00034.jpg":[25.086494549511844,121.58763815687428],"image-00102.jpg":[25.08661525179577,121.5886484971713],"image-00077.jpg":[25.0866391602157,121.58843824503293],"image-00058.jpg":[25.0865830148832,121.58814580676453],"image-00117.jpg":[25.086545596782912,121.58875801643995],"image-00008.jpg":[25.086393972299543,121.5869742509348],"image-00085.jpg":[25.086646129880375,121.58851678020554],"image-00020.jpg":[25.086442305909262,121.58729140159238],"image-00069.jpg":[25.08662034764446,121.5883322995333],"image-00013.jpg":[25.08641493533039,121.58711261402587],"image-00080.jpg":[25.086643387936302,121.58847035251938],"image-00050.jpg":[25.086551575350473,121.58799471482946],"image-00066.jpg":[25.08661083133292,121.5882831507206],"image-00005.jpg":[25.0863813880459,121.58689383058356],"image-00040.jpg":[25.08651597401663,121.58777921192713],"image-00025.jpg":[25.086461554927038,121.58741729951493],"image-00019.jpg":[25.08643841381386,121.58726597520806],"image-00094.jpg":[25.086635548525027,121.5885923803404],"image-00098.jpg":[25.08662682345753,121.58862097827407],"image-00104.jpg":[25.086608909206998,121.588660674148],"image-00054.jpg":[25.086567138392603,121.58806963193751],"image-00124.jpg":[25.086500018023138,121.58882320264188],"image-00001.jpg":[25.086370963937743,121.58682580978171],"image-00031.jpg":[25.086483294589947,121.58756352110711],"image-00078.jpg":[25.08664076354805,121.58844946363692],"image-00110.jpg":[25.086584084058938,121.58870132091042],"image-00059.jpg":[25.08658661697717,121.58816326530444],"image-00090.jpg":[25.086642063583547,121.58855982331582],"image-00123.jpg":[25.086506579502068,121.58881376404182],"image-00118.jpg":[25.08653949790278,121.58876671161295],"image-00043.jpg":[25.086526417943116,121.5878494531024],"image-00064.jpg":[25.086604436315312,121.58825071702599],"image-00075.jpg":[25.086635291819253,121.58841456424992],"image-00035.jpg":[25.08649832863494,121.58766222712285],"image-00010.jpg":[25.086402452932596,121.58702966328028],"image-00046.jpg":[25.086536252423343,121.5879124751103],"image-00114.jpg":[25.086562877583653,121.58873323664463],"image-00052.jpg":[25.086559286029313,121.58803260492908],"image-00099.jpg":[25.086624334361616,121.58862791453348],"image-00111.jpg":[25.086579306887316,121.58870867419911],"image-00112.jpg":[25.0865744305736,121.58871613828421],"image-00125.jpg":[25.086493421682206,121.5888327308927],"image-00083.jpg":[25.086646113458038,121.58849970302639],"image-00039.jpg":[25.0865125450926,121.5877565943074],"image-00062.jpg":[25.086597757049503,121.58821755598014],"image-00023.jpg":[25.086454037390855,121.58736677714671],"image-00105.jpg":[25.086605449381885,121.58866680019696],"image-00028.jpg":[25.086471911281937,121.58748717214476],"image-00120.jpg":[25.08652708393824,121.58878434039568],"image-00033.jpg":[25.086490910772902,121.58761302419605],"image-00002.jpg":[25.086371705928343,121.58683068125126],"image-00079.jpg":[25.08664216422752,121.58846018374383],"image-00027.jpg":[25.086468063821876,121.58746146106347],"image-00057.jpg":[25.086579301085365,121.58812783747531],"image-00096.jpg":[25.086631546740904,121.58860691558633],"image-00004.jpg":[25.086377378692546,121.58686710786165],"image-00109.jpg":[25.086588605559147,121.58869423057561],"image-00093.jpg":[25.08663771092324,121.58858329608243],"image-00106.jpg":[25.086601800273556,121.58867295429363],"image-00045.jpg":[25.086533015181498,121.5878918064048],"image-00016.jpg":[25.086426306956216,121.5871867278048],"image-00053.jpg":[25.086563173447296,121.58805126161188],"image-00103.jpg":[25.08661218426656,121.58865457356694],"image-00081.jpg":[25.08664463003604,121.58848191850109],"image-00061.jpg":[25.08659430961776,121.58820079216959],"image-00014.jpg":[25.08641902684904,121.58714019728548],"image-00012.jpg":[25.08641080140219,121.58708530378664],"image-00044.jpg":[25.086529651846412,121.5878706714085],"image-00116.jpg":[25.086551509671086,121.58874954664645],"image-00074.jpg":[25.086633141273385,121.58840240020909],"image-00119.jpg":[25.08653331426835,121.58877548782249],"image-00030.jpg":[25.08647939953212,121.5875376132442],"image-00073.jpg":[25.086630443069303,121.58838714727676],"image-00088.jpg":[25.0866444149706,121.58854349580858],"image-00049.jpg":[25.086547649670848,121.58797536304034],"image-00042.jpg":[25.08652308676141,121.58782770829376],"image-00055.jpg":[25.08657167419009,121.58809162782401],"image-00067.jpg":[25.08661381196439,121.58829921564207],"image-00024.jpg":[25.086457828404594,121.58739253516774],"image-00097.jpg":[25.08662922410163,121.58861403339819],"image-00086.jpg":[25.086645875723352,121.58852519212718],"image-00068.jpg":[25.086617357581854,121.58831757152231],"image-00018.jpg":[25.086434414914766,121.58724002013952],"image-00060.jpg":[25.08659017186154,121.5881804247141],"image-00007.jpg":[25.086389735308217,121.58694720586364],"image-00122.jpg":[25.086513091852204,121.5888043930796],"image-00022.jpg":[25.086450026229517,121.58734214110166],"image-00015.jpg":[25.086422214906772,121.58716026655108],"image-00063.jpg":[25.08660119763337,121.5882342780846],"image-00100.jpg":[25.086621717591218,121.58863431373666],"image-00037.jpg":[25.086505506065865,121.58771058743125],"image-00115.jpg":[25.086557262226723,121.58874130411161],"image-00087.jpg":[25.08664534376477,121.58853363175544],"image-00011.jpg":[25.086406707638826,121.58705765920456],"image-00084.jpg":[25.086646411344173,121.58850825371263],"image-00091.jpg":[25.08664079185597,121.58856768281302],"image-00047.jpg":[25.086539692519455,121.5879323318522],"image-00038.jpg":[25.086509066848226,121.58773403488037],"image-00101.jpg":[25.086618278523755,121.5886421827868],"image-00017.jpg":[25.08643052328958,121.58721346171717],"image-00006.jpg":[25.086385429479616,121.58692054415333],"image-00072.jpg":[25.086628179754708,121.58837408084099],"image-00036.jpg":[25.08650186677686,121.58768680474216],"image-00056.jpg":[25.086575504750314,121.5881099110146],"image-00107.jpg":[25.086597108759648,121.58868063484583],"image-00003.jpg":[25.0863740151399,121.58684520922074],"image-00092.jpg":[25.086639255894298,121.5885754900385],"image-00121.jpg":[25.086519475361676,121.58879521166119],"image-00076.jpg":[25.08663731682587,121.58842658525961],"image-00041.jpg":[25.086519757519298,121.5878051557115],"image-00082.jpg":[25.086645567819673,121.5884909151477],"image-00032.jpg":[25.086487059559143,121.58758858788289],"image-00021.jpg":[25.08644625998298,121.58731708164625],"image-00108.jpg":[25.0865929580842,121.58868728441541],"image-00048.jpg":[25.08654400668355,121.5879560825247],"image-00026.jpg":[25.086464345579795,121.58743619365342],"image-00065.jpg":[25.08660772290643,121.58826716867097],"image-00089.jpg":[25.086643269899618,121.58855170156747],"image-00029.jpg":[25.086475535458955,121.58751230363998],"image-00071.jpg":[25.086625732628733,121.58836062863787],"image-00009.jpg":[25.086398174501227,121.58700185411998],"image-00113.jpg":[25.086569266622664,121.5887238058398],"image-00051.jpg":[25.08655539287817,121.58801406588802]}