{"image-00070.jpg":[25.086423171944315,121.58830193610805],"image-00095.jpg":[25.08657556997217,121.58858777975234],"image-00034.jpg":[25.08584161467476,121.58748310620844],"image-00102.jpg":[25.086572790836936,121.58863892884455],"image-00077.jpg":[25.086497546159038,121.5884077466782],"image-00058.jpg":[25.086252163562754,121.58806897871457],"image-00117.jpg":[25.08652257689198,121.58874856944229],"image-00008.jpg":[25.085329540178954,121.58672020580794],"image-00085.jpg":[25.086550561182133,121.58849711756886],"image-00020.jpg":[25.085574586340595,121.58708469152258],"image-00069.jpg":[25.086411102315978,121.58828532918724],"image-00013.jpg":[25.08543626438256,121.5868792004706],"image-00080.jpg":[25.086521389521298,121.58844454945206],"image-00050.jpg":[25.086121614566398,121.587893503738],"image-00066.jpg":[25.086369731464323,121.58822837691616],"image-00005.jpg":[25.085266895201762,121.58662772270509],"image-00040.jpg":[25.085950525430338,121.58764521502437],"image-00025.jpg":[25.085671975813668,121.5872293982715],"image-00019.jpg":[25.085554902610173,121.58705546275013],"image-00094.jpg":[25.086574516179212,121.58857986998004],"image-00098.jpg":[25.086576170912444,121.58861027385443],"image-00104.jpg":[25.08656939070203,121.58865138037535],"image-00054.jpg":[25.086186258300014,121.58798048844761],"image-00124.jpg":[25.08648625730372,121.58881305417017],"image-00001.jpg":[25.08521425989831,121.58654954319253],"image-00031.jpg":[25.085784114436553,121.58739734579139],"image-00078.jpg":[25.086506080617184,121.58842063195628],"image-00110.jpg":[25.086552360875938,121.58869226639487],"image-00059.jpg":[25.086267208379592,121.58808925190715],"image-00090.jpg":[25.08656727943521,121.58854460886704],"image-00123.jpg":[25.08649145410312,121.58880370900549],"image-00118.jpg":[25.086517696259097,121.58875716517798],"image-00043.jpg":[25.086004419493776,121.58772590221625],"image-00064.jpg":[25.086342236715208,121.58819076680496],"image-00075.jpg":[25.086478772036447,121.58838045559122],"image-00035.jpg":[25.085860411963424,121.58751079974618],"image-00010.jpg":[25.085372399648065,121.58678389115092],"image-00046.jpg":[25.086053509461095,121.58779838776562],"image-00114.jpg":[25.086536319291557,121.58872405033796],"image-00052.jpg":[25.086154068237263,121.58793747073713],"image-00099.jpg":[25.086575989891756,121.58861757802974],"image-00111.jpg":[25.086548835047573,121.588699609867],"image-00112.jpg":[25.086545212087493,121.58870705828957],"image-00125.jpg":[25.086481044964636,121.58882248987715],"image-00083.jpg":[25.086541372720195,121.5884779653549],"image-00039.jpg":[25.085933094439454,121.58761923107215],"image-00062.jpg":[25.08631390593612,121.58815228698322],"image-00023.jpg":[25.085633200838956,121.58717136082225],"image-00105.jpg":[25.086567268075967,121.58865759696647],"image-00028.jpg":[25.085725521652055,121.58730965039456],"image-00120.jpg":[25.086507739385716,121.5887745886399],"image-00033.jpg":[25.08582249114749,121.58745425690957],"image-00002.jpg":[25.085218017884216,121.58655513966505],"image-00079.jpg":[25.086514016802802,121.5884329148196],"image-00027.jpg":[25.08570576227467,121.5872801134924],"image-00057.jpg":[25.086236669544306,121.58804811154728],"image-00096.jpg":[25.08657602217419,121.58859540037074],"image-00004.jpg":[25.085246350566944,121.58659702501444],"image-00109.jpg":[25.086555624552727,121.58868516824444],"image-00093.jpg":[25.086573061613233,121.58857010590918],"image-00106.jpg":[25.08656485752333,121.58866380667702],"image-00045.jpg":[25.086037390568617,121.58777461288241],"image-00016.jpg":[25.085493675559395,121.58696440047096],"image-00053.jpg":[25.086170182559606,121.5879591339756],"image-00103.jpg":[25.086571247425514,121.58864516096335],"image-00081.jpg":[25.086529533775668,121.5884577517086],"image-00061.jpg":[25.086299480271038,121.5881328236835],"image-00014.jpg":[25.085457401694764,121.58691087958422],"image-00012.jpg":[25.085415217911326,121.58684782348409],"image-00044.jpg":[25.086020821064253,121.58775029013196],"image-00116.jpg":[25.086527279760944,121.58874018839919],"image-00074.jpg":[25.086468865446744,121.5883664034788],"image-00119.jpg":[25.086512736809166,121.58876583960694],"image-00030.jpg":[25.08576419199588,121.58736758555952],"image-00073.jpg":[25.086456443073644,121.5883487835891],"image-00088.jpg":[25.08656218337324,121.58852673950392],"image-00049.jpg":[25.086105045575565,121.58787104568525],"image-00042.jpg":[25.085987584983044,121.58770090619109],"image-00055.jpg":[25.086205195563466,121.588006024882],"image-00067.jpg":[25.086383046245782,121.58824696623049],"image-00024.jpg":[25.08565290300931,121.58720094187643],"image-00097.jpg":[25.086576221920215,121.58860294814782],"image-00086.jpg":[25.08655469740638,121.58850650967409],"image-00068.jpg":[25.086398485238316,121.58826823538317],"image-00018.jpg":[25.085534818886927,121.5870256399209],"image-00060.jpg":[25.086282018065152,121.58810918046866],"image-00007.jpg":[25.08530848609844,121.58668911095158],"image-00122.jpg":[25.086496616526148,121.58879443271101],"image-00022.jpg":[25.085613768250678,121.58714300073694],"image-00015.jpg":[25.085473110546932,121.58693396858986],"image-00063.jpg":[25.086328306188896,121.5881717050911],"image-00100.jpg":[25.08657529168786,121.58862424492888],"image-00037.jpg":[25.085897480400916,121.58756634331456],"image-00115.jpg":[25.086531860011192,121.58873203422829],"image-00087.jpg":[25.0865583549505,121.5885158583467],"image-00011.jpg":[25.085394026180555,121.58681606847887],"image-00084.jpg":[25.086546419570606,121.58848760714156],"image-00091.jpg":[25.086569513089703,121.58855318389662],"image-00047.jpg":[25.08606951389591,121.5878212919532],"image-00038.jpg":[25.085915579962833,121.58759328904213],"image-00101.jpg":[25.086574142693042,121.58863242213931],"image-00017.jpg":[25.085514536829542,121.58699514498576],"image-00006.jpg":[25.085287491386666,121.58665841854345],"image-00072.jpg":[25.086445865517376,121.5883336944192],"image-00036.jpg":[25.085879078715625,121.58753900705591],"image-00056.jpg":[25.086221052306115,121.58802727043646],"image-00107.jpg":[25.086561631155952,121.58867152952331],"image-00003.jpg":[25.085229383606947,121.58657185084522],"image-00092.jpg":[25.08657127641841,121.5885616395876],"image-00121.jpg":[25.086501673456805,121.58878534250671],"image-00076.jpg":[25.08648840192049,121.5883943222643],"image-00041.jpg":[25.085970313977676,121.58767500247956],"image-00082.jpg":[25.086535819517792,121.58846801394982],"image-00032.jpg":[25.0858034027589,121.58742614603567],"image-00021.jpg":[25.085594487483682,121.58711421061545],"image-00108.jpg":[25.086558703620693,121.58867820071616],"image-00048.jpg":[25.08608898220245,121.5878487303582],"image-00026.jpg":[25.085686436327062,121.58725109598464],"image-00065.jpg":[25.08635623994883,121.58820984843952],"image-00089.jpg":[25.08656482143078,121.58853573438266],"image-00029.jpg":[25.085744621667672,121.5873384955506],"image-00071.jpg":[25.086434787561927,121.58831813575613],"image-00009.jpg":[25.085350860920077,121.58675192799063],"image-00113.jpg":[25.086541248296143,121.58871468050303],"image-00051.jpg":[25.08613800891828,121.58791593865097]}