{
    "image-00011.jpg": {
        "25.002228,121.496756": [
            58372.0, 
            61956.0, 
            58374.0, 
            58374.0, 
            64009.0, 
            56339.0, 
            56340.0, 
            58390.0, 
            59915.0, 
            65025.0, 
            58904.0, 
            61965.0, 
            56344.0, 
            56858.0, 
            64005.0, 
            62469.0, 
            58385.0, 
            59921.0, 
            56327.0
        ]
    }, 
    "image-00046.jpg": {
        "25.002118,121.496677": [
            61175.0, 
            61175.0, 
            62199.0, 
            62199.0, 
            62199.0, 
            60664.0, 
            60664.0, 
            62201.0, 
            61692.0, 
            61692.0, 
            63229.0, 
            63229.0, 
            63229.0, 
            63213.0, 
            61166.0, 
            61166.0, 
            61678.0, 
            61678.0, 
            64238.0, 
            64238.0, 
            64238.0, 
            64238.0, 
            64239.0, 
            64239.0, 
            64239.0, 
            64239.0, 
            64751.0, 
            64751.0, 
            64751.0, 
            64754.0, 
            63219.0, 
            60660.0, 
            61172.0, 
            61174.0, 
            61174.0, 
            54012.0, 
            60156.0, 
            63228.0, 
            57086.0, 
            61694.0, 
            62720.0, 
            59136.0, 
            63201.0, 
            62689.0, 
            53505.0, 
            63195.0, 
            58103.0, 
            53507.0, 
            58616.0, 
            62712.0, 
            54516.0, 
            59641.0, 
            60153.0, 
            61689.0, 
            52484.0, 
            58106.0, 
            55034.0, 
            59643.0, 
            60667.0, 
            62685.0
        ]
    }
}