{"image-00011.jpg":{"25.002228,121.496756":[-483452754472206340,-9840908344548655000,1709618810278903800,-488867402562404350,-9951125589140177000,857972906250993700,-10.50544548034668,-142.41885375976562,24.779151916503906,-10.50544548034668,-142.41885375976562,24.779151916503906,-14.833474159240723,-133.75790405273438,4.9567952156066895,-25.688623428344727,-108.16970825195312,24.965896606445312,-26.53323745727539,-105.92662048339844,24.521495819091797,-28.107807159423828,-101.56857299804688,18.286216735839844,-17.690664291381836,-130.25439453125,17.853078842163086,-122706038825680900,-9998493649576395000,122715350314778620,-29.59903335571289,-97.57493591308594,16.40639305114746,-20.396337509155273,-126.76300811767578,11.056577682495117,-29.634504318237305,-97.6918716430664,22.9245662689209,-31.03302001953125,-93.93829345703125,20.943967819213867,-612791915020025900,-9974417643462984000,368071997118218240,-611545824748372000,-9954137151488655000,735645571871670300,-24.789474487304688,-117.09630584716797,20.768444061279297,-24.77716064453125,-117.03812408447266,16.247982025146484,-11.863791465759277,-137.76707458496094,31.051130294799805]},"image-00046.jpg":{"25.002118,121.496677":[-6.552953720092773,-141.4752655029297,14.457353591918945,-6.552953720092773,-141.4752655029297,14.457353591918945,-6.549803733825684,-141.61788940429688,11.238704681396484,-6.549803733825684,-141.61788940429688,11.238704681396484,-6.549803733825684,-141.61788940429688,11.238704681396484,-8.195098876953125,-137.16433715820312,15.5443115234375,-8.195098876953125,-137.16433715820312,15.5443115234375,-9.720062255859375,-128.41732788085938,10.099252700805664,-13.693011283874512,-119.5871810913086,10.689297676086426,-13.693011283874512,-119.5871810913086,10.689297676086426,-14.897697448730469,-117.08863067626953,6.517638683319092,-14.897697448730469,-117.08863067626953,6.517638683319092,-14.897697448730469,-117.08863067626953,6.517638683319092,15.04759407043457,-179.01271057128906,10.422356605529785,13.85330581665039,-185.80953979492188,19.541690826416016,13.85330581665039,-185.80953979492188,19.541690826416016,13.859963417053223,-185.85943603515625,17.360431671142578,13.859963417053223,-185.85943603515625,17.360431671142578,13.893106460571289,-186.10794067382812,6.50121545791626,13.893106460571289,-186.10794067382812,6.50121545791626,13.893106460571289,-186.10794067382812,6.50121545791626,13.893106460571289,-186.10794067382812,6.50121545791626,11.995157241821289,-188.4579315185547,6.578263759613037,11.995157241821289,-188.4579315185547,6.578263759613037,11.995157241821289,-188.4579315185547,6.578263759613037,11.995157241821289,-188.4579315185547,6.578263759613037,5.8916521072387695,-137.94378662109375,3.1353163719177246,5.8916521072387695,-137.94378662109375,3.1353163719177246,5.8916521072387695,-137.94378662109375,3.1353163719177246,0.056700628250837326,-124.5833740234375,2.794431447982788,3.91357684135437,-198.3431396484375,11.530020713806152,584088751660073000,-9907595923796525000,1224090006054764500,1.7498522996902466,-200.77557373046875,21.06653594970703,-4.796154499053955,-146.0170440673828,14.966324806213379,-4.796154499053955,-146.0170440673828,14.966324806213379,-13.662537574768066,-118.8112564086914,31.248414993286133,-13.687039375305176,-119.43507385253906,14.719584465026855,-13.698960304260254,-119.73861694335938,6.6769328117370605,-16.004976272583008,-114.001953125,21.820589065551758,-16.031883239746094,-114.42312622070312,10.193199157714844,-18.17203140258789,-109.79930877685547,7.30596923828125,-18.145551681518555,-109.50033569335938,15.888358116149902,45.18562316894531,-192.79837036132812,11.653738975524902,45.14631271362305,-192.66763305664062,13.98221206665039,-19.09476661682129,-106.83921813964844,29.177955627441406,8.763684272766113,-58.65340042114258,3.1257481575012207,-6.562490940093994,-141.04388427734375,24.1921329498291,-20.959213256835938,-102.74919891357422,28.008806228637695,-8.197754859924316,-136.89401245117188,21.82145881652832,-8.192461967468262,-137.43255615234375,9.316216468811035,567194549340864500,-9621060994574844000,2667111468897403000,-9.719352722167969,-128.1249237060547,17.353124618530273,-9.71949577331543,-128.1836395263672,15.89645767211914,-9.71992301940918,-128.3590545654297,11.545028686523438,-21.825912475585938,-100.7456283569336,29.88390350341797,-11.107434272766113,-124.89134979248047,21.18120002746582,-11.102386474609375,-124.54796600341797,29.894315719604492,-12.429945945739746,-122.15058898925781,16.47287940979004,-12.432825088500977,-122.25711822509766,13.70995807647705,40.03523254394531,-150.4700164794922,10.905994415283203]}}