{"image-00070.jpg":[24.99904307810603,121.48379003516072],"image-00095.jpg":[24.999248414619238,121.48377859455402],"image-00034.jpg":[24.998670164981647,121.48379754401623],"image-00102.jpg":[24.99936921631834,121.48377549030555],"image-00077.jpg":[24.999087801101496,121.48378637697218],"image-00058.jpg":[24.998937145492135,121.48379380711759],"image-00117.jpg":[24.999683217461886,121.48376296956465],"image-00008.jpg":[24.998326650965016,121.48378894577844],"image-00085.jpg":[24.9991359837102,121.48378219320671],"image-00020.jpg":[24.998491600328233,121.48379843639736],"image-00069.jpg":[24.999035936786672,121.48379032125573],"image-00013.jpg":[24.998394815379463,121.48379193035296],"image-00080.jpg":[24.999105095375906,121.48378458710022],"image-00050.jpg":[24.99884529024685,121.48379255148517],"image-00066.jpg":[24.99901395007044,121.48379131526018],"image-00005.jpg":[24.99828405548046,121.48378787972001],"image-00040.jpg":[24.998728194907123,121.48379470268618],"image-00025.jpg":[24.998560233953057,121.48380008130626],"image-00019.jpg":[24.9984784362988,121.4837976213835],"image-00094.jpg":[24.999233206523453,121.48377897682374],"image-00098.jpg":[24.999297666291135,121.4837771969498],"image-00104.jpg":[24.999409474402295,121.48377431276745],"image-00054.jpg":[24.99889065840278,121.48379376556936],"image-00124.jpg":[24.999824967056533,121.4837495020908],"image-00001.jpg":[24.99824148002525,121.48378708088278],"image-00031.jpg":[24.998636726106135,121.4837990031192],"image-00078.jpg":[24.99909361841858,121.48378573757057],"image-00110.jpg":[24.99953135871858,121.483769877583],"image-00059.jpg":[24.998949323225553,121.48379367805794],"image-00090.jpg":[24.999183474446784,121.48378062536725],"image-00123.jpg":[24.99980623928995,121.48375167984013],"image-00118.jpg":[24.999704101751252,121.48376155303225],"image-00043.jpg":[24.99875995669109,121.4837933480386],"image-00064.jpg":[24.99899864354081,121.48379196473914],"image-00075.jpg":[24.999075825246067,121.48378737288061],"image-00035.jpg":[24.998680210527912,121.48379711283403],"image-00010.jpg":[24.99835298338814,121.48378964608685],"image-00046.jpg":[24.99879398146757,121.48379230885558],"image-00114.jpg":[24.999612362906998,121.48376688622893],"image-00052.jpg":[24.998868027148546,121.48379323044159],"image-00099.jpg":[24.999315379325676,121.48377702360631],"image-00111.jpg":[24.999549796115073,121.48376933459443],"image-00112.jpg":[24.99956824449382,121.48376845127201],"image-00125.jpg":[24.999844634665507,121.48374653080745],"image-00083.jpg":[24.99912263905399,121.4837833246481],"image-00039.jpg":[24.998718785145538,121.48379515631186],"image-00062.jpg":[24.998981691098646,121.48379260610876],"image-00023.jpg":[24.998532770301754,121.48379958309387],"image-00105.jpg":[24.99942970027552,121.48377345876904],"image-00028.jpg":[24.998600942063984,121.48379924069631],"image-00120.jpg":[24.999743836695167,121.4837584819488],"image-00033.jpg":[24.998659573897136,121.48379812688913],"image-00002.jpg":[24.998244009430564,121.48378711607097],"image-00079.jpg":[24.99909925432429,121.48378516328012],"image-00027.jpg":[24.998587891653543,121.48379975992759],"image-00057.jpg":[24.99892493258662,121.483794016469],"image-00096.jpg":[24.99926394313296,121.48377829656641],"image-00004.jpg":[24.99826889147751,121.48378747802433],"image-00109.jpg":[24.99951174803197,121.48377080504827],"image-00093.jpg":[24.999220407649606,121.48377946500943],"image-00106.jpg":[24.999449089783287,121.48377301808122],"image-00045.jpg":[24.998782865495095,121.48379259605431],"image-00016.jpg":[24.99843620575064,121.48379433836531],"image-00053.jpg":[24.99887884033157,121.48379362694709],"image-00103.jpg":[24.999388301913882,121.48377491425857],"image-00081.jpg":[24.999110961212367,121.48378394630222],"image-00061.jpg":[24.99897171012939,121.48379299393865],"image-00014.jpg":[24.99840833817553,121.4837929099013],"image-00012.jpg":[24.998381171139595,121.48379131321528],"image-00044.jpg":[24.99877117964692,121.48379279313747],"image-00116.jpg":[24.99966094561593,121.48376430076478],"image-00074.jpg":[24.999069574286363,121.48378793187192],"image-00119.jpg":[24.99972444603558,121.48376014019183],"image-00030.jpg":[24.998624480645784,121.48379934234563],"image-00073.jpg":[24.999062863913675,121.4837884024721],"image-00088.jpg":[24.9991627312202,121.48378131985325],"image-00049.jpg":[24.99883279513582,121.48379235513318],"image-00042.jpg":[24.998749068540423,121.48379365654154],"image-00055.jpg":[24.998902234945643,121.48379391140605],"image-00067.jpg":[24.999021451748668,121.48379075972926],"image-00024.jpg":[24.998545899933625,121.48379997907028],"image-00097.jpg":[24.999280905108318,121.48377747233991],"image-00086.jpg":[24.99914423197745,121.48378190431932],"image-00068.jpg":[24.999028311265043,121.48379058535663],"image-00018.jpg":[24.99846421671286,121.48379618431399],"image-00060.jpg":[24.99896092977424,121.48379336770549],"image-00007.jpg":[24.998312964711058,121.48378835473812],"image-00122.jpg":[24.99978666785198,121.48375407150981],"image-00022.jpg":[24.99851882984219,121.48379935507434],"image-00015.jpg":[24.998422409807354,121.48379360086659],"image-00063.jpg":[24.998990348773642,121.48379242965197],"image-00100.jpg":[24.9993334726329,121.48377651428295],"image-00037.jpg":[24.99869987097497,121.48379617419278],"image-00115.jpg":[24.99963691172215,121.48376559519207],"image-00087.jpg":[24.999153045690427,121.48378157890428],"image-00011.jpg":[24.99836726004284,121.48379038387623],"image-00084.jpg":[24.99912891702077,121.48378278651953],"image-00091.jpg":[24.999194639648888,121.4837804469945],"image-00047.jpg":[24.998806626670337,121.48379212837278],"image-00038.jpg":[24.998709365398398,121.48379562031221],"image-00101.jpg":[24.999350941597267,121.48377627414658],"image-00017.jpg":[24.99844909729975,121.48379543936227],"image-00006.jpg":[24.99829857963663,121.48378824942546],"image-00072.jpg":[24.999056339601434,121.48378897756805],"image-00036.jpg":[24.998690698377334,121.48379645135864],"image-00056.jpg":[24.9989136538252,121.48379393036348],"image-00107.jpg":[24.99946961594455,121.48377176389432],"image-00003.jpg":[24.99825394837171,121.48378711669268],"image-00092.jpg":[24.999207273908446,121.48377991639478],"image-00121.jpg":[24.999765264865058,121.48375622162104],"image-00076.jpg":[24.999081980924558,121.48378687589327],"image-00041.jpg":[24.99873828254481,121.48379415767761],"image-00082.jpg":[24.999116962635767,121.483783567458],"image-00032.jpg":[24.99864908714976,121.48379820398634],"image-00021.jpg":[24.998504929235445,121.48379900293324],"image-00108.jpg":[24.99949011874711,121.48377110720884],"image-00048.jpg":[24.9988200784221,121.48379210130133],"image-00026.jpg":[24.998574477805782,121.48379995769713],"image-00065.jpg":[24.999006068503306,121.48379162311241],"image-00089.jpg":[24.999172634952778,121.48378116829974],"image-00029.jpg":[24.998612714879375,121.4837992205387],"image-00071.jpg":[24.999049759617932,121.48378950676401],"image-00009.jpg":[24.99833969456821,121.48378923810131],"image-00113.jpg":[24.999587095162425,121.48376798856886],"image-00051.jpg":[24.998857523097744,121.4837924923986]}