{"image-00070.jpg":[24.999008520177284,121.48380098240514],"image-00095.jpg":[24.99921107669282,121.48379496941676],"image-00034.jpg":[24.998638033502154,121.48379734219236],"image-00102.jpg":[24.99933098881036,121.48379539161928],"image-00077.jpg":[24.999052475656935,121.48379834630853],"image-00058.jpg":[24.998903699558078,121.48380167980557],"image-00117.jpg":[24.999641778965646,121.48379161658633],"image-00008.jpg":[24.998293057528926,121.48377739112868],"image-00085.jpg":[24.99909967994056,121.48379531030454],"image-00020.jpg":[24.998460089415065,121.48379263760927],"image-00069.jpg":[24.99900145600611,121.48380106711413],"image-00013.jpg":[24.998361905266574,121.48378265757688],"image-00080.jpg":[24.999069385377947,121.48379692435908],"image-00050.jpg":[24.998811629021535,121.48379751078961],"image-00066.jpg":[24.998979848727863,121.48380137099417],"image-00005.jpg":[24.998250187199922,121.48377498084918],"image-00040.jpg":[24.99869528255896,121.4837961221935],"image-00025.jpg":[24.998528932161452,121.48379659020037],"image-00019.jpg":[24.99844679704871,121.4837913242149],"image-00094.jpg":[24.99919607083063,121.48379484452389],"image-00098.jpg":[24.99925990161832,121.48379502248346],"image-00104.jpg":[24.99937090483348,121.48379538713647],"image-00054.jpg":[24.99885721208702,121.48380022762785],"image-00124.jpg":[24.999780240978065,121.48378153535326],"image-00001.jpg":[24.998207505573532,121.48377278580102],"image-00031.jpg":[24.99860502401573,121.48379783974676],"image-00078.jpg":[24.999058132505485,121.48379784313593],"image-00110.jpg":[24.999491613903157,121.48379439680987],"image-00059.jpg":[24.998915869514466,121.4838018932245],"image-00090.jpg":[24.99914690049151,121.48379499440935],"image-00123.jpg":[24.99976204586927,121.48378329124174],"image-00118.jpg":[24.99966233363895,121.4837907253517],"image-00043.jpg":[24.998726625540094,121.48379569554193],"image-00064.jpg":[24.998964741863155,121.4838015739447],"image-00075.jpg":[24.99904071941364,121.48379906274198],"image-00035.jpg":[24.99864796799732,121.48379718935462],"image-00010.jpg":[24.998319527853415,121.48377895370437],"image-00046.jpg":[24.998760288457213,121.48379568695566],"image-00114.jpg":[24.99957186932485,121.48379366287317],"image-00052.jpg":[24.998834484761154,121.48379895163806],"image-00099.jpg":[24.999277575456794,121.48379536954627],"image-00111.jpg":[24.9995098647738,121.48379441047123],"image-00112.jpg":[24.9995280632864,121.48379404832872],"image-00125.jpg":[24.999799144548042,121.48377898757721],"image-00083.jpg":[24.999086627183218,121.48379610333342],"image-00039.jpg":[24.99868600168491,121.48379630973106],"image-00062.jpg":[24.998948021052524,121.48380169560501],"image-00023.jpg":[24.998501393298913,121.48379519986176],"image-00105.jpg":[24.999390941245167,121.48379507369611],"image-00028.jpg":[24.998569296931525,121.4837970150351],"image-00120.jpg":[24.999701435099144,121.4837885709955],"image-00033.jpg":[24.998627604926593,121.48379763047416],"image-00002.jpg":[24.998210029540164,121.48377290906794],"image-00079.jpg":[24.999063661341054,121.48379737844508],"image-00027.jpg":[24.998556470610108,121.48379710902809],"image-00057.jpg":[24.99889151733569,121.48380154866169],"image-00096.jpg":[24.999226513553225,121.48379513272681],"image-00004.jpg":[24.998234940757076,121.48377408502394],"image-00109.jpg":[24.99947226496097,121.48379477021786],"image-00093.jpg":[24.999183458024397,121.48379493365663],"image-00106.jpg":[24.99941012097695,121.48379525781314],"image-00045.jpg":[24.998749280962674,121.48379563195887],"image-00016.jpg":[24.99840381462401,121.48378651846828],"image-00053.jpg":[24.998845383810817,121.48379970760706],"image-00103.jpg":[24.999349912052413,121.48379536770358],"image-00081.jpg":[24.99907509293098,121.48379641944686],"image-00061.jpg":[24.9989381281479,121.48380181259557],"image-00014.jpg":[24.99837565509958,121.48378411743383],"image-00012.jpg":[24.998348134736347,121.48378157200116],"image-00044.jpg":[24.99873767227537,121.48379547005868],"image-00116.jpg":[24.99961982166233,121.48379237113801],"image-00074.jpg":[24.999034588048595,121.48379948155414],"image-00119.jpg":[24.999682374430815,121.48378980466029],"image-00030.jpg":[24.998592828226926,121.48379785468002],"image-00073.jpg":[24.99902798513598,121.48379978589995],"image-00088.jpg":[24.99912631814955,121.48379511521487],"image-00049.jpg":[24.998799087737506,121.48379692367396],"image-00042.jpg":[24.998715841161346,121.48379567684185],"image-00055.jpg":[24.998868823866054,121.48380073226801],"image-00067.jpg":[24.998987146766638,121.48380105117181],"image-00024.jpg":[24.998514574565363,121.48379604822811],"image-00097.jpg":[24.999243197205065,121.48379481785742],"image-00086.jpg":[24.999107884751975,121.48379523266325],"image-00068.jpg":[24.998993928241877,121.48380109615815],"image-00018.jpg":[24.998432250541367,121.48378934770042],"image-00060.jpg":[24.998927415793393,121.48380190178601],"image-00007.jpg":[24.998279213472056,121.48377635780851],"image-00122.jpg":[24.999743169748875,121.48378517476614],"image-00022.jpg":[24.998487384387833,121.48379454530212],"image-00015.jpg":[24.99838986811337,121.48378529656979],"image-00063.jpg":[24.99895659750353,121.48380179438661],"image-00100.jpg":[24.99929553477362,121.48379537864142],"image-00037.jpg":[24.998667341009487,121.48379682109608],"image-00115.jpg":[24.999596076451812,121.48379304483674],"image-00087.jpg":[24.99911667307581,121.48379511482443],"image-00011.jpg":[24.998333968142482,121.48378018158353],"image-00084.jpg":[24.999092774267663,121.48379571868705],"image-00091.jpg":[24.999157974592578,121.48379517312131],"image-00047.jpg":[24.998772859399907,121.48379589624881],"image-00038.jpg":[24.99867669413051,121.48379652107212],"image-00101.jpg":[24.999312920205654,121.4837956661776],"image-00017.jpg":[24.99841695718555,121.48378809259161],"image-00006.jpg":[24.998264797036477,121.4837758157936],"image-00072.jpg":[24.999021582717237,121.4838002147452],"image-00036.jpg":[24.998658263130878,121.4837968216604],"image-00056.jpg":[24.998880224334226,121.48380111230846],"image-00107.jpg":[24.999430274870623,121.48379458464294],"image-00003.jpg":[24.998219979896092,121.48377320167337],"image-00092.jpg":[24.99917044973231,121.48379500850879],"image-00121.jpg":[24.999722290879838,121.48378682177238],"image-00076.jpg":[24.99904678344915,121.48379869844806],"image-00041.jpg":[24.99870519294582,121.48379587536951],"image-00082.jpg":[24.999081009479628,121.48379619140202],"image-00032.jpg":[24.998617170026407,121.48379737413586],"image-00021.jpg":[24.998473529429507,121.4837936616682],"image-00108.jpg":[24.99945061817197,121.48379450220943],"image-00048.jpg":[24.99878629445434,121.48379627971855],"image-00026.jpg":[24.99854311490781,121.4837969087917],"image-00065.jpg":[24.99897206764043,121.48380144435211],"image-00089.jpg":[24.999136217716522,121.4837952299394],"image-00029.jpg":[24.998580981504258,121.4837974049548],"image-00071.jpg":[24.999015122009823,121.48380058716342],"image-00009.jpg":[24.998306178254172,121.48377809195767],"image-00113.jpg":[24.999546814751888,121.48379411406631],"image-00051.jpg":[24.99882383041174,121.48379782810989]}