{"image-00070.jpg":[24.99901777100634,121.48379790060972],"image-00095.jpg":[24.99922120546528,121.48379155289815],"image-00034.jpg":[24.99864660380771,121.48379504365255],"image-00102.jpg":[24.9993413854965,121.48379173550288],"image-00077.jpg":[24.999062000851346,121.48379521936153],"image-00058.jpg":[24.99891264823076,121.48379881663894],"image-00117.jpg":[24.999653177896665,121.4837873931155],"image-00008.jpg":[24.99830204381179,121.48377590557853],"image-00085.jpg":[24.999109513194533,121.48379211928349],"image-00020.jpg":[24.99846851976219,121.48379074857006],"image-00069.jpg":[24.999010684106384,121.48379799889804],"image-00013.jpg":[24.998370726706387,121.48378101911686],"image-00080.jpg":[24.99907904195957,121.48379378246457],"image-00050.jpg":[24.998820615793566,121.4837948457162],"image-00066.jpg":[24.998989003951394,121.48379836461677],"image-00005.jpg":[24.998259221221527,121.4837735792546],"image-00040.jpg":[24.998704071013847,121.48379371079855],"image-00025.jpg":[24.998537281618045,121.48379452734892],"image-00019.jpg":[24.998455277748175,121.48378947700587],"image-00094.jpg":[24.999206170226806,121.48379147483486],"image-00098.jpg":[24.999270147156945,121.48379150318621],"image-00104.jpg":[24.999381399945015,121.48379164994068],"image-00054.jpg":[24.99886613877189,121.48379745527875],"image-00124.jpg":[24.99979261862819,121.48377710620619],"image-00001.jpg":[24.998216573685394,121.48377148545424],"image-00031.jpg":[24.998613481487958,121.48379561122866],"image-00078.jpg":[24.999067703494685,121.48379470738043],"image-00110.jpg":[24.999502468258626,121.48379043146076],"image-00059.jpg":[24.998924834396522,121.483799011679],"image-00090.jpg":[24.999156869073854,121.48379174047697],"image-00123.jpg":[24.999774267569492,121.48377888752437],"image-00118.jpg":[24.99967383941036,121.48378647173922],"image-00043.jpg":[24.998735518312913,121.4837932141384],"image-00064.jpg":[24.99897384698357,121.48379860108032],"image-00075.jpg":[24.99905017045943,121.48379594962572],"image-00035.jpg":[24.99865657238403,121.48379487266112],"image-00010.jpg":[24.998328480135644,121.48377740847506],"image-00046.jpg":[24.998769264822556,121.4837931260748],"image-00114.jpg":[24.999582967120837,121.48378955384266],"image-00052.jpg":[24.998843436448823,121.48379623136574],"image-00099.jpg":[24.999287842322662,121.48379181779197],"image-00111.jpg":[24.999520763267597,121.48379040279094],"image-00112.jpg":[24.99953902952667,121.4837900035008],"image-00125.jpg":[24.99981173026165,121.48377452826801],"image-00083.jpg":[24.99909637807568,121.48379293516149],"image-00039.jpg":[24.998694755406003,121.48379391739107],"image-00062.jpg":[24.998957077112127,121.48379876555167],"image-00023.jpg":[24.998509763154505,121.48379320027718],"image-00105.jpg":[24.999401505282066,121.48379130540127],"image-00028.jpg":[24.99857771907297,121.48379485357611],"image-00120.jpg":[24.999713172824176,121.48378427724006],"image-00033.jpg":[24.99863613128689,121.48379535299324],"image-00002.jpg":[24.998219096090015,121.48377160118977],"image-00079.jpg":[24.99907327520185,121.48379424066539],"image-00027.jpg":[24.99856485489621,121.48379498752342],"image-00057.jpg":[24.998900444537682,121.48379870414706],"image-00096.jpg":[24.99923666991636,121.48379168456462],"image-00004.jpg":[24.998243994112162,121.48377271717393],"image-00109.jpg":[24.999483048029305,121.48379084422254],"image-00093.jpg":[24.99919352053402,121.4837915981116],"image-00106.jpg":[24.999420720841623,121.48379143618803],"image-00045.jpg":[24.99875823364529,121.48379309784198],"image-00016.jpg":[24.99841249437352,121.48378477682164],"image-00053.jpg":[24.998854314349266,121.48379696277577],"image-00103.jpg":[24.99936035676243,121.48379167398366],"image-00081.jpg":[24.999084795530578,121.48379326911268],"image-00061.jpg":[24.998947152557296,121.48379889854981],"image-00014.jpg":[24.998384417759254,121.4837824462004],"image-00012.jpg":[24.99835699112038,121.48377996699995],"image-00044.jpg":[24.998746606620614,121.483792962554],"image-00116.jpg":[24.999631118952518,121.48378818191156],"image-00074.jpg":[24.99904399758028,121.48379637463967],"image-00119.jpg":[24.99969398753547,121.48378552646221],"image-00030.jpg":[24.998601254990753,121.48379564195594],"image-00073.jpg":[24.999037359211624,121.48379668819436],"image-00088.jpg":[24.999136228633407,121.48379189600875],"image-00049.jpg":[24.998808080967052,121.48379428375327],"image-00042.jpg":[24.9987247085421,121.48379321987954],"image-00055.jpg":[24.998877747036502,121.48379793701798],"image-00067.jpg":[24.998996340473074,121.48379802089929],"image-00024.jpg":[24.998522923164394,121.4837940135191],"image-00097.jpg":[24.999253414796613,121.4837913273816],"image-00086.jpg":[24.999117742928586,121.48379203214995],"image-00068.jpg":[24.999003135888227,121.48379804723147],"image-00018.jpg":[24.99844082077047,121.48378753894066],"image-00060.jpg":[24.998936408380473,121.48379900234931],"image-00007.jpg":[24.998288231376335,121.48377489884919],"image-00122.jpg":[24.99975522523608,121.48378081694048],"image-00022.jpg":[24.998495761443067,121.48379257116616],"image-00015.jpg":[24.998398590995457,121.48378359017482],"image-00063.jpg":[24.998965668506695,121.48379884177058],"image-00100.jpg":[24.999305845151873,121.48379179303143],"image-00037.jpg":[24.99867601652051,121.48379446087671],"image-00115.jpg":[24.99960727291883,121.48378889036121],"image-00087.jpg":[24.999126560032693,121.483791908774],"image-00011.jpg":[24.99834287806533,121.48377860252253],"image-00084.jpg":[24.99910256462057,121.48379254121083],"image-00091.jpg":[24.999167959218873,121.48379189014764],"image-00047.jpg":[24.99878185346305,121.48379330663408],"image-00038.jpg":[24.998685411629907,121.48379414429357],"image-00101.jpg":[24.999323255104603,121.48379204385334],"image-00017.jpg":[24.99842556944657,121.48378631776782],"image-00006.jpg":[24.998273813973494,121.4837743838223],"image-00072.jpg":[24.999030913985248,121.48379712339181],"image-00036.jpg":[24.998666916220067,121.48379448250228],"image-00056.jpg":[24.99888915147406,121.4837982909911],"image-00107.jpg":[24.99944096714092,121.48379071795847],"image-00003.jpg":[24.99822905224752,121.4837718768234],"image-00092.jpg":[24.99918047552432,121.48379169862841],"image-00121.jpg":[24.9997341907464,121.48378249430135],"image-00076.jpg":[24.999056272329526,121.48379558131919],"image-00041.jpg":[24.998714021554726,121.48379343937525],"image-00082.jpg":[24.99909074101348,121.4837930328027],"image-00032.jpg":[24.998625686897665,121.48379512227274],"image-00021.jpg":[24.99848192793508,121.48379173950849],"image-00108.jpg":[24.999461365556737,121.48379059966116],"image-00048.jpg":[24.99879529720089,121.48379366270606],"image-00026.jpg":[24.99855147908888,121.48379481374408],"image-00065.jpg":[24.998981199015176,121.48379845610836],"image-00089.jpg":[24.99914614505721,121.48379199844874],"image-00029.jpg":[24.998589407957112,121.48379520608722],"image-00071.jpg":[24.99902441386594,121.48379750403754],"image-00009.jpg":[24.998315152256943,121.48377658109627],"image-00113.jpg":[24.999557822749782,121.48379003792272],"image-00051.jpg":[24.998832827066835,121.48379513687263]}