{"image-00070.jpg":[24.988473701785644,121.29255469448489],"image-00095.jpg":[24.988740157094913,121.2924657676569],"image-00034.jpg":[24.98809737898771,121.29266509593953],"image-00102.jpg":[24.98880555055893,121.29244566995283],"image-00077.jpg":[24.988545327687888,121.29253417364855],"image-00111.jpg":[24.98886992756942,121.29242403971114],"image-00117.jpg":[24.988907909998353,121.29241012176477],"image-00008.jpg":[24.987665687403336,121.29279232247293],"image-00085.jpg":[24.98863293537544,121.29250280756548],"image-00020.jpg":[24.98786672705775,121.29273653632833],"image-00069.jpg":[24.988463777781043,121.29255726852656],"image-00013.jpg":[24.987749558121497,121.29276799926265],"image-00080.jpg":[24.988577030820473,121.29252345909403],"image-00050.jpg":[24.988297732394656,121.29260543240684],"image-00066.jpg":[24.98843616105921,121.29256480637517],"image-00005.jpg":[24.98761449003234,121.2928075570581],"image-00040.jpg":[24.988185641613487,121.29263991614482],"image-00025.jpg":[24.987949789936092,121.29271144849764],"image-00019.jpg":[24.987849319863713,121.29274147201122],"image-00094.jpg":[24.98872967457956,121.29246921615407],"image-00098.jpg":[24.988768908926712,121.29245688030136],"image-00104.jpg":[24.988820190974266,121.29244114823192],"image-00054.jpg":[24.98833091768056,121.29259508179946],"image-00124.jpg":[24.98894890975879,121.29239909036812],"image-00001.jpg":[24.987570637778266,121.29282001735149],"image-00031.jpg":[24.988049951177025,121.29267972070573],"image-00078.jpg":[24.98855648919232,121.29253050600423],"image-00110.jpg":[24.98886298243761,121.29242661973078],"image-00059.jpg":[24.988372358064805,121.29258281531304],"image-00090.jpg":[24.988688710651992,121.29248288066935],"image-00123.jpg":[24.988943167267163,121.29240027770243],"image-00118.jpg":[24.98891415499647,121.29240808599496],"image-00043.jpg":[24.988224516681413,121.29262842515041],"image-00064.jpg":[24.98841666928291,121.29257016090011],"image-00075.jpg":[24.988523876085413,121.29254091431898],"image-00035.jpg":[24.988113760874043,121.29266024974947],"image-00010.jpg":[24.987696987814953,121.2927827757419],"image-00046.jpg":[24.988257531285953,121.292618203729],"image-00114.jpg":[24.988888806005356,121.29241679380824],"image-00052.jpg":[24.98831357028427,121.29260047601926],"image-00099.jpg":[24.988778511463583,121.29245397080948],"image-00058.jpg":[24.988363519504002,121.29258553057498],"image-00112.jpg":[24.98887670245335,121.29242146147472],"image-00125.jpg":[24.988954561577483,121.29239787034734],"image-00083.jpg":[24.988612188700124,121.29251061604151],"image-00039.jpg":[24.988171685120047,121.29264378434209],"image-00062.jpg":[24.98839777329435,121.29257559098615],"image-00023.jpg":[24.987915225684684,121.29272217297087],"image-00105.jpg":[24.988827885903735,121.29243874528373],"image-00028.jpg":[24.98799789596076,121.29269614931255],"image-00120.jpg":[24.988925251995678,121.29240472475328],"image-00033.jpg":[24.98808056284297,121.29267024062958],"image-00002.jpg":[24.987570639691434,121.29282003078555],"image-00079.jpg":[24.98856783232141,121.2925265765625],"image-00027.jpg":[24.98798435407472,121.29270051239664],"image-00057.jpg":[24.98835466500765,121.29258811495211],"image-00096.jpg":[24.988750597035434,121.29246244845451],"image-00004.jpg":[24.987597537440173,121.29281247162473],"image-00109.jpg":[24.98885602430003,121.29242914995612],"image-00093.jpg":[24.98871882887692,121.29247275390604],"image-00106.jpg":[24.988835512924908,121.29243628135671],"image-00045.jpg":[24.98824608742355,121.29262181630108],"image-00016.jpg":[24.98779778106652,121.2927550730343],"image-00053.jpg":[24.98832223709186,121.29259778502356],"image-00103.jpg":[24.98881224483034,121.29244364574967],"image-00081.jpg":[24.98858871564386,121.29251931242379],"image-00061.jpg":[24.988390380203462,121.29257769641757],"image-00014.jpg":[24.987766789165523,121.29276330256555],"image-00012.jpg":[24.987732059764767,121.2927726764008],"image-00044.jpg":[24.988236594494722,121.29262477152514],"image-00116.jpg":[24.988901692087147,121.2924122267176],"image-00074.jpg":[24.9885131820832,121.2925439885819],"image-00119.jpg":[24.98892032562979,121.29240612987039],"image-00030.jpg":[24.988032729048342,121.29268519571959],"image-00073.jpg":[24.98850474947898,121.29254632440828],"image-00088.jpg":[24.988666955873626,121.2924903404332],"image-00049.jpg":[24.988288424892236,121.2926083623233],"image-00042.jpg":[24.98821214951264,121.29263208521687],"image-00055.jpg":[24.988339411269987,121.29259251473695],"image-00067.jpg":[24.988445928694286,121.29256213778567],"image-00024.jpg":[24.98793249330353,121.29271700865672],"image-00097.jpg":[24.988758817738212,121.29246000632838],"image-00086.jpg":[24.9886444871845,121.29249841254838],"image-00068.jpg":[24.988453882799803,121.29255988499048],"image-00018.jpg":[24.98783211173254,121.29274613275663],"image-00060.jpg":[24.988381261008918,121.29258016000293],"image-00007.jpg":[24.987648633626307,121.29279740507306],"image-00122.jpg":[24.988937302611383,121.29240162200418],"image-00022.jpg":[24.987897964607566,121.29272743898976],"image-00015.jpg":[24.987784109869825,121.29275877299273],"image-00063.jpg":[24.98840718147698,121.29257278292224],"image-00100.jpg":[24.98878787433043,121.2924511140163],"image-00037.jpg":[24.988145051264027,121.2926514004489],"image-00115.jpg":[24.988895307036834,121.29241451223112],"image-00087.jpg":[24.98865580966703,121.29249420366357],"image-00011.jpg":[24.987714510516405,121.29277776076412],"image-00084.jpg":[24.988623874527203,121.29250616548947],"image-00091.jpg":[24.988697215936156,121.29248000493473],"image-00047.jpg":[24.988268495508464,121.29261469519179],"image-00038.jpg":[24.988159992340783,121.29264724688917],"image-00101.jpg":[24.988796948247458,121.29244833044683],"image-00017.jpg":[24.987814880341194,121.29275063000688],"image-00006.jpg":[24.987631529882634,121.29280251682557],"image-00072.jpg":[24.988494374621638,121.29254922879743],"image-00036.jpg":[24.988129623366802,121.29265573627802],"image-00056.jpg":[24.988346159678414,121.29259053448182],"image-00107.jpg":[24.988842971641287,121.29243376505644],"image-00003.jpg":[24.98758392680023,121.29281641068934],"image-00092.jpg":[24.98870809093445,121.29247613568563],"image-00121.jpg":[24.98893130893852,121.29240312202182],"image-00076.jpg":[24.98853459550809,121.29253760923311],"image-00041.jpg":[24.988199099440877,121.29263599481823],"image-00082.jpg":[24.988600479357746,121.2925150840966],"image-00032.jpg":[24.988067003289345,121.29267451529122],"image-00021.jpg":[24.987884058756812,121.29273153180637],"image-00108.jpg":[24.988848827280545,121.2924317458374],"image-00048.jpg":[24.988278831057574,121.29261141991331],"image-00026.jpg":[24.987967125178727,121.29270594247961],"image-00065.jpg":[24.988426363981333,121.29256753319471],"image-00089.jpg":[24.988677921591,121.29248647108211],"image-00029.jpg":[24.9880152617773,121.29269066841157],"image-00071.jpg":[24.988483930939328,121.292552029391],"image-00009.jpg":[24.98768312291821,121.29278700072184],"image-00113.jpg":[24.988883463689728,121.2924188093697],"image-00051.jpg":[24.988304821915538,121.29260317218706]}