{"image-00070.jpg":[24.988568977717943,121.29252819089646],"image-00095.jpg":[24.988898030653193,121.29242256189875],"image-00034.jpg":[24.98810742040094,121.29265910523635],"image-00102.jpg":[24.988978513206494,121.29239868521529],"image-00077.jpg":[24.988656373571096,121.29250398394643],"image-00111.jpg":[24.989057934253598,121.29237302756152],"image-00117.jpg":[24.989104952653825,121.29235652698691],"image-00008.jpg":[24.98758423061626,121.29280781332207],"image-00085.jpg":[24.988765076631957,121.29246667206178],"image-00020.jpg":[24.98782591368788,121.29274314567655],"image-00069.jpg":[24.988556839134368,121.29253125023111],"image-00013.jpg":[24.987684834188688,121.2927797220978],"image-00080.jpg":[24.988695419169893,121.29249130022845],"image-00050.jpg":[24.9883538746111,121.29258815946162],"image-00066.jpg":[24.988523350486414,121.29254008942081],"image-00005.jpg":[24.987522598613975,121.29282547360525],"image-00040.jpg":[24.98821573172137,121.29262918879948],"image-00025.jpg":[24.987926823829365,121.29271376255802],"image-00019.jpg":[24.98780494994171,121.29274887692259],"image-00094.jpg":[24.988885122857546,121.29242664824613],"image-00098.jpg":[24.988933370097882,121.29241202212495],"image-00104.jpg":[24.988996602580922,121.29239329055105],"image-00054.jpg":[24.988394796693374,121.29257584426045],"image-00124.jpg":[24.989155561643226,121.29234328255704],"image-00001.jpg":[24.987469901008424,121.2928399028163],"image-00031.jpg":[24.988049207429324,121.29267642344138],"image-00078.jpg":[24.98867006879174,121.29249965417497],"image-00110.jpg":[24.989049347453108,121.29237608086186],"image-00059.jpg":[24.988445633671727,121.29256130092739],"image-00090.jpg":[24.98883421904874,121.29244298674045],"image-00123.jpg":[24.9891484486068,121.2923447410868],"image-00118.jpg":[24.98911270025574,121.29235409412203],"image-00043.jpg":[24.988263675138924,121.29261547821105],"image-00064.jpg":[24.98849966221232,121.29254638459878],"image-00075.jpg":[24.988629895350712,121.29251200974372],"image-00035.jpg":[24.988127472909614,121.2926533742593],"image-00010.jpg":[24.987621796743184,121.29279679143318],"image-00046.jpg":[24.988304188811522,121.29260337934055],"image-00114.jpg":[24.989081294686436,121.29236445788115],"image-00052.jpg":[24.988373314503143,121.29258229391294],"image-00099.jpg":[24.988945357766116,121.29240850583759],"image-00058.jpg":[24.988434606322233,121.29256457737836],"image-00112.jpg":[24.98906634509559,121.29236996785625],"image-00125.jpg":[24.989162534789607,121.29234179818769],"image-00083.jpg":[24.98873912750241,121.29247600873913],"image-00039.jpg":[24.988198588410707,121.29263379667881],"image-00062.jpg":[24.9884765773742,121.29255279894323],"image-00023.jpg":[24.987884758028752,121.29272633728755],"image-00105.jpg":[24.989006009589893,121.2923904594123],"image-00028.jpg":[24.987985644549145,121.29269574623875],"image-00120.jpg":[24.989126362207298,121.29235009659862],"image-00033.jpg":[24.988086740960316,121.29266521286023],"image-00002.jpg":[24.987469905612638,121.29283991722477],"image-00079.jpg":[24.988684023115713,121.29249501293515],"image-00027.jpg":[24.987968925453597,121.29270093614907],"image-00057.jpg":[24.98842407346275,121.29256753187593],"image-00096.jpg":[24.988910866454614,121.29241862924832],"image-00004.jpg":[24.987502156573296,121.2928311858783],"image-00109.jpg":[24.98904068417696,121.29237909851324],"image-00093.jpg":[24.98887159171855,121.2924309016145],"image-00106.jpg":[24.98901542420952,121.29238752955658],"image-00045.jpg":[24.98829015195944,121.2926076496772],"image-00016.jpg":[24.987742933261835,121.29276468238237],"image-00053.jpg":[24.988384013914633,121.29257908737009],"image-00103.jpg":[24.988986798013595,121.29239626299366],"image-00081.jpg":[24.98870999285703,121.29248633990001],"image-00061.jpg":[24.98846756573968,121.29255528005959],"image-00014.jpg":[24.98770574558879,121.29277420867302],"image-00012.jpg":[24.987663850666713,121.29278513102307],"image-00044.jpg":[24.98827850012341,121.29261114776548],"image-00116.jpg":[24.98909720585408,121.29235904869617],"image-00074.jpg":[24.988616847932857,121.29251563535966],"image-00119.jpg":[24.98912028919326,121.29235177541753],"image-00030.jpg":[24.988028154261176,121.29268286927214],"image-00073.jpg":[24.988606693619495,121.29251834891726],"image-00088.jpg":[24.98880721047346,121.29245188484074],"image-00049.jpg":[24.988342399977352,121.29259164297537],"image-00042.jpg":[24.988248357215515,121.29261986728855],"image-00055.jpg":[24.988405200691513,121.29257280881839],"image-00067.jpg":[24.988535218487684,121.29253695225282],"image-00024.jpg":[24.987905819693506,121.29272025837659],"image-00097.jpg":[24.988921089457044,121.29241568747082],"image-00086.jpg":[24.98877923861262,121.29246151696634],"image-00068.jpg":[24.98854486097441,121.29253431484074],"image-00018.jpg":[24.98778416720197,121.29275431524435],"image-00060.jpg":[24.988456666618664,121.29255811614931],"image-00007.jpg":[24.987563734071255,121.29281369379683],"image-00122.jpg":[24.98914123971835,121.29234636091518],"image-00022.jpg":[24.987863672645982,121.29273254194358],"image-00015.jpg":[24.987726455083283,121.29276898857832],"image-00063.jpg":[24.988488225944277,121.292549434645],"image-00100.jpg":[24.98895682161068,121.29240513084167],"image-00037.jpg":[24.98816590259889,121.2926428451816],"image-00115.jpg":[24.98908931431826,121.2923617569925],"image-00087.jpg":[24.988793269985,121.29245652513507],"image-00011.jpg":[24.987642868667706,121.29279097996088],"image-00084.jpg":[24.98875370380977,121.29247070401803],"image-00091.jpg":[24.98884488081184,121.29243951934339],"image-00047.jpg":[24.9883177052762,121.29259921136173],"image-00038.jpg":[24.98818421780213,121.29263791081848],"image-00101.jpg":[24.98896790698462,121.29240185145284],"image-00017.jpg":[24.98776347680938,121.29275952797104],"image-00006.jpg":[24.98754313403813,121.29281962234882],"image-00072.jpg":[24.988594024361312,121.2925217817144],"image-00036.jpg":[24.98814700774281,121.29264798764316],"image-00056.jpg":[24.988413593746778,121.29257042130683],"image-00107.jpg":[24.989024685562047,121.29238452509811],"image-00003.jpg":[24.987485885884617,121.29283571659292],"image-00092.jpg":[24.988858245611368,121.29243495885393],"image-00121.jpg":[24.989133872143913,121.29234815916755],"image-00076.jpg":[24.98864313331205,121.29250806852922],"image-00041.jpg":[24.98823227853316,121.29262452358907],"image-00082.jpg":[24.988724575544,121.29248131562797],"image-00032.jpg":[24.9880701252108,121.29267026064723],"image-00021.jpg":[24.987846925233626,121.29273729017727],"image-00108.jpg":[24.989031862713876,121.29238214860726],"image-00048.jpg":[24.988330359572725,121.2925953481937],"image-00026.jpg":[24.987947894774397,121.29270732080977],"image-00065.jpg":[24.988511409417363,121.29254330547099],"image-00089.jpg":[24.988820782919024,121.29244729015664],"image-00029.jpg":[24.98800690998335,121.29268927926313],"image-00071.jpg":[24.98858146705631,121.29252503163583],"image-00009.jpg":[24.987605145140172,121.29280167314761],"image-00113.jpg":[24.989074712912664,121.29236683367196],"image-00051.jpg":[24.98836255945815,121.29258549256664]}