{"image-00070.jpg":[24.988512798087786,121.29255388704675],"image-00095.jpg":[24.988840515390052,121.29244719427714],"image-00034.jpg":[24.9880399715448,121.29269389552056],"image-00102.jpg":[24.988922166922173,121.29242220440642],"image-00077.jpg":[24.988602759115793,121.29252765992234],"image-00111.jpg":[24.989001137908403,121.29239634853198],"image-00117.jpg":[24.989046888288065,121.2923802986331],"image-00008.jpg":[24.987504465330076,121.29285353748608],"image-00085.jpg":[24.98870918151894,121.29249107023496],"image-00020.jpg":[24.987754862670908,121.29278189305307],"image-00069.jpg":[24.988500069559205,121.29255735016464],"image-00013.jpg":[24.98760778766152,121.29282300559561],"image-00080.jpg":[24.988641527579578,121.2925149000391],"image-00050.jpg":[24.98829166703273,121.29261861742482],"image-00066.jpg":[24.98846526986249,121.2925671714786],"image-00005.jpg":[24.9874415064644,121.29287247697877],"image-00040.jpg":[24.98815154738925,121.29266151516217],"image-00025.jpg":[24.987857618192102,121.29275072410037],"image-00019.jpg":[24.98773323539376,121.29278817382247],"image-00094.jpg":[24.988827617334852,121.2924513507684],"image-00098.jpg":[24.9888763237637,121.2924361834041],"image-00104.jpg":[24.98894049988129,121.29241657981237],"image-00054.jpg":[24.988333051776245,121.29260581904575],"image-00124.jpg":[24.989099597067927,121.29236563111527],"image-00001.jpg":[24.987387162115972,121.2928882922162],"image-00031.jpg":[24.98798095574273,121.29271201763123],"image-00078.jpg":[24.988616446817833,121.29252324743786],"image-00110.jpg":[24.988992813666517,121.2923993041002],"image-00059.jpg":[24.98838503499446,121.29259032730764],"image-00090.jpg":[24.98877690767578,121.29246781683293],"image-00123.jpg":[24.989091878490164,121.29236745542002],"image-00118.jpg":[24.9890546472983,121.29237782227722],"image-00043.jpg":[24.98820058431987,121.2926469386473],"image-00064.jpg":[24.98844068524725,121.29257413710519],"image-00075.jpg":[24.988576024710806,121.2925359713046],"image-00035.jpg":[24.988060478948317,121.2926877828167],"image-00010.jpg":[24.987542638368094,121.29284182974789],"image-00046.jpg":[24.988241621004367,121.29263429857579],"image-00114.jpg":[24.98902358254721,121.29238815725614],"image-00052.jpg":[24.988311311887674,121.29261251788625],"image-00099.jpg":[24.98888852216389,121.29243250488555],"image-00058.jpg":[24.98837384619048,121.29259373623877],"image-00112.jpg":[24.989009239765856,121.29239341756475],"image-00125.jpg":[24.98910712101726,121.29236380770058],"image-00083.jpg":[24.988684099914945,121.29250002993766],"image-00039.jpg":[24.988133789049307,121.29266656429772],"image-00062.jpg":[24.988416937454563,121.29258107310258],"image-00023.jpg":[24.98781503093096,121.29276389768391],"image-00105.jpg":[24.98895001033033,121.29241362783549],"image-00028.jpg":[24.987916844925575,121.29273208501861],"image-00120.jpg":[24.989068550525843,121.29237361305202],"image-00033.jpg":[24.988018971400777,121.2927003026032],"image-00002.jpg":[24.98738717898313,121.29288830022675],"image-00079.jpg":[24.988630218377807,121.29251862240018],"image-00027.jpg":[24.98790005785136,121.29273740358491],"image-00057.jpg":[24.988363042087485,121.29259695153112],"image-00096.jpg":[24.988853441401435,121.29244313471459],"image-00004.jpg":[24.987420511522714,121.29287867014548],"image-00109.jpg":[24.988984364943285,121.29240224223597],"image-00093.jpg":[24.988814067066834,121.29245566920727],"image-00106.jpg":[24.988959457530154,121.29241062838048],"image-00045.jpg":[24.988227463407757,121.29263872436448],"image-00016.jpg":[24.987668374781215,121.29280609249068],"image-00053.jpg":[24.98832214294753,121.29260918085872],"image-00103.jpg":[24.9889306010094,121.29241965819085],"image-00081.jpg":[24.98865583035557,121.29251002790429],"image-00061.jpg":[24.988407650170583,121.29258376988841],"image-00014.jpg":[24.98762952288668,121.29281687844112],"image-00012.jpg":[24.98758589137702,121.29282911282448],"image-00044.jpg":[24.98821567521378,121.29264237007152],"image-00116.jpg":[24.98903919741111,121.29238282261454],"image-00074.jpg":[24.988562603388345,121.29253989373407],"image-00119.jpg":[24.989062294573802,121.29237542611837],"image-00030.jpg":[24.987959755426868,121.29271868803689],"image-00073.jpg":[24.988552079661225,121.29254289980825],"image-00088.jpg":[24.98875017905919,121.29247668962272],"image-00049.jpg":[24.98828008604875,121.29262222407027],"image-00042.jpg":[24.988184921322674,121.29265159291174],"image-00055.jpg":[24.98834364442656,121.29260261237923],"image-00067.jpg":[24.98847759972698,121.29256369107978],"image-00024.jpg":[24.98783652204632,121.29275743370027],"image-00097.jpg":[24.98886388647651,121.29244002607743],"image-00086.jpg":[24.98872281462688,121.29248611191069],"image-00068.jpg":[24.988487548685825,121.29256080918817],"image-00018.jpg":[24.987711605767814,121.29279425163534],"image-00060.jpg":[24.988396298650343,121.29258696204475],"image-00007.jpg":[24.987483534293965,121.29285984437203],"image-00122.jpg":[24.98908416661213,121.29236939326991],"image-00022.jpg":[24.98779360586156,121.29277043422002],"image-00015.jpg":[24.9876512218791,121.29281091215123],"image-00063.jpg":[24.988428827856573,121.29257751775522],"image-00100.jpg":[24.988900170427442,121.29242895331134],"image-00037.jpg":[24.988100133696616,121.29267634754805],"image-00115.jpg":[24.989031472148646,121.29238548236697],"image-00087.jpg":[24.98873641610137,121.2924812847437],"image-00011.jpg":[24.987564337233376,121.29283548333548],"image-00084.jpg":[24.988698141417533,121.2924949574076],"image-00091.jpg":[24.988787497116785,121.29246435271827],"image-00047.jpg":[24.988255213092103,121.29263001252643],"image-00038.jpg":[24.988119095846294,121.29267094206345],"image-00101.jpg":[24.98891142112916,121.29242550681423],"image-00017.jpg":[24.987689921722172,121.2928002000952],"image-00006.jpg":[24.98746251017448,121.2928661884444],"image-00072.jpg":[24.988538979544618,121.29254665618973],"image-00036.jpg":[24.988080611907613,121.29268195636094],"image-00056.jpg":[24.98835224108278,121.29260007641031],"image-00107.jpg":[24.988968658843127,121.29240761318937],"image-00003.jpg":[24.98740379348626,121.29288360764622],"image-00092.jpg":[24.988800597815743,121.2924598543892],"image-00121.jpg":[24.989076394653516,121.29237145675692],"image-00076.jpg":[24.9885894457872,121.29253185824824],"image-00041.jpg":[24.98816852116461,121.29265651711123],"image-00082.jpg":[24.988670092162195,121.29250510676982],"image-00032.jpg":[24.988002207832977,121.29270553932092],"image-00021.jpg":[24.9877764587157,121.29277555036325],"image-00108.jpg":[24.98897574927388,121.29240523738794],"image-00048.jpg":[24.988267965121793,121.29262601205545],"image-00026.jpg":[24.987878839548667,121.2927440390266],"image-00065.jpg":[24.988452908551764,121.29257070339273],"image-00089.jpg":[24.988763514772533,121.29247215428802],"image-00029.jpg":[24.98793829393792,121.29272537727837],"image-00071.jpg":[24.988525884787762,121.29255031444052],"image-00009.jpg":[24.987525714382787,121.2928470157053],"image-00113.jpg":[24.98901723004816,121.29239044608973],"image-00051.jpg":[24.988300407184028,121.29261586338427]}