{
    "image-00092.jpg": {
        "24.776091,121.011364": [
            58842.0, 
            59354.0, 
            60884.0, 
            60372.0, 
            59348.0, 
            57824.0, 
            54749.0, 
            54237.0, 
            60378.0, 
            63955.0, 
            64467.0, 
            54739.0, 
            54240.0, 
            59360.0, 
            53216.0, 
            64977.0, 
            54737.0, 
            55767.0, 
            55255.0, 
            55774.0, 
            58838.0, 
            59350.0, 
            58834.0, 
            57298.0, 
            57810.0, 
            54235.0, 
            58334.0, 
            57822.0, 
            53214.0, 
            57816.0, 
            56792.0, 
            54243.0, 
            55779.0, 
            64469.0, 
            56277.0, 
            55777.0, 
            56801.0, 
            56273.0, 
            54233.0, 
            55257.0, 
            59856.0, 
            57812.0, 
            55775.0, 
            56799.0, 
            59876.0, 
            56788.0, 
            55251.0, 
            56276.0, 
            53218.0, 
            54232.0, 
            60376.0, 
            59352.0, 
            55770.0, 
            54757.0, 
            54231.0, 
            56272.0, 
            57296.0, 
            60370.0, 
            59346.0, 
            64975.0, 
            61905.0, 
            56790.0, 
            57814.0, 
            60386.0
        ]
    }, 
    "image-00089.jpg": {
        "24.776031,121.011734": [
            55759.0, 
            62979.0, 
            54247.0, 
            54247.0, 
            53735.0, 
            53735.0, 
            54250.0, 
            54250.0, 
            54762.0, 
            53738.0, 
            55276.0, 
            53740.0, 
            53740.0, 
            53229.0, 
            54253.0, 
            54253.0, 
            54765.0, 
            54765.0, 
            53741.0, 
            54766.0, 
            55278.0, 
            53742.0, 
            54255.0, 
            54767.0, 
            54767.0, 
            54769.0, 
            53234.0, 
            53234.0, 
            53234.0, 
            53234.0, 
            53236.0, 
            54774.0, 
            58836.0, 
            56276.0, 
            55776.0, 
            53734.0, 
            57309.0, 
            55270.0, 
            54227.0, 
            56275.0, 
            56791.0, 
            57814.0, 
            55272.0, 
            57816.0, 
            58839.0, 
            55255.0, 
            54229.0, 
            54737.0, 
            57296.0, 
            57812.0, 
            53732.0, 
            57300.0, 
            54749.0, 
            56797.0, 
            54742.0, 
            57302.0, 
            53730.0
        ]
    }, 
    "image-00090.jpg": {
        "24.776070,121.011460": [
            59866.0, 
            58842.0, 
            60884.0, 
            59860.0, 
            59872.0, 
            58848.0, 
            57824.0, 
            54758.0, 
            55773.0, 
            56797.0, 
            58331.0, 
            61403.0, 
            57307.0, 
            60891.0, 
            55782.0, 
            56294.0, 
            61408.0, 
            54240.0, 
            60384.0, 
            61920.0, 
            57319.0, 
            57831.0, 
            58334.0, 
            57310.0, 
            60370.0, 
            61909.0, 
            60391.0, 
            55784.0, 
            54760.0, 
            59870.0, 
            58846.0, 
            57307.0, 
            57320.0, 
            57832.0, 
            61401.0, 
            62425.0, 
            56291.0, 
            57315.0, 
            59880.0, 
            60883.0, 
            61907.0, 
            61406.0, 
            60887.0, 
            58332.0, 
            54748.0, 
            58844.0, 
            57825.0, 
            60905.0, 
            54751.0, 
            55775.0, 
            61919.0, 
            54756.0, 
            59868.0, 
            55772.0, 
            61404.0, 
            56796.0, 
            60892.0, 
            53212.0, 
            55781.0, 
            56293.0, 
            56799.0, 
            57311.0, 
            62423.0, 
            57317.0, 
            54749.0
        ]
    }
}