{"image-00070.jpg":[25.14401715684299,121.39748053118214],"image-00095.jpg":[25.143689702270624,121.39695374151992],"image-00034.jpg":[25.14453982390434,121.39836102381497],"image-00102.jpg":[25.143618569410595,121.39686094414634],"image-00077.jpg":[25.14391684618064,121.39731051013425],"image-00058.jpg":[25.144191298710762,121.39778579055485],"image-00117.jpg":[25.143482034543663,121.39669785421674],"image-00008.jpg":[25.14507280035197,121.39925591272467],"image-00085.jpg":[25.14380798881004,121.39713043661072],"image-00020.jpg":[25.144801265972102,121.3987942914389],"image-00069.jpg":[25.14403188048462,121.3975057936466],"image-00013.jpg":[25.144957008012856,121.39905809475181],"image-00080.jpg":[25.14387505516654,121.39724013030337],"image-00050.jpg":[25.144300877772846,121.39796988700073],"image-00066.jpg":[25.144078055515845,121.39758677951116],"image-00005.jpg":[25.145150139456543,121.39938929867071],"image-00040.jpg":[25.144446002364834,121.3982073750673],"image-00025.jpg":[25.14470041070077,121.39862738499531],"image-00019.jpg":[25.14482258788509,121.39883014364611],"image-00094.jpg":[25.143700740975394,121.39696906241548],"image-00098.jpg":[25.143657725020518,121.39691067941187],"image-00104.jpg":[25.143599492898513,121.39683734784495],"image-00054.jpg":[25.14424552470242,121.39787817300537],"image-00124.jpg":[25.143423028528105,121.39663010629687],"image-00001.jpg":[25.145230246347978,121.39952792438616],"image-00031.jpg":[25.14459066361473,121.39844640460217],"image-00078.jpg":[25.143902968666982,121.39728705209389],"image-00110.jpg":[25.143544187145288,121.39676998826275],"image-00059.jpg":[25.14417772778496,121.39776251395145],"image-00090.jpg":[25.143746468932225,121.39703586123011],"image-00123.jpg":[25.14343107485552,121.39663929974657],"image-00118.jpg":[25.143473392076793,121.39668797639311],"image-00043.jpg":[25.144401681392097,121.39813527302292],"image-00064.jpg":[25.144108152016003,121.39764040817312],"image-00075.jpg":[25.14394508727969,121.39735788832095],"image-00035.jpg":[25.144523507498285,121.39833403132326],"image-00010.jpg":[25.145025087009127,121.39917413264641],"image-00046.jpg":[25.144357785566598,121.39806335747116],"image-00114.jpg":[25.143508060821592,121.39672780093869],"image-00052.jpg":[25.144272880890945,121.39792386105509],"image-00099.jpg":[25.143647586966924,121.39689751797621],"image-00111.jpg":[25.143535235581226,121.39675926725042],"image-00112.jpg":[25.143525778337718,121.39674822163656],"image-00125.jpg":[25.14341510832387,121.39662103668194],"image-00083.jpg":[25.143834208647963,121.39717271548693],"image-00039.jpg":[25.144461053469502,121.3982318077677],"image-00062.jpg":[25.14413626219004,121.39769005286468],"image-00023.jpg":[25.144739051713643,121.39869074866365],"image-00105.jpg":[25.14359020282878,121.39682581784905],"image-00028.jpg":[25.144643682653882,121.39853402003985],"image-00120.jpg":[25.143456211171515,121.39666807472256],"image-00033.jpg":[25.144556886818116,121.39838977551034],"image-00002.jpg":[25.145225374112446,121.39951953852604],"image-00079.jpg":[25.14388886992112,121.3972633162953],"image-00027.jpg":[25.14466234642902,121.39856463891059],"image-00057.jpg":[25.14420472238362,121.39780897264907],"image-00096.jpg":[25.143678695952207,121.39693851190253],"image-00004.jpg":[25.14517755113,121.39943660325348],"image-00109.jpg":[25.143553306533235,121.39678091892833],"image-00093.jpg":[25.14371211598855,121.39698533550799],"image-00106.jpg":[25.14358093648107,121.39681442422807],"image-00045.jpg":[25.144372440816888,121.39808744222915],"image-00016.jpg":[25.14488902478595,121.39894252801118],"image-00053.jpg":[25.144259031416848,121.39790091670136],"image-00103.jpg":[25.14360888898543,121.39684881217076],"image-00081.jpg":[25.143861343086076,121.39721741088249],"image-00061.jpg":[25.14415024816824,121.39771457410987],"image-00014.jpg":[25.144934315630014,121.39901941745137],"image-00012.jpg":[25.1449796481129,121.3990966962656],"image-00044.jpg":[25.144387189487286,121.39811164048612],"image-00116.jpg":[25.14349086570345,121.39670815302392],"image-00074.jpg":[25.143959251399547,121.39738171551944],"image-00119.jpg":[25.14346470083148,121.39667785165616],"image-00030.jpg":[25.144607773718768,121.39847423666359],"image-00073.jpg":[25.14397362727101,121.39740601004286],"image-00088.jpg":[25.143770443244534,121.39707217377806],"image-00049.jpg":[25.144315143747747,121.39799344617573],"image-00042.jpg":[25.144416438928033,121.39815937488383],"image-00055.jpg":[25.144231949214927,121.39785527561051],"image-00067.jpg":[25.144062303966226,121.39755876164938],"image-00024.jpg":[25.144719477487907,121.39865861204501],"image-00097.jpg":[25.143668080869688,121.39692436810569],"image-00086.jpg":[25.14379524426397,121.39711041317307],"image-00068.jpg":[25.144047096998747,121.39753219817916],"image-00018.jpg":[25.144844056835336,121.3988662954161],"image-00060.jpg":[25.14416426989587,121.39773916829404],"image-00007.jpg":[25.145097478712703,121.3992983359279],"image-00122.jpg":[25.143439425953854,121.39664887150168],"image-00022.jpg":[25.144759638119893,121.39872501111844],"image-00015.jpg":[25.144912017786776,121.39898154702422],"image-00063.jpg":[25.1441223737416,121.39766563915367],"image-00100.jpg":[25.143637646194115,121.39688477221895],"image-00037.jpg":[25.14449168713185,121.39828176039114],"image-00115.jpg":[25.143499516597423,121.39671810776565],"image-00087.jpg":[25.143782676675904,121.39709101652157],"image-00011.jpg":[25.145002303277856,121.3991352405524],"image-00084.jpg":[25.143821266925844,121.39715199638752],"image-00091.jpg":[25.143734969636593,121.3970185749215],"image-00047.jpg":[25.144344103128766,121.39804135922046],"image-00038.jpg":[25.144476453694917,121.39825704129774],"image-00101.jpg":[25.143628099256595,121.39687282294572],"image-00017.jpg":[25.144865953912163,121.39890329895954],"image-00006.jpg":[25.145123205643774,121.39934282760802],"image-00072.jpg":[25.14398781858658,121.39742996688872],"image-00036.jpg":[25.144507554676917,121.39830782827599],"image-00056.jpg":[25.144218569400273,121.39783262907504],"image-00107.jpg":[25.143572021312036,121.39680370218665],"image-00003.jpg":[25.145206392608422,121.39948683257023],"image-00092.jpg":[25.143723638589563,121.39700198149521],"image-00121.jpg":[25.143447717004875,121.39665830783244],"image-00076.jpg":[25.14393074281014,121.39733372226652],"image-00041.jpg":[25.144431212670096,121.3981833660632],"image-00082.jpg":[25.143847631160618,121.39719473663376],"image-00032.jpg":[25.14457338314405,121.39841710905097],"image-00021.jpg":[25.144780191659667,121.39875902270825],"image-00108.jpg":[25.14356256646243,121.39679197631497],"image-00048.jpg":[25.14432971396053,121.39801758660741],"image-00026.jpg":[25.14468109942344,121.39859543204823],"image-00065.jpg":[25.144093529317185,121.39761398924098],"image-00089.jpg":[25.143758304344107,121.39705370317421],"image-00029.jpg":[25.144625407000166,121.39850352278306],"image-00071.jpg":[25.144002353691523,121.39745493605562],"image-00009.jpg":[25.14504852431673,121.39921428192986],"image-00113.jpg":[25.143516989261833,121.39673819657969],"image-00051.jpg":[25.144286764195506,121.39794669159926]}