{"image-00070.jpg":[25.144040573136515,121.39750868913524],"image-00095.jpg":[25.14372422864431,121.39699184522577],"image-00034.jpg":[25.14454422491602,121.3983816912055],"image-00102.jpg":[25.143654786446373,121.39690574679298],"image-00077.jpg":[25.143944332053874,121.3973405144596],"image-00058.jpg":[25.144208496276583,121.39781478475265],"image-00117.jpg":[25.14352099886256,121.39675867410034],"image-00008.jpg":[25.14505660845609,121.39926619779217],"image-00085.jpg":[25.143839070603637,121.39716228170323],"image-00020.jpg":[25.14479608559498,121.39880920574566],"image-00069.jpg":[25.14405483264602,121.39753397807412],"image-00013.jpg":[25.144945451686684,121.39907000132588],"image-00080.jpg":[25.14390415556138,121.39727089204689],"image-00050.jpg":[25.144314147453112,121.39799727373648],"image-00066.jpg":[25.14409921407502,121.39761496220645],"image-00005.jpg":[25.145130277858684,121.39939790123914],"image-00040.jpg":[25.14445427292084,121.39823129195055],"image-00025.jpg":[25.14469880000627,121.39864437474844],"image-00019.jpg":[25.14481658738338,121.39884466231399],"image-00094.jpg":[25.143734947924752,121.3970062767853],"image-00098.jpg":[25.143693035275305,121.39695147800718],"image-00104.jpg":[25.14363614178798,121.396884252681],"image-00054.jpg":[25.144260777659582,121.39790670861493],"image-00124.jpg":[25.143463085116913,121.39669841582786],"image-00001.jpg":[25.145206954676286,121.39953551022685],"image-00031.jpg":[25.144593268674353,121.39846636051207],"image-00078.jpg":[25.143931061795314,121.39731740055323],"image-00110.jpg":[25.143582018094843,121.39682315113659],"image-00059.jpg":[25.144195501782082,121.3977917275118],"image-00090.jpg":[25.143779519473284,121.39707054243847],"image-00123.jpg":[25.143471010638265,121.39670662182552],"image-00118.jpg":[25.143512572002322,121.39674999557847],"image-00043.jpg":[25.144411491515505,121.39816038317099],"image-00064.jpg":[25.14412823654422,121.39766896671247],"image-00075.jpg":[25.14397154737103,121.39738743871365],"image-00035.jpg":[25.144528668937962,121.39835533431757],"image-00010.jpg":[25.145010871520196,121.3991851230511],"image-00046.jpg":[25.144369193554493,121.39808963478231],"image-00114.jpg":[25.143546633063984,121.39678548013788],"image-00052.jpg":[25.144287113059587,121.3979518583894],"image-00099.jpg":[25.143683187429613,121.39693936835519],"image-00111.jpg":[25.143573099106753,121.39681323292663],"image-00112.jpg":[25.1435639989665,121.39680363417514],"image-00125.jpg":[25.143455269396366,121.39669028938116],"image-00083.jpg":[25.14386474081347,121.39720434268787],"image-00039.jpg":[25.144468773762267,121.39825526091394],"image-00062.jpg":[25.144155558463176,121.39771919433392],"image-00023.jpg":[25.14473625966252,121.39870709195912],"image-00105.jpg":[25.143627017612975,121.39687366398303],"image-00028.jpg":[25.144644335082624,121.39855272801248],"image-00120.jpg":[25.143495714507193,121.39673223711083],"image-00033.jpg":[25.144560446081172,121.39840984101119],"image-00002.jpg":[25.14520228694042,121.39952719154482],"image-00079.jpg":[25.14391748467543,121.39729388485566],"image-00027.jpg":[25.144662201773837,121.39858267020142],"image-00057.jpg":[25.144221427270196,121.3978379175658],"image-00096.jpg":[25.143713521474307,121.39697748313327],"image-00004.jpg":[25.145156460897926,121.39944473393638],"image-00109.jpg":[25.143590993001006,121.39683308533273],"image-00093.jpg":[25.143745934637746,121.39702166549276],"image-00106.jpg":[25.143617972895605,121.3968633287741],"image-00045.jpg":[25.144383271669028,121.39811327862355],"image-00016.jpg":[25.144880364592947,121.39895582196834],"image-00053.jpg":[25.14427376586815,121.39792921205483],"image-00103.jpg":[25.143645345067153,121.39689467221228],"image-00081.jpg":[25.14389088130761,121.39724837021828],"image-00061.jpg":[25.14416901711963,121.39774373867667],"image-00014.jpg":[25.144923864366753,121.3990319851333],"image-00012.jpg":[25.144967309572188,121.39910846741336],"image-00044.jpg":[25.144397496057383,121.39813711447073],"image-00116.jpg":[25.14352965698276,121.39676787847718],"image-00074.jpg":[25.143985187434694,121.39741103983106],"image-00119.jpg":[25.143504044311904,121.39674093984911],"image-00030.jpg":[25.14460946657416,121.3984932144291],"image-00073.jpg":[25.14399899090979,121.39743506839095],"image-00088.jpg":[25.1438026368135,121.39710546035832],"image-00049.jpg":[25.144327902280967,121.3980205162087],"image-00042.jpg":[25.144425715580287,121.39818407867762],"image-00055.jpg":[25.144247680515054,121.39788397311617],"image-00067.jpg":[25.144084014190966,121.39758674376746],"image-00024.jpg":[25.14471730380655,121.398675304992],"image-00097.jpg":[25.143703162159547,121.39696426656519],"image-00086.jpg":[25.143826729110792,121.39714272418246],"image-00068.jpg":[25.144069421445572,121.39756024759434],"image-00018.jpg":[25.144837195037596,121.39888037179506],"image-00060.jpg":[25.144182523119206,121.39776837975924],"image-00007.jpg":[25.145080120649922,121.39930805516525],"image-00122.jpg":[25.143479204743723,121.39671512528922],"image-00022.jpg":[25.14475611060751,121.39874097085985],"image-00015.jpg":[25.144902581584713,121.39899468473743],"image-00063.jpg":[25.14414215524701,121.3976946784884],"image-00100.jpg":[25.14367348774167,121.39692762538141],"image-00037.jpg":[25.144498214851456,121.39830421092401],"image-00115.jpg":[25.143538159064615,121.39677675942369],"image-00087.jpg":[25.14381461711794,121.39712397356944],"image-00011.jpg":[25.144988976738453,121.39914652062646],"image-00084.jpg":[25.143851766886225,121.39718327720993],"image-00091.jpg":[25.143768188029387,121.39705356436565],"image-00047.jpg":[25.144355793073373,121.39806775944729],"image-00038.jpg":[25.144483605284293,121.39828007253496],"image-00101.jpg":[25.143664122470355,121.39691663508566],"image-00017.jpg":[25.14485821666416,121.39891696368412],"image-00006.jpg":[25.145104648037957,121.3993520534752],"image-00072.jpg":[25.144012512824077,121.39745858625548],"image-00036.jpg":[25.14451338828207,121.39832968641451],"image-00056.jpg":[25.144234777660404,121.39786147419186],"image-00107.jpg":[25.14360922703563,121.39685361695695],"image-00003.jpg":[25.14518410061844,121.39949473535498],"image-00092.jpg":[25.143757099517376,121.39703751622372],"image-00121.jpg":[25.143487364000425,121.39672352254571],"image-00076.jpg":[25.14395772518545,121.3973634785232],"image-00041.jpg":[25.144439942783745,121.39820760654885],"image-00082.jpg":[25.14387763858967,121.39722595643215],"image-00032.jpg":[25.14457654321264,121.39843714419465],"image-00021.jpg":[25.14477582828021,121.39877438258542],"image-00108.jpg":[25.14360000670449,121.39684295811466],"image-00048.jpg":[25.144341947195525,121.39804434871274],"image-00026.jpg":[25.144680329416417,121.39861307612306],"image-00065.jpg":[25.144114138379663,121.39764227374758],"image-00089.jpg":[25.143790960917457,121.39708772087644],"image-00029.jpg":[25.144626604110854,121.39852237400859],"image-00071.jpg":[25.14402647000961,121.39748339492249],"image-00009.jpg":[25.145033376471165,121.39922498261075],"image-00113.jpg":[25.143555401019178,121.39679478840709],"image-00051.jpg":[25.144300465575135,121.39797430098956]}