{"image-00070.jpg":[25.14398652535478,121.39744017830105],"image-00095.jpg":[25.143657752097223,121.39690506975616],"image-00034.jpg":[25.14446867138296,121.39829727869304],"image-00102.jpg":[25.143563042123354,121.39679041471456],"image-00077.jpg":[25.14389555131129,121.3972762283573],"image-00058.jpg":[25.14413494772076,121.39772744361107],"image-00117.jpg":[25.143365080047353,121.39657145068685],"image-00008.jpg":[25.14496204937686,121.39916898818038],"image-00085.jpg":[25.14379128263455,121.39709755416402],"image-00020.jpg":[25.144717205100008,121.39872499019164],"image-00069.jpg":[25.143999713069327,121.39746449608299],"image-00013.jpg":[25.144858571379586,121.39897943118277],"image-00080.jpg":[25.14385708647353,121.39720785185386],"image-00050.jpg":[25.144236619820898,121.39790716835387],"image-00066.jpg":[25.144038856516666,121.39754043955844],"image-00005.jpg":[25.145029197008643,121.3992948339868],"image-00040.jpg":[25.144378073598478,121.39814471637261],"image-00025.jpg":[25.14462094175776,121.39855981981135],"image-00019.jpg":[25.144736893280964,121.39875987578397],"image-00094.jpg":[25.143671428855257,121.39692288756666],"image-00098.jpg":[25.143616600336085,121.39685339485781],"image-00104.jpg":[25.14353627853479,121.39675979560482],"image-00054.jpg":[25.144183930000132,121.39781654291613],"image-00124.jpg":[25.143276579637842,121.3964770161659],"image-00001.jpg":[25.145098689830654,121.39942583944696],"image-00031.jpg":[25.14451590671879,121.39838070205391],"image-00078.jpg":[25.14388295029361,121.39725362589456],"image-00110.jpg":[25.143457516783304,121.39667104702565],"image-00059.jpg":[25.144122954517826,121.39770526954707],"image-00090.jpg":[25.143724817563964,121.39699738940072],"image-00123.jpg":[25.14328872691859,121.39648993320617],"image-00118.jpg":[25.14335213466456,121.39655771422971],"image-00043.jpg":[25.144334445349536,121.39807224405293],"image-00064.jpg":[25.144063604133095,121.3975901987352],"image-00075.jpg":[25.14392180894909,121.39732251693424],"image-00035.jpg":[25.14445329790471,121.39827085285782],"image-00010.jpg":[25.144919763685216,121.39909095193099],"image-00046.jpg":[25.14429184394532,121.3980005203306],"image-00114.jpg":[25.143404151577258,121.3966132561725],"image-00052.jpg":[25.144209547715004,121.39786131177064],"image-00099.jpg":[25.143603091763513,121.3968371412463],"image-00111.jpg":[25.143444398118117,121.39665645039581],"image-00112.jpg":[25.143430616895166,121.39664158365963],"image-00125.jpg":[25.143264627248172,121.39646427582775],"image-00083.jpg":[25.14381789643376,121.39714096017002],"image-00039.jpg":[25.14439291267836,121.39816927670847],"image-00062.jpg":[25.14408742657908,121.39763696294187],"image-00023.jpg":[25.144658643140463,121.39862332741976],"image-00105.jpg":[25.14352323429154,121.39674480807795],"image-00028.jpg":[25.144566555234313,121.39846739249086],"image-00120.jpg":[25.143326554028473,121.39653020388803],"image-00033.jpg":[25.144484150639126,121.39832490534837],"image-00002.jpg":[25.145094411093424,121.39941787062695],"image-00079.jpg":[25.143869939168415,121.39723052210752],"image-00027.jpg":[25.144584490731,121.39849770452687],"image-00057.jpg":[25.144146735647716,121.39774952174673],"image-00096.jpg":[25.143644045184487,121.3968872790198],"image-00004.jpg":[25.145053050202094,121.39933955756183],"image-00109.jpg":[25.14347074470552,121.39668573949072],"image-00093.jpg":[25.14368495049673,121.3969412147867],"image-00106.jpg":[25.143510176788993,121.39672996269056],"image-00045.jpg":[25.144305939349273,121.39802440560018],"image-00016.jpg":[25.144797422013916,121.39886849364855],"image-00053.jpg":[25.14419636873774,121.39783864715884],"image-00103.jpg":[25.143549647701317,121.39677488889893],"image-00081.jpg":[25.14384397312503,121.39718531640057],"image-00061.jpg":[25.14409931006837,121.39765999010089],"image-00014.jpg":[25.144838424529073,121.3989426103902],"image-00012.jpg":[25.144879025547173,121.39901668381907],"image-00044.jpg":[25.144320231041615,121.3980485289415],"image-00116.jpg":[25.143378149168328,121.39658558913398],"image-00074.jpg":[25.143934899812646,121.39734572550147],"image-00119.jpg":[25.143339253547992,121.3965437903327],"image-00030.jpg":[25.144532387877522,121.39840816873578],"image-00073.jpg":[25.143948024569447,121.39736923003392],"image-00088.jpg":[25.143751180235217,121.39703621030236],"image-00049.jpg":[25.144250280390693,121.39793051508123],"image-00042.jpg":[25.144348850644135,121.39809635355982],"image-00055.jpg":[25.144171418161047,121.39779425250612],"image-00067.jpg":[25.14402584087407,121.3975143867195],"image-00024.jpg":[25.144639607972774,121.39859118374142],"image-00097.jpg":[25.14363022271005,121.39687013718294],"image-00086.jpg":[25.143777955618624,121.39707674142146],"image-00068.jpg":[25.144012864670906,121.39748942754298],"image-00018.jpg":[25.14475662219196,121.3987949515175],"image-00060.jpg":[25.1441112281449,121.39768309823849],"image-00007.jpg":[25.144983625797682,121.39920913469342],"image-00122.jpg":[25.143301266798602,121.3965032925093],"image-00022.jpg":[25.144678083240887,121.3986570553567],"image-00015.jpg":[25.14481840723394,121.39890633306595],"image-00063.jpg":[25.144075647775338,121.39761402655554],"image-00100.jpg":[25.143589630527266,121.39682115429423],"image-00037.jpg":[25.144422798459672,121.39821917640214],"image-00115.jpg":[25.143391114211006,121.39659945525821],"image-00087.jpg":[25.143764518310626,121.39705635542941],"image-00011.jpg":[25.144899343895695,121.39905362072948],"image-00084.jpg":[25.14380425719312,121.39711906662464],"image-00091.jpg":[25.14371175761406,121.39697839459834],"image-00047.jpg":[25.144277883102625,121.39797786954573],"image-00038.jpg":[25.14440784644588,121.39819442735353],"image-00101.jpg":[25.1435763427454,121.39680575757103],"image-00017.jpg":[25.144776612196928,121.3988307482183],"image-00006.jpg":[25.14500586152791,121.39925104682032],"image-00072.jpg":[25.143960887872648,121.39739226178543],"image-00036.jpg":[25.144437990059302,121.39824492510456],"image-00056.jpg":[25.144159175193373,121.39777228219808],"image-00107.jpg":[25.143497314821698,121.39671563976012],"image-00003.jpg":[25.145077777303204,121.39938681830259],"image-00092.jpg":[25.143698520529732,121.3969598576059],"image-00121.jpg":[25.143313813273597,121.39651658599584],"image-00076.jpg":[25.1439085785436,121.39729899478473],"image-00041.jpg":[25.144363399823124,121.39812045206887],"image-00082.jpg":[25.14383084932255,121.39716283737351],"image-00032.jpg":[25.144500072739405,121.3983522223597],"image-00021.jpg":[25.144697579406913,121.39869054124156],"image-00108.jpg":[25.143484105621443,121.3967004930985],"image-00048.jpg":[25.14426414673554,121.39795436449961],"image-00026.jpg":[25.144602684453947,121.39852844724783],"image-00065.jpg":[25.14405196005933,121.39756598097779],"image-00089.jpg":[25.143737953132344,121.3970165901773],"image-00029.jpg":[25.144549256872804,121.39843726626123],"image-00071.jpg":[25.14397373796335,121.39741607950073],"image-00009.jpg":[25.14494060181089,121.39912934323107],"image-00113.jpg":[25.14341739850834,121.39662757151189],"image-00051.jpg":[25.14422290392313,121.39788396632683]}