{"image-00070.jpg":[23.954734672772386,120.57419837256957],"image-00095.jpg":[23.954691392943296,120.57402670379238],"image-00034.jpg":[23.954647122546433,120.57438469927072],"image-00102.jpg":[23.95470109232977,120.57398713416373],"image-00077.jpg":[23.954686319195613,120.57413807418494],"image-00058.jpg":[23.954782364129283,120.57427666558284],"image-00117.jpg":[23.9547201686913,120.57391464336516],"image-00008.jpg":[23.954592288168303,120.57443068754183],"image-00085.jpg":[23.954678364008448,120.57408505106028],"image-00020.jpg":[23.95460268077508,120.57442320817219],"image-00069.jpg":[23.95474290617976,120.57420720721099],"image-00013.jpg":[23.95459412136917,120.57442940503604],"image-00080.jpg":[23.95467393981386,120.57411362794443],"image-00050.jpg":[23.954749653345353,120.57430661745278],"image-00066.jpg":[23.95476690087321,120.57423312729041],"image-00005.jpg":[23.954592241855995,120.57443069487911],"image-00040.jpg":[23.95468661709037,120.57435393097553],"image-00025.jpg":[23.95461284832507,120.5744150922035],"image-00019.jpg":[23.954601074877,120.57442434376205],"image-00094.jpg":[23.95469007867816,120.57403254745498],"image-00098.jpg":[23.954695421815256,120.57400938141012],"image-00104.jpg":[23.9547041457521,120.57397643168308],"image-00054.jpg":[23.95476745333862,120.57428946571426],"image-00124.jpg":[23.95472567681945,120.5738858043189],"image-00001.jpg":[23.95459224790642,120.5744306900711],"image-00031.jpg":[23.954631545552182,120.5743979009869],"image-00078.jpg":[23.954681317899837,120.57412939563125],"image-00110.jpg":[23.954712745477845,120.57394645047165],"image-00059.jpg":[23.95478522809933,120.57427371958102],"image-00090.jpg":[23.954685095224505,120.57405601763654],"image-00123.jpg":[23.95472486367956,120.57388960536731],"image-00118.jpg":[23.954720886028433,120.57391025976575],"image-00043.jpg":[23.954706312966252,120.5743394718973],"image-00064.jpg":[23.954780183730353,120.57424848851346],"image-00075.jpg":[23.954698028927304,120.57415556678603],"image-00035.jpg":[23.9546535314202,120.5743797494504],"image-00010.jpg":[23.954592589323923,120.5744304978845],"image-00046.jpg":[23.954725733358238,120.57432543942753],"image-00114.jpg":[23.95471745053734,120.57392800313181],"image-00052.jpg":[23.95475961698742,120.57429780125969],"image-00099.jpg":[23.954696786398934,120.57400372807274],"image-00111.jpg":[23.954714068054393,120.57394173117925],"image-00112.jpg":[23.954715324918247,120.57393706572724],"image-00125.jpg":[23.954726500062737,120.57388214110682],"image-00083.jpg":[23.954675998910677,120.57409628348869],"image-00039.jpg":[23.954680103457644,120.5743589556381],"image-00062.jpg":[23.954786799263186,120.57426104471429],"image-00023.jpg":[23.954608283221756,120.57441896678321],"image-00105.jpg":[23.95470566373409,120.57397123812189],"image-00028.jpg":[23.95462068821911,120.57440802015115],"image-00120.jpg":[23.95472235354296,120.57390174102326],"image-00033.jpg":[23.954641292533434,120.57438930889893],"image-00002.jpg":[23.954592247858777,120.57443069057382],"image-00079.jpg":[23.95467656172734,120.57412103646871],"image-00027.jpg":[23.954617943452185,120.57441077526953],"image-00057.jpg":[23.954779208813907,120.57427958024442],"image-00096.jpg":[23.954692760548486,120.57402090560747],"image-00004.jpg":[23.95459224350878,120.5744306927478],"image-00109.jpg":[23.954711407062543,120.57395119064947],"image-00093.jpg":[23.95468877571697,120.57403840798719],"image-00106.jpg":[23.954707114845526,120.5739660917114],"image-00045.jpg":[23.954719216905165,120.57433013945291],"image-00016.jpg":[23.95459695421378,120.57442728712417],"image-00053.jpg":[23.95476412905717,120.57429361206485],"image-00103.jpg":[23.954702589870458,120.5739817411689],"image-00081.jpg":[23.9546733426126,120.57410717299979],"image-00061.jpg":[23.95478817509972,120.57426649794071],"image-00014.jpg":[23.954594929313956,120.5744288351348],"image-00012.jpg":[23.95459350619387,120.57442987486405],"image-00044.jpg":[23.9547127920468,120.57433477839781],"image-00116.jpg":[23.954719355022622,120.57391905046165],"image-00074.jpg":[23.954704113150317,120.57416439357269],"image-00119.jpg":[23.954721622631602,120.57390598461643],"image-00030.jpg":[23.954627605286838,120.57440162603325],"image-00073.jpg":[23.95471056166064,120.57417312114333],"image-00088.jpg":[23.95468243972374,120.57406772933118],"image-00049.jpg":[23.954744033937203,120.57431122462236],"image-00042.jpg":[23.954699788559484,120.5743442742303],"image-00055.jpg":[23.954771713997598,120.57428595276762],"image-00067.jpg":[23.954759272473947,120.57422473847632],"image-00024.jpg":[23.95461047566073,120.57441710107571],"image-00097.jpg":[23.954694103039213,120.57401512647924],"image-00086.jpg":[23.954679668744664,120.57407937366987],"image-00068.jpg":[23.954751189869196,120.57421598698278],"image-00018.jpg":[23.954599589709435,120.57442541141067],"image-00060.jpg":[23.95478759642048,120.57427066205463],"image-00007.jpg":[23.954592239998014,120.57443069595229],"image-00122.jpg":[23.95472405762158,120.57389352241597],"image-00022.jpg":[23.9546062311267,120.57442058217043],"image-00015.jpg":[23.954595902909734,120.57442813174657],"image-00063.jpg":[23.95478426045043,120.5742550701717],"image-00100.jpg":[23.954698171279187,120.57399813411459],"image-00037.jpg":[23.954666750008563,120.5743694154472],"image-00115.jpg":[23.95471841836091,120.57392355726063],"image-00087.jpg":[23.954681080229843,120.57407356743565],"image-00011.jpg":[23.954592975632174,120.57443024868161],"image-00084.jpg":[23.95467719736904,120.57409069857682],"image-00091.jpg":[23.954686339586512,120.5740501384218],"image-00047.jpg":[23.954731994008444,120.57432075043823],"image-00038.jpg":[23.95467341611385,120.57436412626413],"image-00101.jpg":[23.95469961143096,120.5739925352216],"image-00017.jpg":[23.954598178524027,120.5744263663107],"image-00006.jpg":[23.95459224051431,120.57443069659396],"image-00072.jpg":[23.954718328031657,120.57418164704399],"image-00036.jpg":[23.95466008270593,120.57437460895198],"image-00056.jpg":[23.954775649636797,120.57428263327938],"image-00107.jpg":[23.9547086554914,120.57396107116841],"image-00003.jpg":[23.95459224822151,120.57443068672723],"image-00092.jpg":[23.954687574789318,120.5740443299722],"image-00121.jpg":[23.954723193717186,120.57389756911002],"image-00076.jpg":[23.954692220643487,120.57414657403118],"image-00041.jpg":[23.954693218830805,120.5743490294227],"image-00082.jpg":[23.954674927753075,120.57410178348584],"image-00032.jpg":[23.954636040571785,120.5743937344875],"image-00021.jpg":[23.954604354046047,120.5744219573458],"image-00108.jpg":[23.954710036756683,120.57395610222993],"image-00048.jpg":[23.954738160031706,120.5743160007787],"image-00026.jpg":[23.954615300243734,120.57441304740084],"image-00065.jpg":[23.954773894273863,120.57424103806699],"image-00089.jpg":[23.954683747293096,120.57406186522485],"image-00029.jpg":[23.95462395837984,120.57440495239817],"image-00071.jpg":[23.95472674905924,120.57418977706018],"image-00009.jpg":[23.95459236514422,120.57443065634763],"image-00113.jpg":[23.954716430369118,120.57393247431276],"image-00051.jpg":[23.954754654624274,120.5743021127773]}