{
    "image-00057.jpg": {
        "23.954477,120.574417": [
            60647.0, 
            58600.0, 
            63208.0, 
            66280.0, 
            67816.0, 
            60137.0, 
            61161.0, 
            64745.0, 
            66281.0, 
            67817.0, 
            60138.0, 
            60650.0, 
            62699.0, 
            64746.0, 
            66282.0, 
            67306.0, 
            59116.0, 
            60652.0, 
            64748.0, 
            65260.0, 
            65772.0, 
            66796.0, 
            58605.0, 
            59117.0, 
            60653.0, 
            62189.0, 
            62701.0, 
            66285.0, 
            58606.0, 
            59118.0, 
            60654.0, 
            66798.0, 
            67310.0, 
            58607.0, 
            59119.0, 
            60655.0, 
            61167.0, 
            62191.0, 
            64751.0, 
            65775.0, 
            66287.0, 
            66799.0, 
            67311.0, 
            61681.0, 
            62193.0, 
            62705.0, 
            63217.0, 
            64753.0, 
            65777.0, 
            66289.0, 
            66801.0, 
            62194.0, 
            63218.0, 
            64242.0, 
            64754.0, 
            65266.0, 
            67314.0, 
            68338.0, 
            62195.0, 
            63219.0, 
            64755.0, 
            66803.0, 
            69875.0, 
            64244.0, 
            66292.0, 
            66804.0, 
            68854.0, 
            57624.0, 
            69881.0
        ]
    }, 
    "image-00059.jpg": {
        "23.954846,120.574347": [
            62754.0, 
            63266.0, 
            53538.0, 
            55075.0, 
            65827.0, 
            62244.0, 
            62244.0, 
            64292.0, 
            64292.0, 
            65316.0, 
            65828.0, 
            66852.0, 
            66852.0, 
            54566.0, 
            61734.0, 
            55078.0, 
            65318.0, 
            65830.0, 
            66342.0, 
            66342.0, 
            56614.0, 
            57126.0, 
            56103.0, 
            65831.0, 
            60200.0, 
            60200.0, 
            61224.0, 
            61736.0, 
            56104.0, 
            65832.0, 
            64809.0, 
            57642.0, 
            59178.0, 
            60714.0, 
            64810.0, 
            65322.0, 
            57130.0, 
            57644.0, 
            59180.0, 
            59180.0, 
            60716.0, 
            62252.0, 
            65324.0, 
            65836.0, 
            57645.0, 
            54573.0, 
            61741.0, 
            63789.0, 
            65837.0, 
            65838.0, 
            57134.0, 
            57134.0, 
            63279.0, 
            64303.0, 
            65327.0, 
            66858.0, 
            67370.0, 
            63787.0, 
            67372.0, 
            62740.0, 
            66862.0, 
            67377.0, 
            62769.0, 
            64291.0, 
            61731.0, 
            66340.0, 
            66340.0, 
            64292.0, 
            64292.0
        ]
    }, 
    "image-00052.jpg": {
        "23.954558,120.574376": [
            69853.0, 
            66827.0, 
            65804.0, 
            64269.0, 
            65805.0, 
            66317.0, 
            64270.0, 
            65806.0, 
            65761.0, 
            58082.0, 
            58594.0, 
            68834.0, 
            64739.0, 
            65763.0, 
            66787.0, 
            56547.0, 
            68323.0, 
            57059.0, 
            61668.0, 
            64228.0, 
            64740.0, 
            65252.0, 
            65764.0, 
            56548.0, 
            58598.0, 
            60134.0, 
            63206.0, 
            66278.0, 
            66790.0, 
            68326.0, 
            57062.0, 
            57575.0, 
            58087.0, 
            58599.0, 
            60135.0, 
            60647.0, 
            61159.0, 
            64743.0, 
            66279.0, 
            66791.0, 
            68327.0, 
            57063.0, 
            57576.0, 
            58088.0, 
            58600.0, 
            60136.0, 
            61160.0, 
            61672.0, 
            62696.0, 
            63208.0, 
            64232.0, 
            65256.0, 
            65768.0, 
            66792.0, 
            57577.0, 
            58089.0, 
            59113.0, 
            60137.0, 
            61161.0, 
            61673.0, 
            63209.0, 
            64233.0, 
            65769.0, 
            66281.0, 
            66793.0, 
            67305.0, 
            67305.0, 
            57578.0, 
            57578.0, 
            59114.0, 
            61674.0, 
            64234.0, 
            66282.0, 
            66794.0, 
            67306.0, 
            57066.0, 
            57580.0, 
            57580.0, 
            60652.0, 
            61676.0, 
            64236.0, 
            65772.0, 
            66284.0, 
            67308.0, 
            57068.0, 
            60141.0, 
            60653.0, 
            61165.0, 
            61677.0, 
            63213.0, 
            64237.0, 
            65261.0, 
            56045.0, 
            66285.0, 
            67309.0, 
            57582.0, 
            58094.0, 
            58606.0, 
            62190.0, 
            62702.0, 
            63214.0, 
            64238.0, 
            57583.0, 
            58095.0, 
            61167.0, 
            61679.0, 
            64239.0, 
            64751.0, 
            56559.0, 
            58097.0, 
            58609.0, 
            60145.0, 
            60657.0, 
            61169.0, 
            61681.0, 
            62193.0, 
            62705.0, 
            63217.0, 
            64241.0, 
            65265.0, 
            56049.0, 
            59122.0, 
            60658.0, 
            63218.0, 
            65266.0, 
            69896.0, 
            59658.0, 
            58634.0, 
            56039.0, 
            56039.0, 
            64769.0, 
            60643.0, 
            63733.0, 
            59143.0
        ]
    },