{"image-00070.jpg":[23.954737846160114,120.57419324072717],"image-00095.jpg":[23.954696357058324,120.57407504114012],"image-00034.jpg":[23.95464715030469,120.57434086553869],"image-00102.jpg":[23.954706895322982,120.57404551637646],"image-00077.jpg":[23.9546891517494,120.57415501331664],"image-00058.jpg":[23.95478436621402,120.57424180800206],"image-00117.jpg":[23.954727432033952,120.57399104676055],"image-00008.jpg":[23.954591317408102,120.57438224009834],"image-00085.jpg":[23.954682095460722,120.5741183782927],"image-00020.jpg":[23.954601881746765,120.57437529077586],"image-00069.jpg":[23.9547460507432,120.57419848166799],"image-00013.jpg":[23.95459318359265,120.57438104786918],"image-00080.jpg":[23.954677031641626,120.57413920553032],"image-00050.jpg":[23.954751142247275,120.57426856497794],"image-00066.jpg":[23.954769757744632,120.5742134399095],"image-00005.jpg":[23.954591269581016,120.57438224986576],"image-00040.jpg":[23.954687250995775,120.57431259009562],"image-00025.jpg":[23.954612225084926,120.57436790801984],"image-00019.jpg":[23.954600249834733,120.57437635059063],"image-00094.jpg":[23.954694920794285,120.57407938621162],"image-00098.jpg":[23.954700750996903,120.57406214681575],"image-00104.jpg":[23.95471017269041,120.5740374540899],"image-00054.jpg":[23.954769204187684,120.57425332500868],"image-00124.jpg":[23.95473347206751,120.57396960945373],"image-00001.jpg":[23.954591275723697,120.57438224546169],"image-00031.jpg":[23.95463128284616,120.57435270764569],"image-00078.jpg":[23.954684243057898,120.57414950172057],"image-00110.jpg":[23.954719388275922,120.57401483627643],"image-00059.jpg":[23.954787286566116,120.57423924686847],"image-00090.jpg":[23.954689445490565,120.57409678527685],"image-00123.jpg":[23.954732588453723,120.5739724483627],"image-00118.jpg":[23.954728228123717,120.57398780322791],"image-00043.jpg":[23.954707219956674,120.57429909126317],"image-00064.jpg":[23.954782821373218,120.5742223511028],"image-00075.jpg":[23.95470089657233,120.57416634191584],"image-00035.jpg":[23.95465366294185,120.57433632141692],"image-00010.jpg":[23.95459162601584,120.57438206451786],"image-00046.jpg":[23.954726890716735,120.57428590871938],"image-00114.jpg":[23.95472446118953,120.57400099107957],"image-00052.jpg":[23.95476125886807,120.57426063864617],"image-00099.jpg":[23.95470223469703,120.57405793044362],"image-00111.jpg":[23.954720801743665,120.5740112678777],"image-00112.jpg":[23.954722154789255,120.57400776230334],"image-00125.jpg":[23.954734364408832,120.57396686960941],"image-00083.jpg":[23.95467948093654,120.57412667121605],"image-00039.jpg":[23.954680643876454,120.57431723013599],"image-00062.jpg":[23.954789155068735,120.57423010298274],"image-00023.jpg":[23.954607579035855,120.57437139190642],"image-00105.jpg":[23.954711801695442,120.57403354095106],"image-00028.jpg":[23.954620216194026,120.57436163708604],"image-00120.jpg":[23.954729852163574,120.57398149562584],"image-00033.jpg":[23.954641230080988,120.5743450888103],"image-00002.jpg":[23.954591275619933,120.57438224572496],"image-00079.jpg":[23.95467954337986,120.57414411141932],"image-00027.jpg":[23.95461740711795,120.57436401775959],"image-00057.jpg":[23.954781160059717,120.57424440525124],"image-00096.jpg":[23.954697844948694,120.57407071783189],"image-00004.jpg":[23.954591271355596,120.57438224825862],"image-00109.jpg":[23.95471795585903,120.5740184161701],"image-00093.jpg":[23.95469349542898,120.57408374124526],"image-00106.jpg":[23.954713356453222,120.57402965806675],"image-00045.jpg":[23.9547202959429,120.57429033811769],"image-00016.jpg":[23.954596065835144,120.5743790996922],"image-00053.jpg":[23.954765853805263,120.57425693086458],"image-00103.jpg":[23.95470850720946,120.57404146376885],"image-00081.jpg":[23.95467657429962,120.57413475163108],"image-00061.jpg":[23.954790373768486,120.57423363811239],"image-00014.jpg":[23.95459400599801,120.57438051874264],"image-00012.jpg":[23.9545925568574,120.57438147656356],"image-00044.jpg":[23.954713785346335,120.57429469036208],"image-00116.jpg":[23.954726533434272,120.57399431018064],"image-00074.jpg":[23.95470702829915,120.57417209490467],"image-00119.jpg":[23.95472904332913,120.57398463783207],"image-00030.jpg":[23.95462726508072,120.57435598453023],"image-00073.jpg":[23.954713532088142,120.57417773077013],"image-00088.jpg":[23.954686541286392,120.57410548785967],"image-00049.jpg":[23.954745437235538,120.57427276210095],"image-00042.jpg":[23.954700604059195,120.57430357012328],"image-00055.jpg":[23.95477353180139,120.57425013233961],"image-00067.jpg":[23.954762257568,120.57420865324171],"image-00024.jpg":[23.954609810872363,120.57436971618955],"image-00097.jpg":[23.954699309375727,120.57406641657823],"image-00086.jpg":[23.95468352687289,120.57411417014038],"image-00068.jpg":[23.954754322897458,120.57420371094821],"image-00018.jpg":[23.954598741446365,120.5743773456798],"image-00060.jpg":[23.954789705922348,120.57423667103126],"image-00007.jpg":[23.954591267644684,120.57438225080521],"image-00122.jpg":[23.954731709815107,120.5739753687977],"image-00022.jpg":[23.954605490714865,120.57437286327917],"image-00015.jpg":[23.95459499386734,120.57437986170893],"image-00063.jpg":[23.954786776631913,120.57422637251736],"image-00100.jpg":[23.954703739972416,120.57405375824054],"image-00037.jpg":[23.954667083253483,120.5743268281573],"image-00115.jpg":[23.95472551571323,120.5739976771842],"image-00087.jpg":[23.954685060884508,120.57410983851864],"image-00011.jpg":[23.954592016981746,120.57438182410885],"image-00084.jpg":[23.954680804156833,120.57412254581945],"image-00091.jpg":[23.954690817658946,120.57409243757635],"image-00047.jpg":[23.95473323477419,120.57428154052334],"image-00038.jpg":[23.95467385325784,120.57432198695521],"image-00101.jpg":[23.954705296581427,120.57404956468064],"image-00017.jpg":[23.954597308356234,120.57437824672454],"image-00006.jpg":[23.95459126814145,120.57438225116107],"image-00072.jpg":[23.954721371365586,120.57418303828896],"image-00036.jpg":[23.95466031569965,120.57433160553855],"image-00056.jpg":[23.954777533649544,120.57424713668607],"image-00107.jpg":[23.954715002731636,120.5740258596299],"image-00003.jpg":[23.95459127641189,120.57438224371053],"image-00092.jpg":[23.954692173808112,120.57408812960915],"image-00121.jpg":[23.95473077101292,120.57397839116727],"image-00076.jpg":[23.954695082413778,120.57416051009211],"image-00041.jpg":[23.95469394546779,120.57430802666032],"image-00082.jpg":[23.954678289324175,120.57413072135472],"image-00032.jpg":[23.954635877917923,120.5743490573428],"image-00021.jpg":[23.95460358333976,120.5743741382947],"image-00108.jpg":[23.954716486305614,120.57402211877364],"image-00048.jpg":[23.954739484525938,120.57427714282406],"image-00026.jpg":[23.95461471899232,120.57436606083594],"image-00065.jpg":[23.954776630338902,120.57421798674903],"image-00089.jpg":[23.95468797415182,120.57410113571515],"image-00029.jpg":[23.954623553680502,120.57435894196931],"image-00071.jpg":[23.9547299003165,120.57418801765019],"image-00009.jpg":[23.95459139675459,120.57438220924469],"image-00113.jpg":[23.9547233518905,120.57400432724731],"image-00051.jpg":[23.95475620757584,120.57426449873041]}