{"image-00070.jpg":[23.954693132660257,120.57422749077382],"image-00095.jpg":[23.954773197597767,120.57404801209854],"image-00034.jpg":[23.95451701580787,120.5744145445837],"image-00102.jpg":[23.95480430271122,120.57400861733386],"image-00077.jpg":[23.954700341494892,120.57416027435414],"image-00058.jpg":[23.954676117096124,120.57430892312513],"image-00117.jpg":[23.954862293904874,120.57393622570103],"image-00008.jpg":[23.954451393663057,120.57445904975316],"image-00085.jpg":[23.954728187327586,120.57410615101755],"image-00020.jpg":[23.95446305022265,120.57445188361697],"image-00069.jpg":[23.954692980036352,120.57423710579391],"image-00013.jpg":[23.95445342146728,120.57445783426043],"image-00080.jpg":[23.95470752536122,120.57413455902946],"image-00050.jpg":[23.954635193513877,120.57433845303214],"image-00066.jpg":[23.954692746136487,120.57426462789047],"image-00005.jpg":[23.95445135990432,120.57445905126049],"image-00040.jpg":[23.954562920599148,120.57438463771346],"image-00025.jpg":[23.954474964063277,120.57444404145431],"image-00019.jpg":[23.95446126135378,120.57445297107938],"image-00094.jpg":[23.954768681008552,120.5740538395359],"image-00098.jpg":[23.95478667077374,120.57403075299118],"image-00104.jpg":[23.954813011758148,120.57399796407879],"image-00054.jpg":[23.954658047845744,120.57432140990335],"image-00124.jpg":[23.954884032947398,120.57390720372958],"image-00001.jpg":[23.95445136699947,120.57445904657546],"image-00031.jpg":[23.95449829513316,120.57442731222031],"image-00078.jpg":[23.954702480038627,120.57415113044203],"image-00110.jpg":[23.954837458184578,120.57396808339948],"image-00059.jpg":[23.954679893462547,120.57430602875172],"image-00090.jpg":[23.9547507436726,120.57407724642071],"image-00123.jpg":[23.954881109239324,120.57391102525094],"image-00118.jpg":[23.95486552039851,120.57393180393753],"image-00043.jpg":[23.95458528111041,120.57437057518507],"image-00064.jpg":[23.954692050128376,120.57428074881503],"image-00075.jpg":[23.954696781697827,120.57417949552736],"image-00035.jpg":[23.954524428163428,120.57440975588487],"image-00010.jpg":[23.954451709802346,120.5744588794918],"image-00046.jpg":[23.95460721224891,120.57435688668582],"image-00114.jpg":[23.95485212044705,120.57394964448285],"image-00052.jpg":[23.95464746330106,120.5743297767599],"image-00099.jpg":[23.954791101606393,120.57402512158285],"image-00111.jpg":[23.954841294821506,120.57396335872696],"image-00112.jpg":[23.954845043326387,120.57395870783944],"image-00125.jpg":[23.95488687557515,120.57390352584486],"image-00083.jpg":[23.954719638638707,120.57411730649154],"image-00039.jpg":[23.95455537199727,120.57438953843912],"image-00062.jpg":[23.954688771110618,120.57429346393745],"image-00023.jpg":[23.954469467342992,120.57444780328646],"image-00105.jpg":[23.95481725879297,120.57399280330571],"image-00028.jpg":[23.95448465775182,120.57443717328967],"image-00120.jpg":[23.954871834757167,120.57392322476923],"image-00033.jpg":[23.954510196418507,120.57441902957089],"image-00002.jpg":[23.954451366727817,120.57445904692517],"image-00079.jpg":[23.954704633281683,120.57414221475543],"image-00027.jpg":[23.95448109954015,120.57443983934868],"image-00057.jpg":[23.95467215503931,120.5743117944641],"image-00096.jpg":[23.95477772331473,120.57404222919334],"image-00004.jpg":[23.954451362223516,120.57445904942739],"image-00109.jpg":[23.954833602113524,120.5739728195984],"image-00093.jpg":[23.95476416169259,120.57405968403317],"image-00106.jpg":[23.954821441441695,120.57398766650488],"image-00045.jpg":[23.954599849843884,120.57436148979852],"image-00016.jpg":[23.954456646483404,120.57445580460143],"image-00053.jpg":[23.954653126720835,120.57432568214662],"image-00103.jpg":[23.954808660995994,120.57400325305491],"image-00081.jpg":[23.954711118331637,120.57412808270544],"image-00061.jpg":[23.954686387988485,120.57429882812099],"image-00014.jpg":[23.95445431834985,120.57445729329386],"image-00012.jpg":[23.954452715977578,120.57445828285225],"image-00044.jpg":[23.954592601221403,120.57436600491334],"image-00116.jpg":[23.95485899662542,120.57394064925973],"image-00074.jpg":[23.954695056877043,120.57418929958911],"image-00119.jpg":[23.954868689280598,120.5739274986341],"image-00030.jpg":[23.954493313960704,120.57443094231478],"image-00073.jpg":[23.954693631320083,120.57419903331183],"image-00088.jpg":[23.954741683780647,120.57408891088407],"image-00049.jpg":[23.954628511069224,120.57434295667899],"image-00042.jpg":[23.95457786738789,120.57437524362851],"image-00055.jpg":[23.954663124167045,120.57431798088479],"image-00067.jpg":[23.95469285895451,120.57425584246522],"image-00024.jpg":[23.954472109572787,120.57444599312348],"image-00097.jpg":[23.954782216933005,120.57403647160771],"image-00086.jpg":[23.954732581314545,120.57410051756654],"image-00068.jpg":[23.954692869835505,120.57424672142935],"image-00018.jpg":[23.95445959424203,120.57445399831828],"image-00060.jpg":[23.95468341549346,120.57430298300449],"image-00007.jpg":[23.954451358068788,120.57445905209798],"image-00122.jpg":[23.954878117843034,120.57391496442392],"image-00022.jpg":[23.9544670787889,120.57444935923303],"image-00015.jpg":[23.954455415013378,120.57445661294815],"image-00063.jpg":[23.954690702093668,120.57428751890421],"image-00100.jpg":[23.954795505332793,120.5740195587845],"image-00037.jpg":[23.954539817615583,120.57439970367349],"image-00115.jpg":[23.954855544686364,120.57394518949246],"image-00087.jpg":[23.95473713845148,120.57409473477169],"image-00011.jpg":[23.95445212700072,120.57445863824978],"image-00084.jpg":[23.9547239032181,120.57411176296415],"image-00091.jpg":[23.954755226910702,120.57407139842005],"image-00047.jpg":[23.954614386062097,120.57435230547858],"image-00038.jpg":[23.954547625871005,120.57439455817081],"image-00101.jpg":[23.95479995599289,120.57401397896767],"image-00017.jpg":[23.954458048864048,120.57445491097226],"image-00006.jpg":[23.954451358030074,120.57445905273548],"image-00072.jpg":[23.954693202286066,120.57420864610779],"image-00036.jpg":[23.954532065295894,120.57440475868817],"image-00056.jpg":[23.954667855026806,120.57431474810387],"image-00107.jpg":[23.954825599292114,120.57398267398511],"image-00003.jpg":[23.954451368805326,120.57445904424881],"image-00092.jpg":[23.954759668596076,120.5740656030722],"image-00121.jpg":[23.95487500618981,120.57391903340152],"image-00076.jpg":[23.954698735704664,120.57416966087358],"image-00041.jpg":[23.954570449601142,120.57437986904955],"image-00082.jpg":[23.954715508954703,120.57412277684392],"image-00032.jpg":[23.954503904823035,120.57442329929845],"image-00021.jpg":[23.954464956396052,120.57445068205251],"image-00108.jpg":[23.95482962072885,120.57397772129946],"image-00048.jpg":[23.954621534927533,120.57434765760726],"image-00026.jpg":[23.95447789503055,120.57444205487454],"image-00065.jpg":[23.954692503894098,120.57427290752457],"image-00089.jpg":[23.954746203952652,120.57408307240536],"image-00029.jpg":[23.954488771460614,120.57443419620034],"image-00071.jpg":[23.954693419818273,120.57421796966733],"image-00009.jpg":[23.954451462428736,120.57445902635541],"image-00113.jpg":[23.954848648070225,120.57395411702973],"image-00051.jpg":[23.954641424524077,120.57433396990936]}