{"image-00070.jpg":[24.990404633529632,121.47315038120362],"image-00095.jpg":[24.99047024970948,121.47335190599605],"image-00034.jpg":[24.990361743160232,121.47302685772401],"image-00102.jpg":[24.99050216845329,121.47344736400714],"image-00077.jpg":[24.990416831130666,121.47318059810506],"image-00058.jpg":[24.990385602767887,121.47309866692494],"image-00117.jpg":[24.99056625552245,121.47364018813016],"image-00008.jpg":[24.990358520328197,121.4730181080686],"image-00085.jpg":[24.990437828859857,121.47324095323015],"image-00020.jpg":[24.99035846585737,121.47301795159818],"image-00069.jpg":[24.990403041555282,121.47314658352614],"image-00013.jpg":[24.99035846573715,121.47301795128739],"image-00080.jpg":[24.990424488269806,121.47319969885257],"image-00050.jpg":[24.990376850713776,121.47306900131737],"image-00066.jpg":[24.990398521341646,121.47313388761253],"image-00005.jpg":[24.990358511211408,121.47301808797505],"image-00040.jpg":[24.99036708895609,121.47303969100537],"image-00025.jpg":[24.99035858675152,121.47301796120871],"image-00019.jpg":[24.99035846671184,121.47301795408015],"image-00094.jpg":[24.99046627793161,121.473339464618],"image-00098.jpg":[24.99048373101746,121.47339079031853],"image-00104.jpg":[24.990511666256534,121.47347613897387],"image-00054.jpg":[24.990380865878596,121.4730827759806],"image-00124.jpg":[24.990593280085683,121.47371571587755],"image-00001.jpg":[24.99035784356264,121.47301640634635],"image-00031.jpg":[24.990360057467953,121.4730221361647],"image-00078.jpg":[24.990419439613603,121.47318628615956],"image-00110.jpg":[24.990538182882904,121.47355629046007],"image-00059.jpg":[24.990387127831866,121.473103029268],"image-00090.jpg":[24.990452060386865,121.47329263943674],"image-00123.jpg":[24.990589746795564,121.47370533695322],"image-00118.jpg":[24.99057027789818,121.4736514925516],"image-00043.jpg":[24.990369999645683,121.47304755966582],"image-00064.jpg":[24.990395306486377,121.47312479151608],"image-00075.jpg":[24.990413108978625,121.47316919271708],"image-00035.jpg":[24.990362436278623,121.47302876096812],"image-00010.jpg":[24.990358423490292,121.47301783020409],"image-00046.jpg":[24.99037292801614,121.4730562698831],"image-00114.jpg":[24.990554795632754,121.4736052378727],"image-00052.jpg":[24.990378794005974,121.47307574044032],"image-00099.jpg":[24.99048814872454,121.47340439078496],"image-00111.jpg":[24.990542384574645,121.47356895841229],"image-00112.jpg":[24.99054650041326,121.47358133980012],"image-00125.jpg":[24.990595677800002,121.47372604313558],"image-00083.jpg":[24.990432329604847,121.47322289201685],"image-00039.jpg":[24.990365983610644,121.47303725722003],"image-00062.jpg":[24.99039194036234,121.47311627507332],"image-00023.jpg":[24.990358461296328,121.47301793769208],"image-00105.jpg":[24.990515842522207,121.47349028474383],"image-00028.jpg":[24.990358977937966,121.47301894839987],"image-00120.jpg":[24.990577883205283,121.47367355214732],"image-00033.jpg":[24.990361161472375,121.47302507714565],"image-00002.jpg":[24.99035801921294,121.47301675827035],"image-00079.jpg":[24.990421809854794,121.47319259189854],"image-00027.jpg":[24.990358639769802,121.47301850205864],"image-00057.jpg":[24.99038423675385,121.47309439500486],"image-00096.jpg":[24.990474515625753,121.47336485401638],"image-00004.jpg":[24.99035858020385,121.47301792984217],"image-00109.jpg":[24.990533882773455,121.47354361744512],"image-00093.jpg":[24.9904624054802,121.47332744112296],"image-00106.jpg":[24.990520447507496,121.47350402918732],"image-00045.jpg":[24.990372016999263,121.47305325615645],"image-00016.jpg":[24.990358487984007,121.4730180150179],"image-00053.jpg":[24.990379832931072,121.47307926923051],"image-00103.jpg":[24.990506768784336,121.47346178812725],"image-00081.jpg":[24.990427230936334,121.4732072214253],"image-00061.jpg":[24.990390387107606,121.47311188623408],"image-00014.jpg":[24.990358476922605,121.47301798371421],"image-00012.jpg":[24.990358466018144,121.47301795189908],"image-00044.jpg":[24.990371051255828,121.4730504055658],"image-00116.jpg":[24.99056221913046,121.47362878145199],"image-00074.jpg":[24.99041139559635,121.4731644289192],"image-00119.jpg":[24.990574228931294,121.47366263086985],"image-00030.jpg":[24.990359630149996,121.47302103801266],"image-00073.jpg":[24.99040991354164,121.47315684695096],"image-00088.jpg":[24.99044579406703,121.47327103548577],"image-00049.jpg":[24.990375890132352,121.47306576693046],"image-00042.jpg":[24.9903690128155,121.47304481379702],"image-00055.jpg":[24.99038196994409,121.47308652087477],"image-00067.jpg":[24.990400041649483,121.4731382627392],"image-00024.jpg":[24.990358559921194,121.4730180638587],"image-00097.jpg":[24.990478901856246,121.4733776713293],"image-00086.jpg":[24.990440349483404,121.47325059242564],"image-00068.jpg":[24.99040155553439,121.4731431046871],"image-00018.jpg":[24.990358467488605,121.47301795549507],"image-00060.jpg":[24.990388678457244,121.4731074013755],"image-00007.jpg":[24.990358498316247,121.47301804515868],"image-00122.jpg":[24.99058518408296,121.4736949133125],"image-00022.jpg":[24.990358461759307,121.47301794000941],"image-00015.jpg":[24.990358468094485,121.4730179579584],"image-00063.jpg":[24.990393497852466,121.47312070578354],"image-00100.jpg":[24.990492864486413,121.47341829134773],"image-00037.jpg":[24.990364095372698,121.47303282094589],"image-00115.jpg":[24.990558665076197,121.4736170849034],"image-00087.jpg":[24.990443089300662,121.4732607512928],"image-00011.jpg":[24.990358423490072,121.47301783020316],"image-00084.jpg":[24.990434805595065,121.47323194211219],"image-00091.jpg":[24.990455196631515,121.47330386895048],"image-00047.jpg":[24.990373868675423,121.47305929620181],"image-00038.jpg":[24.990365076123307,121.47303507858365],"image-00101.jpg":[24.990497500506287,121.47343258784764],"image-00017.jpg":[24.990358467989047,121.47301795702828],"image-00006.jpg":[24.99035843166841,121.4730178545085],"image-00072.jpg":[24.990408027076317,121.47315610671646],"image-00036.jpg":[24.990363276375593,121.47303077601035],"image-00056.jpg":[24.990383000035997,121.47309032499496],"image-00107.jpg":[24.990524947114857,121.4735175339919],"image-00003.jpg":[24.99035864459712,121.47301777369135],"image-00092.jpg":[24.990458762813407,121.47331554724244],"image-00121.jpg":[24.990581467190037,121.47368440528405],"image-00076.jpg":[24.990414919385515,121.47317499971605],"image-00041.jpg":[24.990367951586475,121.47304218182721],"image-00082.jpg":[24.990429716187375,121.47321456171298],"image-00032.jpg":[24.99036057749721,121.47302348587549],"image-00021.jpg":[24.99035846430322,121.47301794697205],"image-00108.jpg":[24.990529340752236,121.47353074762462],"image-00048.jpg":[24.990374868697742,121.4730625270175],"image-00026.jpg":[24.990358596158977,121.4730180895731],"image-00065.jpg":[24.990396862238157,121.47312944196796],"image-00089.jpg":[24.99044875521459,121.4732814696905],"image-00029.jpg":[24.990359274186947,121.47301996079096],"image-00071.jpg":[24.990406363275735,121.47315463622911],"image-00009.jpg":[24.99035851048286,121.4730180798337],"image-00113.jpg":[24.990550649404256,121.47359344320992],"image-00051.jpg":[24.990377752515833,121.47307233311832]}