{
    "image-00101.jpg": {
        "24.990483,121.473360": [
            64762.0, 
            64762.0, 
            64762.0, 
            65276.0, 
            65754.0, 
            66266.0, 
            66266.0, 
            68827.0, 
            65756.0, 
            66780.0, 
            66780.0, 
            68316.0, 
            68316.0, 
            65757.0, 
            66781.0, 
            67293.0, 
            67293.0, 
            68830.0, 
            68830.0, 
            68319.0, 
            68319.0, 
            67860.0, 
            64737.0, 
            65761.0, 
            65761.0, 
            66273.0, 
            66273.0, 
            66785.0, 
            66785.0, 
            67297.0, 
            67297.0, 
            68321.0, 
            68321.0, 
            68321.0, 
            59159.0, 
            60695.0, 
            60187.0, 
            60698.0, 
            60698.0, 
            60698.0, 
            65762.0, 
            60188.0, 
            60700.0, 
            60700.0, 
            60700.0, 
            61212.0, 
            60189.0, 
            60701.0, 
            60701.0, 
            60701.0, 
            61213.0, 
            61213.0, 
            61725.0, 
            60702.0, 
            60702.0, 
            60703.0, 
            63203.0, 
            64227.0, 
            64739.0, 
            64739.0, 
            67299.0, 
            67364.0, 
            65252.0, 
            66788.0, 
            66788.0, 
            66788.0, 
            67367.0, 
            65833.0, 
            65833.0, 
            65833.0, 
            66345.0, 
            66345.0, 
            66345.0, 
            65766.0, 
            66278.0, 
            66790.0, 
            66790.0, 
            66348.0, 
            66279.0, 
            62184.0, 
            64232.0, 
            64232.0, 
            64232.0, 
            62697.0, 
            64233.0, 
            64233.0, 
            64233.0, 
            64745.0, 
            64745.0, 
            64745.0, 
            65257.0, 
            66281.0, 
            66281.0, 
            66793.0, 
            62186.0, 
            62698.0, 
            64746.0, 
            66794.0, 
            67310.0, 
            65775.0
        ]
    }, 
    "image-00112.jpg": {
        "24.990559,121.473561": [
            60122.0, 
            60122.0, 
            59100.0, 
            59100.0, 
            60124.0, 
            64271.0, 
            64273.0, 
            65809.0, 
            64227.0, 
            64739.0, 
            65251.0, 
            64228.0, 
            64228.0, 
            67372.0, 
            67372.0, 
            68396.0, 
            65837.0, 
            66349.0, 
            66349.0, 
            66349.0, 
            68909.0, 
            68909.0, 
            66350.0, 
            66350.0, 
            67374.0, 
            67374.0, 
            56111.0, 
            65839.0, 
            66351.0, 
            66351.0, 
            66863.0, 
            66863.0, 
            68399.0, 
            68399.0, 
            68911.0, 
            56113.0, 
            56113.0, 
            66353.0, 
            66353.0, 
            66865.0, 
            66865.0, 
            68401.0, 
            68401.0
        ]
    }, 
    "image-00074.jpg": {
        "24.990417,121.473185": [
            57619.0, 
            57619.0, 
            61715.0, 
            57107.0, 
            58132.0, 
            58132.0, 
            57108.0, 
            57622.0, 
            57622.0, 
            56086.0, 
            56086.0, 
            57111.0, 
            57624.0, 
            58136.0, 
            58136.0, 
            58648.0, 
            58648.0, 
            57112.0, 
            57625.0, 
            58649.0, 
            58649.0, 
            59161.0, 
            57626.0, 
            58138.0, 
            58138.0, 
            58650.0, 
            58650.0, 
            59162.0, 
            57628.0, 
            57628.0, 
            57630.0
        ]
    }, 
    "image-00069.jpg": {
        "24.990385,121.473098": [
            65292.0, 
            58638.0, 
            59150.0, 
            57615.0, 
            57615.0, 
            59151.0, 
            57103.0, 
            57103.0, 
            57617.0, 
            57617.0, 
            57617.0, 
            58129.0, 
            58129.0, 
            57105.0, 
            57105.0, 
            57618.0, 
            57618.0, 
            57618.0, 
            58130.0, 
            58130.0, 
            60178.0, 
            60178.0, 
            60690.0, 
            60690.0, 
            61202.0, 
            61714.0, 
            58643.0, 
            59155.0, 
            59155.0, 
            59156.0, 
            59668.0, 
            60692.0, 
            57622.0
        ]
    }
}