{"image-00070.jpg":[24.990451103344693,121.47310883851097],"image-00095.jpg":[24.99050680661845,121.47332430407856],"image-00034.jpg":[24.990413534187123,121.47297643891972],"image-00102.jpg":[24.990534680475466,121.47342658438885],"image-00077.jpg":[24.990462166527003,121.47314135069897],"image-00058.jpg":[24.990434242213542,121.47305334320204],"image-00117.jpg":[24.990589955647945,121.47363299354734],"image-00008.jpg":[24.990410695256863,121.47296705407973],"image-00085.jpg":[24.99047951423383,121.47320575283304],"image-00020.jpg":[24.99041065463939,121.47296688833606],"image-00069.jpg":[24.990449666144507,121.47310475307171],"image-00013.jpg":[24.990410654923373,121.47296688811099],"image-00080.jpg":[24.990468657858408,121.47316177522163],"image-00050.jpg":[24.990426762068548,121.47302161456628],"image-00066.jpg":[24.990445669343405,121.47309113324422],"image-00005.jpg":[24.99041069953307,121.47296703592663],"image-00040.jpg":[24.990418370331955,121.47299024679839],"image-00025.jpg":[24.990410756105984,121.47296689869381],"image-00019.jpg":[24.99041065537649,121.47296689099315],"image-00094.jpg":[24.990503359042812,121.47331098125082],"image-00098.jpg":[24.99051848153497,121.47336594509741],"image-00104.jpg":[24.9905427471972,121.47345735138869],"image-00054.jpg":[24.990430181075517,121.47303634339775],"image-00124.jpg":[24.990612675676488,121.4737136926951],"image-00001.jpg":[24.99041013456152,121.4729652380578],"image-00031.jpg":[24.990412036770213,121.4729713717753],"image-00078.jpg":[24.99046451494912,121.47314747208469],"image-00110.jpg":[24.990565543165008,121.47354312815992],"image-00059.jpg":[24.990435597618674,121.47305802455915],"image-00090.jpg":[24.990491566523566,121.47326099743673],"image-00123.jpg":[24.99060955991412,121.4737025629638],"image-00118.jpg":[24.990593362890294,121.47364507906303],"image-00043.jpg":[24.990420938759154,121.47299868807794],"image-00064.jpg":[24.990442881788617,121.47308139081194],"image-00075.jpg":[24.990459019296654,121.47312915979671],"image-00035.jpg":[24.99041414675453,121.47297848079234],"image-00010.jpg":[24.990410623750194,121.47296675994555],"image-00046.jpg":[24.9904234373859,121.47300800467738],"image-00114.jpg":[24.99057992801771,121.47359554220367],"image-00052.jpg":[24.990428386423783,121.47302881196953],"image-00099.jpg":[24.990522310971787,121.47338050834657],"image-00111.jpg":[24.990569260056947,121.47355671437037],"image-00112.jpg":[24.990572815010406,121.47356996946861],"image-00125.jpg":[24.990615324487944,121.47372490147384],"image-00083.jpg":[24.99047509726298,121.47318651341462],"image-00039.jpg":[24.990417371731763,121.47298762683037],"image-00062.jpg":[24.990439887753443,121.47307224526503],"image-00023.jpg":[24.990410650665698,121.47296687343959],"image-00105.jpg":[24.990546417991098,121.47347250909056],"image-00028.jpg":[24.990411103499518,121.4729679586698],"image-00120.jpg":[24.99059990009224,121.47366868857068],"image-00033.jpg":[24.99041303823395,121.47297453456392],"image-00002.jpg":[24.99041026000789,121.47296560795964],"image-00079.jpg":[24.990466453045208,121.47315419454277],"image-00027.jpg":[24.99041076793459,121.47296746731283],"image-00057.jpg":[24.990433060097967,121.47304876960486],"image-00096.jpg":[24.99051057640725,121.47333818919296],"image-00004.jpg":[24.99041078408696,121.47296687449114],"image-00109.jpg":[24.990561827627577,121.47352955979873],"image-00093.jpg":[24.990500142750633,121.47329814592989],"image-00106.jpg":[24.990550400181792,121.47348722502517],"image-00045.jpg":[24.990422677817094,121.47300478655225],"image-00016.jpg":[24.99041067137792,121.47296695557964],"image-00053.jpg":[24.99042928655853,121.47303258953946],"image-00103.jpg":[24.990538534613712,121.47344199175059],"image-00081.jpg":[24.990470796067587,121.47316976635616],"image-00061.jpg":[24.990438487614988,121.4730675297305],"image-00014.jpg":[24.990410663154666,121.4729669224318],"image-00012.jpg":[24.990410655130617,121.47296688875659],"image-00044.jpg":[24.990421861020568,121.47300173948399],"image-00116.jpg":[24.990586424265057,121.47362076757364],"image-00074.jpg":[24.990457467316084,121.4731240388142],"image-00119.jpg":[24.99059675384676,121.47365699923122],"image-00030.jpg":[24.990411657157438,121.47297019273273],"image-00073.jpg":[24.990456464109617,121.4731160066037],"image-00088.jpg":[24.990486196262335,121.47323788757986],"image-00049.jpg":[24.990425948585223,121.47301815730324],"image-00042.jpg":[24.99042007650605,121.47299574512762],"image-00055.jpg":[24.990431134234292,121.47304035137068],"image-00067.jpg":[24.990446976703424,121.47309581600783],"image-00024.jpg":[24.990410745330678,121.47296701157265],"image-00097.jpg":[24.9905143284799,121.4733519018096],"image-00086.jpg":[24.990481617796974,121.47321604662832],"image-00068.jpg":[24.99044832885427,121.47310101130336],"image-00018.jpg":[24.990410656114385,121.47296689252883],"image-00060.jpg":[24.99043692799498,121.47306270344666],"image-00007.jpg":[24.990410679013706,121.47296698749165],"image-00122.jpg":[24.990606157607342,121.47369154516167],"image-00022.jpg":[24.990410651142316,121.47296687593948],"image-00015.jpg":[24.99041065668079,121.4729668951764],"image-00063.jpg":[24.99044129166271,121.47307700558328],"image-00100.jpg":[24.99052642358402,121.47339540152025],"image-00037.jpg":[24.990415652395814,121.47298284980036],"image-00115.jpg":[24.990583272339524,121.4736082253238],"image-00087.jpg":[24.9904839117711,121.47322689742015],"image-00011.jpg":[24.990410623750012,121.47296675994457],"image-00084.jpg":[24.990477216181738,121.47319619266322],"image-00091.jpg":[24.990494221040187,121.47327299977364],"image-00047.jpg":[24.9904242270072,121.47301123771211],"image-00038.jpg":[24.990416550743564,121.47298528273774],"image-00101.jpg":[24.990530467084643,121.47341071690732],"image-00017.jpg":[24.990410656570848,121.47296689417692],"image-00006.jpg":[24.99041062988149,121.4729667857067],"image-00072.jpg":[24.990454395691568,121.47311507972086],"image-00036.jpg":[24.99041491391676,121.47298065086554],"image-00056.jpg":[24.990431991824284,121.47304441323786],"image-00107.jpg":[24.990554223813707,121.47350166544483],"image-00003.jpg":[24.990410864275567,121.47296671502866],"image-00092.jpg":[24.990497244684374,121.4732854840625],"image-00121.jpg":[24.990602977162805,121.47368030224827],"image-00076.jpg":[24.990460516786634,121.47313535727474],"image-00041.jpg":[24.99041911716133,121.472992914141],"image-00082.jpg":[24.990473016981948,121.4731776456301],"image-00032.jpg":[24.990412505199725,121.47297282262613],"image-00021.jpg":[24.990410653278932,121.47296688337832],"image-00108.jpg":[24.990557973223016,121.4735157988855],"image-00048.jpg":[24.99042507793816,121.4730146923988],"image-00026.jpg":[24.99041075417947,121.47296703307157],"image-00065.jpg":[24.99044422175438,121.4730863684596],"image-00089.jpg":[24.99048874080099,121.47324905062666],"image-00029.jpg":[24.99041135117178,121.47296903991813],"image-00071.jpg":[24.990452648815506,121.4731134104833],"image-00009.jpg":[24.990410687985065,121.47296702419123],"image-00113.jpg":[24.990576390574315,121.47358292569152],"image-00051.jpg":[24.990427507988127,121.4730251707611]}