{"image-00070.jpg":[24.99018605417051,121.47325169018137],"image-00095.jpg":[24.99032271535013,121.4734239213994],"image-00034.jpg":[24.990098853597598,121.47314592817477],"image-00102.jpg":[24.990388942969915,121.47350562513876],"image-00077.jpg":[24.99020926174229,121.4732776399718],"image-00058.jpg":[24.990148412625725,121.47320736982654],"image-00117.jpg":[24.990521687240047,121.4736705599139],"image-00008.jpg":[24.99009249889988,121.47313843188653],"image-00085.jpg":[24.990250852487517,121.47332916424725],"image-00020.jpg":[24.99009239546395,121.47313829895175],"image-00069.jpg":[24.99018309067116,121.47324842874013],"image-00013.jpg":[24.99009239562585,121.47313829874247],"image-00080.jpg":[24.99022342650941,121.47329397605074],"image-00050.jpg":[24.99012901479152,121.47318201734615],"image-00066.jpg":[24.990173992376796,121.47323755143557],"image-00005.jpg":[24.990092495189938,121.4731384164489],"image-00040.jpg":[24.99010884753438,121.47315695027407],"image-00025.jpg":[24.990092500801058,121.47313830807065],"image-00019.jpg":[24.990092397198218,121.47313830107507],"image-00094.jpg":[24.990314269205918,121.47341327811415],"image-00098.jpg":[24.99035001292311,121.47345719473165],"image-00104.jpg":[24.990408569416246,121.47353021914361],"image-00054.jpg":[24.99013796745138,121.47319378695335],"image-00124.jpg":[24.990574747573234,121.47373509886583],"image-00001.jpg":[24.9900912546579,121.47313697843114],"image-00031.jpg":[24.99009545890448,121.47314188187258],"image-00078.jpg":[24.990213896286903,121.47328252773481],"image-00110.jpg":[24.990463566508875,121.4735987655239],"image-00059.jpg":[24.990151520953194,121.47321110790409],"image-00090.jpg":[24.990283667904986,121.47337330936793],"image-00123.jpg":[24.990567461457154,121.47372621017422],"image-00118.jpg":[24.99052963577127,121.47368022317723],"image-00043.jpg":[24.990114577766384,121.47316369259161],"image-00064.jpg":[24.990167550218636,121.47322976669224],"image-00075.jpg":[24.990201532751918,121.47326789423687],"image-00035.jpg":[24.990100230933834,121.473147558969],"image-00010.jpg":[24.990092315843565,121.47313819592074],"image-00046.jpg":[24.99012057562491,121.47317113938294],"image-00114.jpg":[24.990497616985582,121.47364064545442],"image-00052.jpg":[24.990133346211618,121.47318777086385],"image-00099.jpg":[24.990359306599924,121.47346882973326],"image-00111.jpg":[24.990472373548812,121.47360961473856],"image-00112.jpg":[24.990480902890287,121.47362020607713],"image-00125.jpg":[24.99058154939105,121.47374400594228],"image-00083.jpg":[24.990239181710287,121.47331376870025],"image-00039.jpg":[24.990106870736735,121.47315485858985],"image-00062.jpg":[24.990161133829336,121.47322246281317],"image-00023.jpg":[24.99009238590307,121.47313828705185],"image-00105.jpg":[24.99041792378376,121.47354232314322],"image-00028.jpg":[24.9900932448963,121.47313915464026],"image-00120.jpg":[24.99054503555346,121.47369909193422],"image-00033.jpg":[24.9900976423229,121.47314440609108],"image-00002.jpg":[24.99009152132078,121.47313727629296],"image-00079.jpg":[24.990218367082903,121.47328790892816],"image-00027.jpg":[24.990092729646143,121.47313876432176],"image-00057.jpg":[24.990145514208063,121.47320371581293],"image-00096.jpg":[24.990331687780447,121.47343500947558],"image-00004.jpg":[24.990092516422873,121.4731382862059],"image-00109.jpg":[24.9904547593858,121.47358792352674],"image-00093.jpg":[24.990306223271237,121.47340301314425],"image-00106.jpg":[24.99042742803119,121.47355408156997],"image-00045.jpg":[24.990118605471775,121.47316856639708],"image-00016.jpg":[24.990092437665403,121.47313835286687],"image-00053.jpg":[24.990135664069268,121.473190788361],"image-00103.jpg":[24.990398591282204,121.47351794421445],"image-00081.jpg":[24.990228585415206,121.47330037999696],"image-00061.jpg":[24.990157969971765,121.4732186988674],"image-00014.jpg":[24.990092416874873,121.47313832627637],"image-00012.jpg":[24.990092396078612,121.4731382992614],"image-00044.jpg":[24.99011664353308,121.47316613027257],"image-00116.jpg":[24.990513572684474,121.47366079300531],"image-00074.jpg":[24.990198066301073,121.4732638071599],"image-00119.jpg":[24.99053750160445,121.47368975080585],"image-00030.jpg":[24.99009463800292,121.47314094024507],"image-00073.jpg":[24.990194019198782,121.47325737363334],"image-00088.jpg":[24.990269618510773,121.47335484536131],"image-00049.jpg":[24.990126901997055,121.47317925424608],"image-00042.jpg":[24.990112612234167,121.47316134142952],"image-00055.jpg":[24.9901404251307,121.47319698876095],"image-00067.jpg":[24.99017705747703,121.47324129391671],"image-00024.jpg":[24.990092531339997,121.47313839700557],"image-00097.jpg":[24.990340589148886,121.47344596978951],"image-00086.jpg":[24.99025682801865,121.47333739134189],"image-00068.jpg":[24.990180355239634,121.47324544126879],"image-00018.jpg":[24.990092398505126,121.47313830229868],"image-00060.jpg":[24.990154607842015,121.47321484769193],"image-00007.jpg":[24.990092457401456,121.4731383784649],"image-00122.jpg":[24.99055987490616,121.47371735997149],"image-00022.jpg":[24.990092387311176,121.47313828904191],"image-00015.jpg":[24.990092400061478,121.47313830440979],"image-00063.jpg":[24.990164318278218,121.47322626248342],"image-00100.jpg":[24.990369004256213,121.47348072745291],"image-00037.jpg":[24.99010336832674,121.47315104609083],"image-00115.jpg":[24.99050572100853,121.4736507792359],"image-00087.jpg":[24.990263202765632,121.4733460636599],"image-00011.jpg":[24.990092315843004,121.47313819591994],"image-00084.jpg":[24.990244936344858,121.47332150146296],"image-00091.jpg":[24.990290833482174,121.47338290065628],"image-00047.jpg":[24.990122580928148,121.47317372407923],"image-00038.jpg":[24.990105174138144,121.47315298742603],"image-00101.jpg":[24.990378791817783,121.47349296144463],"image-00017.jpg":[24.990092399577755,121.47313830361367],"image-00006.jpg":[24.990092331732804,121.47313821657593],"image-00072.jpg":[24.990191649800586,121.47325665762648],"image-00036.jpg":[24.990101808008475,121.47314929068492],"image-00056.jpg":[24.990142810784064,121.47320023553733],"image-00107.jpg":[24.9904366769494,121.47356562482821],"image-00003.jpg":[24.990092534082656,121.47313815754147],"image-00092.jpg":[24.990298548546214,121.47339287868778],"image-00121.jpg":[24.99055247287805,121.47370837299673],"image-00076.jpg":[24.990205362773047,121.47327285062826],"image-00041.jpg":[24.990110595105623,121.47315908162531],"image-00082.jpg":[24.99023375593286,121.47330667043575],"image-00032.jpg":[24.99009646975495,121.47314304007074],"image-00021.jpg":[24.990092392244744,121.4731382949916],"image-00108.jpg":[24.990445734785023,121.47357692144129],"image-00048.jpg":[24.990124729770294,121.47317648507834],"image-00026.jpg":[24.990092550365727,121.47313841602923],"image-00065.jpg":[24.990170758539904,121.47323374435034],"image-00089.jpg":[24.99027635490362,121.47336376337053],"image-00029.jpg":[24.990093899240488,121.47314001900529],"image-00071.jpg":[24.990189309605253,121.47325534111727],"image-00009.jpg":[24.99009248029308,121.4731384079089],"image-00113.jpg":[24.99048934113547,121.47363055987131],"image-00051.jpg":[24.990131099015223,121.47318486028817]}