{
    "image-00064.jpg": {
        "25.054809,121.627543": [
            66825.0, 
            67849.0, 
            66826.0, 
            67340.0, 
            68364.0, 
            69900.0, 
            67341.0, 
            67341.0, 
            67341.0, 
            66831.0, 
            67343.0, 
            67343.0, 
            68367.0, 
            68367.0, 
            66833.0, 
            66833.0, 
            67345.0, 
            66834.0, 
            66834.0, 
            67346.0, 
            66835.0, 
            66835.0, 
            66835.0, 
            67347.0, 
            67347.0, 
            68371.0, 
            68371.0, 
            66836.0, 
            66836.0, 
            66836.0, 
            67348.0, 
            67348.0, 
            68372.0, 
            68372.0, 
            66326.0, 
            66326.0, 
            68374.0, 
            68374.0, 
            66327.0, 
            66327.0, 
            66839.0, 
            66839.0, 
            66839.0, 
            66839.0, 
            67351.0, 
            67351.0, 
            66328.0, 
            66840.0, 
            66840.0, 
            67352.0, 
            67352.0, 
            67352.0, 
            67352.0, 
            66841.0, 
            66841.0, 
            66841.0, 
            67353.0, 
            67353.0, 
            67353.0, 
            67353.0, 
            68377.0, 
            68377.0, 
            66330.0, 
            66330.0, 
            66330.0, 
            66843.0, 
            66843.0, 
            66843.0, 
            67354.0, 
            67354.0, 
            67354.0, 
            67354.0, 
            66844.0, 
            67356.0, 
            67356.0, 
            67356.0, 
            66845.0, 
            68381.0, 
            66846.0, 
            66846.0, 
            66846.0, 
            67358.0, 
            67358.0, 
            67359.0, 
            67359.0, 
            67359.0, 
            68383.0, 
            68383.0, 
            66849.0, 
            66849.0, 
            67361.0, 
            67361.0, 
            68385.0, 
            66850.0, 
            67362.0, 
            67362.0, 
            67362.0
        ]
    }, 
    "image-00069.jpg": {
        "25.054904,121.627315": [
            69394.0, 
            66326.0, 
            66838.0, 
            67350.0, 
            66327.0, 
            66839.0, 
            66839.0, 
            67351.0, 
            67351.0, 
            67351.0, 
            66840.0, 
            66840.0, 
            67352.0, 
            67352.0, 
            67352.0, 
            65817.0, 
            65817.0, 
            66329.0, 
            66329.0, 
            66841.0, 
            66841.0, 
            66841.0, 
            66841.0, 
            67353.0, 
            67353.0, 
            67353.0, 
            65818.0, 
            66330.0, 
            66842.0, 
            66842.0, 
            66842.0, 
            65820.0, 
            66844.0, 
            66844.0, 
            67356.0, 
            67356.0, 
            66333.0, 
            66845.0, 
            66845.0, 
            65822.0, 
            66334.0, 
            66846.0, 
            66846.0, 
            67358.0, 
            67358.0, 
            66847.0, 
            66847.0, 
            66847.0, 
            67359.0, 
            67359.0, 
            65825.0, 
            66849.0, 
            66849.0, 
            66849.0, 
            66849.0, 
            65826.0, 
            67362.0, 
            67362.0, 
            67362.0, 
            65827.0, 
            66339.0, 
            66339.0, 
            66851.0, 
            66851.0, 
            67363.0, 
            67363.0, 
            67363.0, 
            65828.0, 
            66340.0, 
            66340.0, 
            66852.0, 
            66852.0, 
            67364.0, 
            67364.0, 
            65830.0, 
            66342.0, 
            66342.0, 
            66854.0, 
            67366.0, 
            65831.0, 
            66855.0, 
            66855.0, 
            66855.0, 
            66344.0, 
            66344.0, 
            65833.0, 
            65833.0, 
            66857.0, 
            66857.0, 
            66857.0, 
            66857.0, 
            67369.0, 
            67369.0, 
            67369.0, 
            67369.0, 
            65834.0, 
            65834.0, 
            66858.0, 
            66858.0, 
            66858.0, 
            66858.0, 
            67370.0, 
            67370.0, 
            67370.0, 
            67370.0, 
            66348.0, 
            66348.0, 
            66860.0, 
            66860.0, 
            67884.0, 
            67884.0, 
            66349.0, 
            66349.0, 
            66353.0, 
            66353.0, 
            66865.0, 
            66865.0
        ]
    }
}