{"image-00070.jpg":[25.048770177304807,121.5638861509288],"image-00095.jpg":[25.048839528785095,121.56441905116567],"image-00034.jpg":[25.04869795374346,121.56310475447773],"image-00102.jpg":[25.048856018122876,121.56457101878205],"image-00077.jpg":[25.048783804136285,121.56403828034516],"image-00058.jpg":[25.048755648529596,121.56362543038924],"image-00117.jpg":[25.048883605192,121.56489978569823],"image-00008.jpg":[25.048630109476207,121.56254910258727],"image-00085.jpg":[25.048809437561484,121.56421109686286],"image-00020.jpg":[25.048654858681374,121.56280712184632],"image-00069.jpg":[25.048769196693062,121.56386405343171],"image-00013.jpg":[25.048640518992126,121.56265874564737],"image-00080.jpg":[25.048792576469737,121.5641069327462],"image-00050.jpg":[25.048739558592004,121.56345308755778],"image-00066.jpg":[25.048765754624615,121.56379907478271],"image-00005.jpg":[25.048623318082903,121.56248158399055],"image-00040.jpg":[25.048714155269636,121.56323334728745],"image-00025.jpg":[25.048669718890462,121.56291367816436],"image-00019.jpg":[25.04865255628089,121.56278581068369],"image-00094.jpg":[25.048836579077438,121.56439791820361],"image-00098.jpg":[25.048846744155412,121.56448600369944],"image-00104.jpg":[25.04885944298947,121.5646139216282],"image-00054.jpg":[25.04874834427224,121.5635397149138],"image-00124.jpg":[25.048898213915063,121.56505782085048],"image-00001.jpg":[25.048617801122667,121.56242035867749],"image-00031.jpg":[25.048689132953072,121.56304057033654],"image-00078.jpg":[25.0487860983197,121.56406081611343],"image-00110.jpg":[25.048870695444315,121.5647441158248],"image-00059.jpg":[25.04875723617056,121.56364679931949],"image-00090.jpg":[25.04882557090251,121.56431378140644],"image-00123.jpg":[25.04889620351609,121.56503515993614],"image-00118.jpg":[25.048885812732255,121.56492181978984],"image-00043.jpg":[25.048722051978984,121.56330009544567],"image-00064.jpg":[25.04876332992967,121.56375587049077],"image-00075.jpg":[25.048778713778166,121.56399533639032],"image-00035.jpg":[25.048701052373858,121.56312592509698],"image-00010.jpg":[25.04863432495759,121.56259324069431],"image-00046.jpg":[25.04872963931754,121.56336577256809],"image-00114.jpg":[25.048878059582176,121.56483306725013],"image-00052.jpg":[25.048744137167507,121.5634965846408],"image-00099.jpg":[25.048849756616224,121.56450617880742],"image-00111.jpg":[25.048872061956438,121.56476724562647],"image-00112.jpg":[25.048874249835176,121.5647891125599],"image-00125.jpg":[25.04890043912227,121.56508008231678],"image-00083.jpg":[25.04880250019865,121.56416938089089],"image-00039.jpg":[25.048711284905785,121.5632115855384],"image-00062.jpg":[25.048760618677168,121.56371240999694],"image-00023.jpg":[25.048663747864598,121.56287205590257],"image-00105.jpg":[25.048861109033304,121.56463589358867],"image-00028.jpg":[25.048679263918668,121.56297596720029],"image-00120.jpg":[25.048889831404797,121.56496754666733],"image-00033.jpg":[25.04869581129178,121.56308254125315],"image-00002.jpg":[25.048618156380265,121.56242387414433],"image-00079.jpg":[25.048789523701718,121.56408575682372],"image-00027.jpg":[25.04867589686801,121.56295534758584],"image-00057.jpg":[25.04875386921664,121.56360423420972],"image-00096.jpg":[25.048841904456367,121.56444114771548],"image-00004.jpg":[25.048621398129804,121.5624607083796],"image-00109.jpg":[25.048868581150145,121.56472306785504],"image-00093.jpg":[25.04883398081598,121.56437555057451],"image-00106.jpg":[25.0488631417539,121.56465723216401],"image-00045.jpg":[25.048726988182715,121.56334412161777],"image-00016.jpg":[25.04864628011048,121.56272219291688],"image-00053.jpg":[25.048746391818177,121.56351780674856],"image-00103.jpg":[25.048857627607056,121.56459247953157],"image-00081.jpg":[25.04879577259314,121.56412817309649],"image-00061.jpg":[25.048759823443135,121.56368998801435],"image-00014.jpg":[25.048642435460295,121.5626793909517],"image-00012.jpg":[25.048638634793818,121.56263697181868],"image-00044.jpg":[25.048724615232558,121.56332195335304],"image-00116.jpg":[25.04888193497453,121.56487722555593],"image-00074.jpg":[25.04877665215258,121.5639729535369],"image-00119.jpg":[25.048887592569727,121.56494529213163],"image-00030.jpg":[25.048686125465625,121.56301831121685],"image-00073.jpg":[25.04877485722334,121.5639504026218],"image-00088.jpg":[25.04881943628324,121.56427287028623],"image-00049.jpg":[25.04873722765517,121.56343103532782],"image-00042.jpg":[25.048719474425564,121.5632781867092],"image-00055.jpg":[25.048750319055422,121.56356092648562],"image-00067.jpg":[25.048766952661225,121.56382060642713],"image-00024.jpg":[25.048666444966013,121.56289290016],"image-00097.jpg":[25.048844525404544,121.56446302520726],"image-00086.jpg":[25.048813166466484,121.5642316110906],"image-00068.jpg":[25.04876816896201,121.56384214590524],"image-00018.jpg":[25.048650292649953,121.5627642733415],"image-00060.jpg":[25.048758637428573,121.56366814555662],"image-00007.jpg":[25.04862752949149,121.56252619418319],"image-00122.jpg":[25.048893892086067,121.56501302046425],"image-00022.jpg":[25.048660625130886,121.56285060792484],"image-00015.jpg":[25.04864443055176,121.56270076383973],"image-00063.jpg":[25.04876205467242,121.56373388844364],"image-00100.jpg":[25.04885169250561,121.56452869615501],"image-00037.jpg":[25.04870615401517,121.56316854282264],"image-00115.jpg":[25.048880080688726,121.56485492524479],"image-00087.jpg":[25.048816371688645,121.56425233322645],"image-00011.jpg":[25.048636590823392,121.56261545389799],"image-00084.jpg":[25.04880575053741,121.56419026229722],"image-00091.jpg":[25.048828455631217,121.56433394490927],"image-00047.jpg":[25.048731992299626,121.56338776457787],"image-00038.jpg":[25.04870885830182,121.5631895927051],"image-00101.jpg":[25.04885397657512,121.56454992023444],"image-00017.jpg":[25.048648169383483,121.56274335411439],"image-00006.jpg":[25.048625453936253,121.56250370380963],"image-00072.jpg":[25.048773042894638,121.56392907555434],"image-00036.jpg":[25.048703793425133,121.56314668627499],"image-00056.jpg":[25.04875214463972,121.56358267957573],"image-00107.jpg":[25.048864899981936,121.56467918199172],"image-00003.jpg":[25.048619552770763,121.56243858993781],"image-00092.jpg":[25.04883103198281,121.5643550072273],"image-00121.jpg":[25.04889185744064,121.56499016210668],"image-00076.jpg":[25.048781197444878,121.56401732115562],"image-00041.jpg":[25.048716878127895,121.56325598336676],"image-00082.jpg":[25.048799109797468,121.56414921706786],"image-00032.jpg":[25.04869222070905,121.56306238256465],"image-00021.jpg":[25.04865744833616,121.56282896672151],"image-00108.jpg":[25.048866777094155,121.56470090173377],"image-00048.jpg":[25.04873477932802,121.56340889212467],"image-00026.jpg":[25.04867274569765,121.56293458983838],"image-00065.jpg":[25.048764466461225,121.5637777056719],"image-00089.jpg":[25.048822746909977,121.56429303199772],"image-00029.jpg":[25.048682637639033,121.56299760252347],"image-00071.jpg":[25.04877194144489,121.56390662318756],"image-00009.jpg":[25.048632353197206,121.56257128750616],"image-00113.jpg":[25.048876277468167,121.5648105616718],"image-00051.jpg":[25.04874178623474,121.56347504830265]}