{"image-00070.jpg":[25.048770830239363,121.56388365432377],"image-00095.jpg":[25.048841378573844,121.56441918044023],"image-00034.jpg":[25.048696583976447,121.56309894730536],"image-00102.jpg":[25.048858238833187,121.5645718302357],"image-00077.jpg":[25.048784856712583,121.56403647075945],"image-00058.jpg":[25.048755537716435,121.56362195321],"image-00117.jpg":[25.048886701478537,121.5649019164812],"image-00008.jpg":[25.04862744700728,121.56254053218586],"image-00085.jpg":[25.048810851551835,121.56421024482279],"image-00020.jpg":[25.048652867000843,121.56279995283012],"image-00069.jpg":[25.048769783052776,121.56386148980089],"image-00013.jpg":[25.048638142045032,121.56265075554073],"image-00080.jpg":[25.048793789009764,121.564105572209],"image-00050.jpg":[25.048739002703574,121.56344886636435],"image-00066.jpg":[25.048766149326696,121.5637962783296],"image-00005.jpg":[25.048620483426355,121.56247265391993],"image-00040.jpg":[25.048713078374394,121.56322814276147],"image-00025.jpg":[25.048667953717054,121.56290695166419],"image-00019.jpg":[25.048650513966525,121.56277858525208],"image-00094.jpg":[25.048838385225935,121.56439799282728],"image-00098.jpg":[25.048848758147138,121.56448644152545],"image-00104.jpg":[25.0488617795504,121.56461490202614],"image-00054.jpg":[25.04874800554682,121.56353587490815],"image-00124.jpg":[25.048901719769614,121.56506063525887],"image-00001.jpg":[25.0486148076676,121.56241119789058],"image-00031.jpg":[25.048687625241616,121.56303449035775],"image-00078.jpg":[25.048787210197148,121.56405918216717],"image-00110.jpg":[25.048873376614317,121.56474564718079],"image-00059.jpg":[25.048757183614548,121.56364339032635],"image-00090.jpg":[25.04882718823587,121.56431343017738],"image-00123.jpg":[25.04889964978826,121.56503787554863],"image-00118.jpg":[25.04888896485887,121.5649240565897],"image-00043.jpg":[25.0487211307881,121.56329516859836],"image-00064.jpg":[25.048763597793467,121.56375289980282],"image-00075.jpg":[25.048779664334226,121.56399329674392],"image-00035.jpg":[25.04869972481756,121.56312016985888],"image-00010.jpg":[25.04863177686442,121.56258489543686],"image-00046.jpg":[25.048728874168805,121.56336114672337],"image-00114.jpg":[25.048880978652306,121.56483495630722],"image-00052.jpg":[25.04874368894222,121.5634925616078],"image-00099.jpg":[25.048851812214934,121.56450671812708],"image-00111.jpg":[25.04887481140662,121.56476889797408],"image-00112.jpg":[25.0488770518519,121.56479079400992],"image-00125.jpg":[25.048904001187868,121.56508299710087],"image-00083.jpg":[25.048803831658677,121.56416822846506],"image-00039.jpg":[25.048710159757647,121.56320628041446],"image-00062.jpg":[25.048760762125767,121.56370927764016],"image-00023.jpg":[25.048661891218504,121.56286503436041],"image-00105.jpg":[25.048863505928104,121.56463696429576],"image-00028.jpg":[25.04867762553965,121.56296957280122],"image-00120.jpg":[25.04889310408332,121.56496998148745],"image-00033.jpg":[25.048694381092446,121.5630765394412],"image-00002.jpg":[25.04861517213528,121.56241473898021],"image-00079.jpg":[25.048790691535988,121.56408429064402],"image-00027.jpg":[25.048674216971424,121.56294880170853],"image-00057.jpg":[25.048753701889016,121.56360067016378],"image-00096.jpg":[25.048843809800758,121.5644414134013],"image-00004.jpg":[25.04861851070899,121.5624517260747],"image-00109.jpg":[25.04887120895371,121.56472449584525],"image-00093.jpg":[25.048835732843195,121.56437549305625],"image-00106.jpg":[25.048865592447633,121.56465837098219],"image-00045.jpg":[25.04872617326828,121.56333940207082],"image-00016.jpg":[25.048644076220942,121.56271467783401],"image-00053.jpg":[25.048745996633258,121.56351389929674],"image-00103.jpg":[25.04885990760409,121.56459338401761],"image-00081.jpg":[25.048797028219504,121.56412690676939],"image-00061.jpg":[25.048759894494644,121.56368671123003],"image-00014.jpg":[25.04864011470886,121.56267156315448],"image-00012.jpg":[25.048636199877606,121.56262888024622],"image-00044.jpg":[25.048723746155527,121.56331714133321],"image-00116.jpg":[25.048884969268066,121.56487927287733],"image-00074.jpg":[25.0487775446926,121.56397081886116],"image-00119.jpg":[25.04889081058244,121.56494766330655],"image-00030.jpg":[25.04868456805836,121.56301210089083],"image-00073.jpg":[25.048775688338267,121.56394816652913],"image-00088.jpg":[25.048820970068967,121.56427232833616],"image-00049.jpg":[25.04873661716872,121.5634267107813],"image-00042.jpg":[25.048718502445286,121.56327318082333],"image-00055.jpg":[25.048750034832143,121.56355716930875],"image-00067.jpg":[25.048767410468393,121.56381789130324],"image-00024.jpg":[25.048664639089665,121.56288608172602],"image-00097.jpg":[25.048846481383045,121.56446337988876],"image-00086.jpg":[25.048814614450485,121.56423081455537],"image-00068.jpg":[25.048768689010465,121.56383949330922],"image-00018.jpg":[25.04864819855602,121.5627569911501],"image-00060.jpg":[25.048758644694786,121.56366479995293],"image-00007.jpg":[25.0486248114274,121.56251750520296],"image-00122.jpg":[25.04889728372205,121.56501564430889],"image-00022.jpg":[25.04865872533239,121.56284352777851],"image-00015.jpg":[25.048642170062166,121.56269316205783],"image-00063.jpg":[25.048762257793847,121.56373081286515],"image-00100.jpg":[25.04885380926583,121.56452936936213],"image-00037.jpg":[25.048704927863,121.56316303285865],"image-00115.jpg":[25.048883055282538,121.56485687927048],"image-00087.jpg":[25.04881786278184,121.56425167951178],"image-00011.jpg":[25.048634102134088,121.56260730793657],"image-00084.jpg":[25.048807126699913,121.56418929243557],"image-00091.jpg":[25.048830116388075,121.5643337111893],"image-00047.jpg":[25.04873128164987,121.56338325046285],"image-00038.jpg":[25.048707679704943,121.56318418467396],"image-00101.jpg":[25.048856143264768,121.56455063429763],"image-00017.jpg":[25.048646023891724,121.56273600709008],"image-00006.jpg":[25.048622678614027,121.56249494581908],"image-00072.jpg":[25.0487738176224,121.56392675841535],"image-00036.jpg":[25.048702513574213,121.56314107185577],"image-00056.jpg":[25.048751918767344,121.56357902071375],"image-00107.jpg":[25.048867410665117,121.56468042779312],"image-00003.jpg":[25.04861660888249,121.56242958624402],"image-00092.jpg":[25.048832741845327,121.56435488236217],"image-00121.jpg":[25.04889519030503,121.56499271972054],"image-00076.jpg":[25.04878219983612,121.56401535728776],"image-00041.jpg":[25.048715853632682,121.5632508739385],"image-00082.jpg":[25.04880040465701,121.5641479968535],"image-00032.jpg":[25.048690757542992,121.56305635690806],"image-00021.jpg":[25.048655508625057,121.56282191663972],"image-00108.jpg":[25.04886934527608,121.56470223966777],"image-00048.jpg":[25.048734115347248,121.56340447107645],"image-00026.jpg":[25.048671024500987,121.56292796617514],"image-00065.jpg":[25.048764799153012,121.56377481922405],"image-00089.jpg":[25.048824318326304,121.56429256464679],"image-00029.jpg":[25.04868104248411,121.5629913169868],"image-00071.jpg":[25.048772647659803,121.56390418781763],"image-00009.jpg":[25.048629746916042,121.56256282817503],"image-00113.jpg":[25.048879135842377,121.56481236783533],"image-00051.jpg":[25.048741285966365,121.56347093884295]}