{"image-00070.jpg":[25.04877469221939,121.56386629087038],"image-00095.jpg":[25.04884365698835,121.56440270137782],"image-00034.jpg":[25.048701133322275,121.56308610576045],"image-00102.jpg":[25.04886024617516,121.56455495468754],"image-00077.jpg":[25.04878862328188,121.56401813840262],"image-00058.jpg":[25.048759083707893,121.56360799074652],"image-00117.jpg":[25.04888856848641,121.56488258724892],"image-00008.jpg":[25.04863336898032,121.56252765776607],"image-00085.jpg":[25.048813944007513,121.56419281708347],"image-00020.jpg":[25.048658595064015,121.56278574619414],"image-00069.jpg":[25.048773607608602,121.5638444634557],"image-00013.jpg":[25.048643983813985,121.56263729453812],"image-00080.jpg":[25.048797392903857,121.56408731529004],"image-00050.jpg":[25.048742706104132,121.56343587016563],"image-00066.jpg":[25.048769887564113,121.5637801344462],"image-00005.jpg":[25.048626477254917,121.56246006520246],"image-00040.jpg":[25.0487172691955,121.56321541033452],"image-00025.jpg":[25.04867328146707,121.56289312348937],"image-00019.jpg":[25.048656290586106,121.56276443400668],"image-00094.jpg":[25.048840752614954,121.56438143627008],"image-00098.jpg":[25.0488509224063,121.5644697775262],"image-00104.jpg":[25.04886377829158,121.56459767169397],"image-00054.jpg":[25.048751589518155,121.56352253117639],"image-00124.jpg":[25.048903451581033,121.56504039132903],"image-00001.jpg":[25.0486208548706,121.56239899011874],"image-00031.jpg":[25.048692406039525,121.56302144703784],"image-00078.jpg":[25.048790966916513,121.56404075676511],"image-00110.jpg":[25.048875307998877,121.56472750859282],"image-00059.jpg":[25.04876072796217,121.56362922857468],"image-00090.jpg":[25.04882980600648,121.56429672296966],"image-00123.jpg":[25.048901395648024,121.56501777956686],"image-00118.jpg":[25.04889080570218,121.56490463309754],"image-00043.jpg":[25.04872515664155,121.56328239301044],"image-00064.jpg":[25.048767281367674,121.56373731677294],"image-00075.jpg":[25.04878352302766,121.5639749930958],"image-00035.jpg":[25.04870417552361,121.56310743458633],"image-00010.jpg":[25.048637662627698,121.56257179032576],"image-00046.jpg":[25.04873275668228,121.56334829083222],"image-00114.jpg":[25.04888287833567,121.56481613399541],"image-00052.jpg":[25.04874732415675,121.56347942369374],"image-00099.jpg":[25.048853893636213,121.56449016429077],"image-00111.jpg":[25.048876775777458,121.56475047115848],"image-00112.jpg":[25.048878968791946,121.56477227741037],"image-00125.jpg":[25.048905704958653,121.56506265731255],"image-00083.jpg":[25.048807112640244,121.56415043749524],"image-00039.jpg":[25.04871441944861,121.56319350391922],"image-00062.jpg":[25.04876441109382,121.56369420399233],"image-00023.jpg":[25.048667350690135,121.56285103228791],"image-00105.jpg":[25.048865506677362,121.56461953459635],"image-00028.jpg":[25.048682688080508,121.56295613203534],"image-00120.jpg":[25.048894918509312,121.56495025197054],"image-00033.jpg":[25.04869892680901,121.56306381446399],"image-00002.jpg":[25.04862121745773,121.56240251626691],"image-00079.jpg":[25.04879437600397,121.5640659397192],"image-00027.jpg":[25.0486793680731,121.5629351939121],"image-00057.jpg":[25.048757256450806,121.56358686588358],"image-00096.jpg":[25.04884606071535,121.56442487021047],"image-00004.jpg":[25.048624532610713,121.56243925802222],"image-00109.jpg":[25.048873165072187,121.56470644632114],"image-00093.jpg":[25.048838141496603,121.56435896268005],"image-00106.jpg":[25.048867564412205,121.56464083109454],"image-00045.jpg":[25.048730113702202,121.56332654258082],"image-00016.jpg":[25.048649927096314,121.56270081734087],"image-00053.jpg":[25.048749602693242,121.56350069528648],"image-00103.jpg":[25.04886191935935,121.56457630993187],"image-00081.jpg":[25.048800539817417,121.56410877142412],"image-00061.jpg":[25.048763471636804,121.56367202365881],"image-00014.jpg":[25.048645959103364,121.56265798002286],"image-00012.jpg":[25.048642050387077,121.56261557126976],"image-00044.jpg":[25.048727726157427,121.56330434574987],"image-00116.jpg":[25.048886834397493,121.56486015583693],"image-00074.jpg":[25.048781422585545,121.56395264616697],"image-00119.jpg":[25.048892664344173,121.56492802468495],"image-00030.jpg":[25.048689415832474,121.56299899987158],"image-00073.jpg":[25.048779566839972,121.56393018210464],"image-00088.jpg":[25.048823761679657,121.56425539174025],"image-00049.jpg":[25.048740354903998,121.5634137846737],"image-00042.jpg":[25.04872258501537,121.56326042156553],"image-00055.jpg":[25.04875359727932,121.56354370605268],"image-00067.jpg":[25.048771175011254,121.56380146616809],"image-00024.jpg":[25.04867006612302,121.56287210539358],"image-00097.jpg":[25.048848675660253,121.5644468291932],"image-00086.jpg":[25.048817568717183,121.56421363369837],"image-00068.jpg":[25.048772473431807,121.56382279143368],"image-00018.jpg":[25.048654020484555,121.5627429084146],"image-00060.jpg":[25.048762197263436,121.56365040273508],"image-00007.jpg":[25.04863077549229,121.56250467279293],"image-00122.jpg":[25.04889906573144,121.56499562366733],"image-00022.jpg":[25.048664282029964,121.56282942166405],"image-00015.jpg":[25.04864803299058,121.56267945138518],"image-00063.jpg":[25.04876591146084,121.5637155078664],"image-00100.jpg":[25.04885589063603,121.56451265420043],"image-00037.jpg":[25.04870928894919,121.56315027799408],"image-00115.jpg":[25.048884927821177,121.56483793224143],"image-00087.jpg":[25.048820736195783,121.56423463164461],"image-00011.jpg":[25.04863998536626,121.56259411047435],"image-00084.jpg":[25.04881033595433,121.56417163733602],"image-00091.jpg":[25.04883266358572,121.56431708815013],"image-00047.jpg":[25.04873513066126,121.56337032981516],"image-00038.jpg":[25.048711979869474,121.5631714578438],"image-00101.jpg":[25.04885817244643,121.56453386312455],"image-00017.jpg":[25.048651882495076,121.562722006418],"image-00006.jpg":[25.048628669732697,121.56248224272561],"image-00072.jpg":[25.04877770801472,121.56390892801001],"image-00036.jpg":[25.048706911168274,121.56312837659259],"image-00056.jpg":[25.04875547505467,121.56356539449912],"image-00107.jpg":[25.048869383707444,121.56466270641404],"image-00003.jpg":[25.048622658722493,121.56241728159733],"image-00092.jpg":[25.048835237887175,121.56433826130456],"image-00121.jpg":[25.04889699639809,121.56497284507422],"image-00076.jpg":[25.048786006845315,121.56399701706461],"image-00041.jpg":[25.04871998605063,121.5632381357276],"image-00082.jpg":[25.048803801029567,121.56413001852118],"image-00032.jpg":[25.048695443301447,121.56304340223491],"image-00021.jpg":[25.04866119036082,121.56280769531121],"image-00108.jpg":[25.04887130714896,121.56468436673885],"image-00048.jpg":[25.04873789616742,121.5633915935428],"image-00026.jpg":[25.048676271532653,121.56291423329363],"image-00065.jpg":[25.04876851466203,121.5637589353155],"image-00089.jpg":[25.048827001314447,121.56427579924454],"image-00029.jpg":[25.04868600752054,121.56297802274031],"image-00071.jpg":[25.0487764921492,121.56388668193436],"image-00009.jpg":[25.048635642515038,121.56254986271676],"image-00113.jpg":[25.048881040790178,121.56479373417145],"image-00051.jpg":[25.048744963360164,121.56345785375883]}