{"image-00070.jpg":[22.623226809181396,120.28430266530248],"image-00095.jpg":[22.62345086705007,120.28383227463291],"image-00034.jpg":[22.62288497233175,120.2850288116091],"image-00102.jpg":[22.623515305263076,120.28369796547025],"image-00077.jpg":[22.623286464363343,120.28417708897905],"image-00058.jpg":[22.62311347461475,120.2845402820902],"image-00117.jpg":[22.623647730845395,120.28342189091654],"image-00008.jpg":[22.62262003892324,120.28557778292652],"image-00085.jpg":[22.623357047947053,120.28402668644266],"image-00020.jpg":[22.622747173805433,120.2853145681373],"image-00069.jpg":[22.623217174101203,120.28432311511634],"image-00013.jpg":[22.622669760654137,120.28547456499976],"image-00080.jpg":[22.623312864684017,120.28412040496787],"image-00050.jpg":[22.623032560226875,120.28471265636048],"image-00066.jpg":[22.62318623375352,120.28438832391788],"image-00005.jpg":[22.622589090740377,120.28564265310035],"image-00040.jpg":[22.62294326620885,120.28490582637076],"image-00025.jpg":[22.622795727686857,120.28521316123644],"image-00019.jpg":[22.622736366403768,120.28533732386268],"image-00094.jpg":[22.62344048226345,120.28385339924588],"image-00098.jpg":[22.62347976151369,120.28377213688783],"image-00104.jpg":[22.623532200295845,120.2836632322026],"image-00054.jpg":[22.6230715365278,120.28462771071594],"image-00124.jpg":[22.623708811009337,120.28329227960955],"image-00001.jpg":[22.622559725749365,120.28570410612286],"image-00031.jpg":[22.622854664035277,120.28509171329154],"image-00078.jpg":[22.623295150040324,120.2841591194204],"image-00110.jpg":[22.62358531085637,120.28355299698208],"image-00059.jpg":[22.62312404559316,120.28451857144046],"image-00090.jpg":[22.62339991536053,120.28393686800777],"image-00123.jpg":[22.623700582945702,120.28330996315533],"image-00118.jpg":[22.62365684579179,120.28340243857875],"image-00043.jpg":[22.622971277430032,120.28484597840557],"image-00064.jpg":[22.62317011687848,120.2844231713332],"image-00075.jpg":[22.623269809575042,120.28421265410691],"image-00035.jpg":[22.622895321332248,120.28500746548781],"image-00010.jpg":[22.622639328935442,120.28553774724568],"image-00046.jpg":[22.6229964814324,120.28479069505995],"image-00114.jpg":[22.62362113691181,120.28347752943776],"image-00052.jpg":[22.62305180190874,120.28467173725669],"image-00099.jpg":[22.62348861079569,120.28375346011345],"image-00111.jpg":[22.62359453861219,120.28353325745269],"image-00112.jpg":[22.62360381577054,120.28351450822657],"image-00125.jpg":[22.62371688747722,120.28327503227774],"image-00083.jpg":[22.6233385440249,120.28406579163219],"image-00039.jpg":[22.622933793511976,120.28492592116527],"image-00062.jpg":[22.62315243413734,120.28445907676496],"image-00023.jpg":[22.622776552307972,120.28525349986084],"image-00105.jpg":[22.623540523190936,120.283645613673],"image-00028.jpg":[22.622825187974456,120.285152329815],"image-00120.jpg":[22.62367455314913,120.28336506651056],"image-00033.jpg":[22.622874658142393,120.28505054604135],"image-00002.jpg":[22.622561338203774,120.2857009484816],"image-00079.jpg":[22.62330394763903,120.28413981909051],"image-00027.jpg":[22.622815266777142,120.2851728672575],"image-00057.jpg":[22.623103048648392,120.28456199038013],"image-00096.jpg":[22.623460836708052,120.28381153682642],"image-00004.jpg":[22.622578589438334,120.28566497300605],"image-00109.jpg":[22.623575816596965,120.28357209233928],"image-00093.jpg":[22.623430512400287,120.28387381278583],"image-00106.jpg":[22.623549096691903,120.28362819840271],"image-00045.jpg":[22.622988092353964,120.28480853110136],"image-00016.jpg":[22.622705822283184,120.28540041248223],"image-00053.jpg":[22.623061537608287,120.28464999524792],"image-00103.jpg":[22.623523815557387,120.28368039983368],"image-00081.jpg":[22.62332162765881,120.28410222705769],"image-00061.jpg":[22.623142985103375,120.28447850641261],"image-00014.jpg":[22.622680914091127,120.28545168327992],"image-00012.jpg":[22.622658890795773,120.28549678433691],"image-00044.jpg":[22.62297968977257,120.28482687921277],"image-00116.jpg":[22.62363877481958,120.28344108684935],"image-00074.jpg":[22.62326179491133,120.28422919077528],"image-00119.jpg":[22.623665755445096,120.28338369924738],"image-00030.jpg":[22.622844932858168,120.28511124704264],"image-00073.jpg":[22.623253346674677,120.28424673601349],"image-00088.jpg":[22.623384592702248,120.28397042475194],"image-00049.jpg":[22.623022990458118,120.28473361523146],"image-00042.jpg":[22.622961707355213,120.28486609567686],"image-00055.jpg":[22.623082561305868,120.28460526808038],"image-00067.jpg":[22.623196990889376,120.28436680303938],"image-00024.jpg":[22.622786286209926,120.28523323975642],"image-00097.jpg":[22.623470603453534,120.28379147112994],"image-00086.jpg":[22.623366564572603,120.28400717476822],"image-00068.jpg":[22.62320738055343,120.28434483977193],"image-00018.jpg":[22.622725507500995,120.2853600903809],"image-00060.jpg":[22.623133626303744,120.28449802198887],"image-00007.jpg":[22.622610033158143,120.28559876155666],"image-00122.jpg":[22.623691934577867,120.28332770266675],"image-00022.jpg":[22.62276700921372,120.28527315607711],"image-00015.jpg":[22.62269270360367,120.28542709196182],"image-00063.jpg":[22.623161463544335,120.2844403620089],"image-00100.jpg":[22.623497777137075,120.28373418655042],"image-00037.jpg":[22.622912913265672,120.28496937409528],"image-00115.jpg":[22.623629786730728,120.28345992366422],"image-00087.jpg":[22.623376120759065,120.28398769350642],"image-00011.jpg":[22.622648877109086,120.28551785766328],"image-00084.jpg":[22.623347671795923,120.28404660920091],"image-00091.jpg":[22.623409488052673,120.28391642630095],"image-00047.jpg":[22.623005126871824,120.28477313244184],"image-00038.jpg":[22.622923854561705,120.28494677537688],"image-00101.jpg":[22.62350671936751,120.2837157253199],"image-00017.jpg":[22.622715232923678,120.28538073856788],"image-00006.jpg":[22.622599529577524,120.2856204893573],"image-00072.jpg":[22.62324517313516,120.28426461334334],"image-00036.jpg":[22.6229029940932,120.28499033037006],"image-00056.jpg":[22.623092709814962,120.28458378505248],"image-00107.jpg":[22.62355793126176,120.28360978922832],"image-00003.jpg":[22.62256809795396,120.28568694048339],"image-00092.jpg":[22.623420466428982,120.28389458712576],"image-00121.jpg":[22.62368342633989,120.2833463684767],"image-00076.jpg":[22.623277767464756,120.28419584627792],"image-00041.jpg":[22.622952436356886,120.28488576423135],"image-00082.jpg":[22.62333028661918,120.28408423795281],"image-00032.jpg":[22.622863690032837,120.28507227187146],"image-00021.jpg":[22.622757136425644,120.28529373055343],"image-00108.jpg":[22.623566622984793,120.28359100941466],"image-00048.jpg":[22.623014162563997,120.28475325491172],"image-00026.jpg":[22.622805371193884,120.28519299809011],"image-00065.jpg":[22.623178230656723,120.28440564488099],"image-00089.jpg":[22.623390273913152,120.28395678977289],"image-00029.jpg":[22.622835267564078,120.28513139546658],"image-00071.jpg":[22.623236133945788,120.28428308515382],"image-00009.jpg":[22.622629728284075,120.28555744380111],"image-00113.jpg":[22.623612456993786,120.28349662776313],"image-00051.jpg":[22.623042035558715,120.28469203859444]}