{"image-00070.jpg":[22.62323556516826,120.28428862842244],"image-00095.jpg":[22.623467261788324,120.28381504493501],"image-00034.jpg":[22.62288209431031,120.2850193149709],"image-00102.jpg":[22.623533874848253,120.2836797930261],"image-00077.jpg":[22.623297308190846,120.28416218482194],"image-00058.jpg":[22.623118292904135,120.28452791291706],"image-00117.jpg":[22.62367114512639,120.28340157606277],"image-00008.jpg":[22.622608435433886,120.28557216373778],"image-00085.jpg":[22.623370303576344,120.28401085695135],"image-00020.jpg":[22.622739794783534,120.28530705930194],"image-00069.jpg":[22.623225587481368,120.284309214982],"image-00013.jpg":[22.62265983968057,120.28546820042342],"image-00080.jpg":[22.623324601672667,120.2841051757816],"image-00050.jpg":[22.62303456892209,120.28470137416434],"image-00066.jpg":[22.623193475448957,120.28437491968172],"image-00005.jpg":[22.622576387477935,120.2856375033571],"image-00040.jpg":[22.62294227187026,120.28489557906309],"image-00025.jpg":[22.622789865366734,120.28520501729372],"image-00019.jpg":[22.62272864966623,120.28532994953478],"image-00094.jpg":[22.623456566943354,120.28383631873808],"image-00098.jpg":[22.62349711337844,120.28375449116172],"image-00104.jpg":[22.623551379640297,120.28364477264444],"image-00054.jpg":[22.623074956803535,120.28461594478672],"image-00124.jpg":[22.62373447615877,120.28327105313782],"image-00001.jpg":[22.622546188854074,120.28569928965682],"image-00031.jpg":[22.622850780159432,120.28508266073197],"image-00078.jpg":[22.623306289367854,120.2841440818541],"image-00110.jpg":[22.623606491894357,120.28353362746938],"image-00059.jpg":[22.623129180839246,120.28450605747614],"image-00090.jpg":[22.62341463707707,120.28392041839888],"image-00123.jpg":[22.623725905390994,120.28328887287324],"image-00118.jpg":[22.623680590107707,120.28338199508056],"image-00043.jpg":[22.622971171968626,120.2848354076356],"image-00064.jpg":[22.623176725370854,120.28441000492258],"image-00075.jpg":[22.62328007699897,120.28419796945326],"image-00035.jpg":[22.62289277923001,120.28499781640377],"image-00010.jpg":[22.622628378672108,120.28553183828735],"image-00046.jpg":[22.6229972757147,120.28477983199147],"image-00114.jpg":[22.623643578475217,120.28345763731767],"image-00052.jpg":[22.623054508275104,120.28466017755892],"image-00099.jpg":[22.623506254807204,120.28373569725633],"image-00111.jpg":[22.623616023875936,120.28351377595695],"image-00112.jpg":[22.623625628978314,120.28349486071585],"image-00125.jpg":[22.6237428642291,120.28325368165574],"image-00083.jpg":[22.623351158335595,120.28405022190299],"image-00039.jpg":[22.62293248275324,120.28491579740871],"image-00062.jpg":[22.62315845844313,120.2844461978429],"image-00023.jpg":[22.622770125395686,120.2852455768406],"image-00105.jpg":[22.62355997557927,120.28362704688519],"image-00028.jpg":[22.622820246397218,120.28514377399898],"image-00120.jpg":[22.62369896082,120.28334434513135],"image-00033.jpg":[22.62287146053684,120.28504117562946],"image-00002.jpg":[22.62254786488896,120.28569609572898],"image-00079.jpg":[22.62331538669696,120.28412468752151],"image-00027.jpg":[22.62281000134874,120.28516445581263],"image-00057.jpg":[22.623107523158165,120.2845497701023],"image-00096.jpg":[22.623477536072922,120.28379417727714],"image-00004.jpg":[22.622565546904827,120.28565995224034],"image-00109.jpg":[22.62359660885186,120.28355292556198],"image-00093.jpg":[22.623446303132873,120.28385686844899],"image-00106.jpg":[22.62356886997987,120.28360947166703],"image-00045.jpg":[22.62298856780487,120.28479779726196],"image-00016.jpg":[22.622697114016862,120.28539348482286],"image-00053.jpg":[22.623064595190378,120.28463833519085],"image-00103.jpg":[22.62354265510012,120.2836621059277],"image-00081.jpg":[22.623333653934992,120.2840868699778],"image-00061.jpg":[22.623148695733484,120.28446577280071],"image-00014.jpg":[22.622671287225632,120.2854451872607],"image-00012.jpg":[22.622648635562445,120.2854905771874],"image-00044.jpg":[22.622979863633084,120.28481624682188],"image-00116.jpg":[22.623661878267875,120.28342088785888],"image-00074.jpg":[22.623271789030138,120.28421463125338],"image-00119.jpg":[22.623689813720567,120.28336312443011],"image-00030.jpg":[22.622840710351415,120.28510237063837],"image-00073.jpg":[22.623263027916583,120.28423231778757],"image-00088.jpg":[22.62339875526231,120.28395416156164],"image-00049.jpg":[22.623024667637186,120.284722439636],"image-00042.jpg":[22.622961317312537,120.2848556372837],"image-00055.jpg":[22.623086341204683,120.28459332757726],"image-00067.jpg":[22.62320466012481,120.28435317196627],"image-00024.jpg":[22.622780161595042,120.2852251877685],"image-00097.jpg":[22.62348762656666,120.2837739609848],"image-00086.jpg":[22.62338014165337,120.2839911937217],"image-00068.jpg":[22.623215421329128,120.28433105676942],"image-00018.jpg":[22.622717434512477,120.28535286421885],"image-00060.jpg":[22.6231390210472,120.28448542495889],"image-00007.jpg":[22.62259806442989,120.2855932992716],"image-00122.jpg":[22.62371691258241,120.28330677870659],"image-00022.jpg":[22.622760240698245,120.28526539224474],"image-00015.jpg":[22.622683506163522,120.28542040678809],"image-00063.jpg":[22.623167755037578,120.28442736777087],"image-00100.jpg":[22.623515756514994,120.28371628156046],"image-00037.jpg":[22.622910990884115,120.2849595069323],"image-00115.jpg":[22.623652557598152,120.28343986844155],"image-00087.jpg":[22.62338998672474,120.28397157479472],"image-00011.jpg":[22.622638274002757,120.2855117948589],"image-00084.jpg":[22.62336059296929,120.2840309125221],"image-00091.jpg":[22.623424606004104,120.28389981467049],"image-00047.jpg":[22.62300624007701,120.28476211072697],"image-00038.jpg":[22.622922256130494,120.28493676542581],"image-00101.jpg":[22.623525018967158,120.2836976726716],"image-00017.jpg":[22.622706853552806,120.28537366926138],"image-00006.jpg":[22.62258718091168,120.28561520094857],"image-00072.jpg":[22.623254551482738,120.28425029796362],"image-00036.jpg":[22.62290072921408,120.28498060196566],"image-00056.jpg":[22.623096827640577,120.28457171105882],"image-00107.jpg":[22.623578054635455,120.28359090439892],"image-00003.jpg":[22.6225547442237,120.2856820457269],"image-00092.jpg":[22.62343584644717,120.28387783551136],"image-00121.jpg":[22.623708121156152,120.28332553174093],"image-00076.jpg":[22.623288309928757,120.2841810499623],"image-00041.jpg":[22.62295174109383,120.2848754242345],"image-00082.jpg":[22.62334260949958,120.28406874957662],"image-00032.jpg":[22.622860147495096,120.28506309066759],"image-00021.jpg":[22.622750122583778,120.28528606274493],"image-00108.jpg":[22.623587098554285,120.28357198990264],"image-00048.jpg":[22.623015543971686,120.28474216060889],"image-00026.jpg":[22.62279980599945,120.28518473111305],"image-00065.jpg":[22.623185176803652,120.28439234768264],"image-00089.jpg":[22.623404633376772,120.28394050810493],"image-00029.jpg":[22.622830697394367,120.28512267217232],"image-00071.jpg":[22.62324523017168,120.2842689032068],"image-00009.jpg":[22.62261843360768,120.28555169834199],"image-00113.jpg":[22.623634585436232,120.28347683589286],"image-00051.jpg":[22.62304444510644,120.28468060571355]}