{"image-00070.jpg":[22.623235283407478,120.28429549827626],"image-00095.jpg":[22.623461890651747,120.28381904400479],"image-00034.jpg":[22.622889714027625,120.28503018013454],"image-00102.jpg":[22.62352706295183,120.28368292795466],"image-00077.jpg":[22.623295649678116,120.28416829296599],"image-00058.jpg":[22.62312060208455,120.28453626600464],"image-00117.jpg":[22.623661259787802,120.28340285172149],"image-00008.jpg":[22.62262186025636,120.28558667586324],"image-00085.jpg":[22.623367002885395,120.28401615866623],"image-00020.jpg":[22.62275042651509,120.28531980286961],"image-00069.jpg":[22.62322553250622,120.28431620160197],"image-00013.jpg":[22.622672158470273,120.28548202627661],"image-00080.jpg":[22.62332232437719,120.28411100352692],"image-00050.jpg":[22.623038773277084,120.28471066374433],"image-00066.jpg":[22.623194162264078,120.28438231820564],"image-00005.jpg":[22.622590526849155,120.28565242674546],"image-00040.jpg":[22.622948588169027,120.28490574811184],"image-00025.jpg":[22.622799444300917,120.28521714703118],"image-00019.jpg":[22.622739518864606,120.28534282153242],"image-00094.jpg":[22.62345140722128,120.28384047107639],"image-00098.jpg":[22.623491103042703,120.28375810299059],"image-00104.jpg":[22.623544186323286,120.28364765043028],"image-00054.jpg":[22.623078198778526,120.28462485546896],"image-00124.jpg":[22.623723130146765,120.28327156914185],"image-00001.jpg":[22.622560942139113,120.28571455960109],"image-00031.jpg":[22.622859067928715,120.28509394042752],"image-00078.jpg":[22.62330443820744,120.2841500669944],"image-00110.jpg":[22.62359805667972,120.28353572436009],"image-00059.jpg":[22.623131270928592,120.28451426352237],"image-00090.jpg":[22.623410364293818,120.28392516183901],"image-00123.jpg":[22.623714771650878,120.28328949025685],"image-00118.jpg":[22.62367048667828,120.28338316366224],"image-00043.jpg":[22.622976854157898,120.28484527950366],"image-00064.jpg":[22.623177820183486,120.28441758390069],"image-00075.jpg":[22.623278809433593,120.28420426613931],"image-00035.jpg":[22.62290017529941,120.28500853584035],"image-00010.jpg":[22.622641374402264,120.2855460836706],"image-00046.jpg":[22.623002333522653,120.28478947763823],"image-00114.jpg":[22.62363431359671,120.28345927752179],"image-00052.jpg":[22.62305825437586,120.28466923445438],"image-00099.jpg":[22.62350004465017,120.28373920228566],"image-00111.jpg":[22.623607375980665,120.28351577337273],"image-00112.jpg":[22.623616779119466,120.28349670406482],"image-00125.jpg":[22.62373131908444,120.28325409889032],"image-00083.jpg":[22.62334828539986,120.28405575157814],"image-00039.jpg":[22.622939015772687,120.28492607703164],"image-00062.jpg":[22.623159928885695,120.28445405354782],"image-00023.jpg":[22.622780114755475,120.2852579281542],"image-00105.jpg":[22.623552593954216,120.28362982697436],"image-00028.jpg":[22.62282919813021,120.28515549998698],"image-00120.jpg":[22.623688434125796,120.28334528194591],"image-00033.jpg":[22.62287930636297,120.28505216197617],"image-00002.jpg":[22.62256258281256,120.28571133287322],"image-00079.jpg":[22.623313321800964,120.284130597119],"image-00027.jpg":[22.62281916926527,120.28517631862132],"image-00057.jpg":[22.623110062662377,120.28455826214466],"image-00096.jpg":[22.62347195220858,120.28379804806977],"image-00004.jpg":[22.62257992383465,120.28567499363118],"image-00109.jpg":[22.623588394581688,120.28355519644494],"image-00093.jpg":[22.62344134750642,120.28386116113452],"image-00106.jpg":[22.623561294924855,120.28361210923327],"image-00045.jpg":[22.62299382969622,120.28480754789287],"image-00016.jpg":[22.62270864479502,120.28540678300757],"image-00053.jpg":[22.62306809250528,120.28464732117828],"image-00103.jpg":[22.62353566096035,120.2836651229758],"image-00081.jpg":[22.623331184093175,120.28409257781456],"image-00061.jpg":[22.623150371433887,120.28447376585726],"image-00014.jpg":[22.622683387261745,120.2854588660997],"image-00012.jpg":[22.62266118035491,120.28550456083022],"image-00044.jpg":[22.622985332782207,120.28482607692894],"image-00116.jpg":[22.623652204609336,120.28342226194701],"image-00074.jpg":[22.623270698667522,120.28422104358101],"image-00119.jpg":[22.623679504303922,120.28336417803644],"image-00030.jpg":[22.622849206143016,120.28511381662824],"image-00073.jpg":[22.623262133631144,120.28423885259485],"image-00088.jpg":[22.623394864796616,120.28395904769339],"image-00049.jpg":[22.623029105523212,120.28473181421805],"image-00042.jpg":[22.622967204918147,120.28486562105573],"image-00055.jpg":[22.62308934940283,120.28460206930832],"image-00067.jpg":[22.6232051023801,120.28436037122557],"image-00024.jpg":[22.622789941588746,120.28523741331716],"image-00097.jpg":[22.623481830976758,120.28377768913151],"image-00086.jpg":[22.62337663355045,120.28399635327975],"image-00068.jpg":[22.62321561989357,120.28433812569861],"image-00018.jpg":[22.622728545701943,120.28536587350055],"image-00060.jpg":[22.623140906157857,120.28449354311084],"image-00007.jpg":[22.622611723243285,120.28560794632529],"image-00122.jpg":[22.623705983022397,120.2833075369178],"image-00022.jpg":[22.622770445297256,120.28527788646132],"image-00015.jpg":[22.622695332909444,120.28543392116583],"image-00063.jpg":[22.623169036533472,120.28443510629712],"image-00100.jpg":[22.623509330853235,120.28371966522437],"image-00037.jpg":[22.622917961937443,120.28497004822748],"image-00115.jpg":[22.623643095322052,120.28344136516608],"image-00087.jpg":[22.623386282305795,120.28397659438524],"image-00011.jpg":[22.622651049032786,120.2855259060034],"image-00084.jpg":[22.62335751366072,120.2840363271065],"image-00091.jpg":[22.623420089206014,120.28390443485664],"image-00047.jpg":[22.62301110419581,120.28477161380027],"image-00038.jpg":[22.622928999494437,120.28494716117994],"image-00101.jpg":[22.62351839086986,120.28370092427812],"image-00017.jpg":[22.622718169563868,120.28538684134207],"image-00006.jpg":[22.622601079372384,120.28563000201721],"image-00072.jpg":[22.623253862129783,120.28425691095957],"image-00036.jpg":[22.622907929083436,120.28499126543161],"image-00056.jpg":[22.62309960473866,120.28458033253561],"image-00107.jpg":[22.623570266692536,120.28359341138051],"image-00003.jpg":[22.622569344660153,120.28569721347463],"image-00092.jpg":[22.623431133981008,120.28388228668709],"image-00121.jpg":[22.623697396315524,120.28332636148086],"image-00076.jpg":[22.623286858796057,120.28418724834464],"image-00041.jpg":[22.622957839505627,120.28488551513195],"image-00082.jpg":[22.623339945746345,120.28407433767046],"image-00032.jpg":[22.62286821196725,120.28507426903448],"image-00021.jpg":[22.622760521734207,120.28529866935128],"image-00108.jpg":[22.623579087619483,120.28357439650833],"image-00048.jpg":[22.623020199435075,120.28475159763963],"image-00026.jpg":[22.622809176682143,120.28519674087116],"image-00065.jpg":[22.62318606088599,120.28439983073342],"image-00089.jpg":[22.623400584198503,120.28394539705633],"image-00029.jpg":[22.622839415725515,120.28513425253153],"image-00071.jpg":[22.623244729899806,120.28427564863435],"image-00009.jpg":[22.622631644784406,120.28556609115265],"image-00113.jpg":[22.623625537550744,120.28347855211653],"image-00051.jpg":[22.623048398897545,120.28468978849432]}