{"image-00070.jpg":[24.03307159212424,120.41762627249432],"image-00095.jpg":[24.032706675162927,120.41730843539847],"image-00034.jpg":[24.033834870797417,120.41827101154689],"image-00102.jpg":[24.03263385485108,120.41723894208968],"image-00077.jpg":[24.0329498748572,120.41752202437837],"image-00111.jpg":[24.03258002363449,120.41718868349159],"image-00117.jpg":[24.032552441720433,120.41716404383064],"image-00008.jpg":[24.03453783230552,120.41886303026536],"image-00085.jpg":[24.032826004821775,120.41741413008432],"image-00020.jpg":[24.034225686049965,120.41859825313006],"image-00069.jpg":[24.033090330020844,120.41764233327886],"image-00013.jpg":[24.034397285116842,120.41874411896428],"image-00080.jpg":[24.032901650358156,120.41748027498491],"image-00050.jpg":[24.033450650870513,120.41794719625717],"image-00066.jpg":[24.033141591549278,120.41768591404075],"image-00005.jpg":[24.034614502288512,120.4189270987054],"image-00040.jpg":[24.03368968016919,120.41814951793788],"image-00025.jpg":[24.034085056746175,120.41848091678261],"image-00019.jpg":[24.034246030766404,120.4186149527471],"image-00094.jpg":[24.032718152319806,120.41731954015174],"image-00098.jpg":[24.032673397199876,120.41727625689938],"image-00104.jpg":[24.032618897285644,120.41722486073658],"image-00054.jpg":[24.033363532029814,120.41787320663435],"image-00124.jpg":[24.032541792475197,120.41715460849042],"image-00001.jpg":[24.034689434068376,120.41899029493992],"image-00031.jpg":[24.033917160378387,120.41833978851923],"image-00078.jpg":[24.032933233357095,120.41750761744974],"image-00110.jpg":[24.032585965881033,120.41719410136454],"image-00059.jpg":[24.03326299819904,120.4177885199709],"image-00090.jpg":[24.032760116882795,120.41735531736657],"image-00123.jpg":[24.032542667082804,120.41715535813111],"image-00118.jpg":[24.032549784264532,120.41716163409592],"image-00043.jpg":[24.033620464751337,120.41809096858952],"image-00064.jpg":[24.033178296272318,120.41771700944057],"image-00075.jpg":[24.032978642529038,120.41754664256047],"image-00035.jpg":[24.033808807249116,120.41824929732743],"image-00010.jpg":[24.034481288316687,120.41881520611764],"image-00046.jpg":[24.03354312831741,120.41802553157018],"image-00114.jpg":[24.032564272875454,120.41717470957539],"image-00052.jpg":[24.03340578030145,120.41790887546105],"image-00099.jpg":[24.03266272737291,120.4172661609855],"image-00058.jpg":[24.03328281201066,120.41780527188999],"image-00112.jpg":[24.032574565548977,120.41718368334067],"image-00125.jpg":[24.03254092187315,120.41715386382896],"image-00083.jpg":[24.032858955789685,120.4174432647253],"image-00039.jpg":[24.03371307916062,120.41816907202585],"image-00062.jpg":[24.033210270682687,120.41774383500882],"image-00023.jpg":[24.034145063724466,120.41853160287437],"image-00105.jpg":[24.032613036535444,120.41721920003374],"image-00028.jpg":[24.033989022356472,120.41839938017986],"image-00120.jpg":[24.032546103650674,120.41715834521314],"image-00033.jpg":[24.033862187349367,120.4182938615161],"image-00002.jpg":[24.034684648480965,120.41898631310684],"image-00079.jpg":[24.032916996504962,120.41749357829374],"image-00027.jpg":[24.034018862849834,120.4184250455018],"image-00057.jpg":[24.033303639437364,120.41782288824756],"image-00096.jpg":[24.0326951260705,120.417297310078],"image-00004.jpg":[24.03463956866021,120.41894807739843],"image-00109.jpg":[24.03259179693355,120.41719947314965],"image-00093.jpg":[24.032727029017195,120.41732738748081],"image-00106.jpg":[24.032608655735153,120.41721500594014],"image-00045.jpg":[24.03356903849414,120.41804719320504],"image-00016.jpg":[24.03431964468368,120.41867786402463],"image-00053.jpg":[24.03338506592801,120.41789136947068],"image-00103.jpg":[24.032626009426423,120.41723151011772],"image-00081.jpg":[24.032886169291576,120.41746684386959],"image-00061.jpg":[24.033226511104814,120.41775755058737],"image-00014.jpg":[24.034372547500467,120.41872329112428],"image-00012.jpg":[24.03442358620204,120.4187661646736],"image-00044.jpg":[24.03359478833793,120.4180692716534],"image-00116.jpg":[24.032555741857085,120.41716703002375],"image-00074.jpg":[24.03299522263913,120.41756080082497],"image-00119.jpg":[24.03254768295703,120.41715973658803],"image-00030.jpg":[24.03394175755743,120.41836022939609],"image-00073.jpg":[24.0330080936187,120.41757184058105],"image-00088.jpg":[24.03279158711039,120.4173845613287],"image-00049.jpg":[24.03347256961049,120.41796576486081],"image-00042.jpg":[24.033645089307992,120.41811198233931],"image-00055.jpg":[24.033343487842377,120.4178563651805],"image-00067.jpg":[24.03312215465773,120.41766921483394],"image-00024.jpg":[24.034111807463347,120.41850346988704],"image-00097.jpg":[24.03268402541172,120.41728652558665],"image-00086.jpg":[24.032813950822014,120.41740377019522],"image-00068.jpg":[24.03310552812454,120.41765513905986],"image-00018.jpg":[24.03427081935833,120.41863628983239],"image-00060.jpg":[24.03324464798537,120.41777299160253],"image-00007.jpg":[24.03456465599946,120.4188853997239],"image-00122.jpg":[24.032543716858147,120.4171562611005],"image-00022.jpg":[24.034179703000774,120.41856183676548],"image-00015.jpg":[24.034346952730804,120.41870134119287],"image-00063.jpg":[24.033193979581622,120.41773003809443],"image-00100.jpg":[24.032652952010864,120.41725685849443],"image-00037.jpg":[24.033759932231494,120.41820859066364],"image-00115.jpg":[24.03255974114275,120.41717059435834],"image-00087.jpg":[24.032803080437933,120.41739451447424],"image-00011.jpg":[24.034451886117342,120.41879007781192],"image-00084.jpg":[24.032842443995644,120.41742871438564],"image-00091.jpg":[24.03275250677448,120.41735128484515],"image-00047.jpg":[24.033518767572275,120.4180049327388],"image-00038.jpg":[24.033736229359963,120.41818858864522],"image-00101.jpg":[24.032643000403265,120.41724753773624],"image-00017.jpg":[24.034296279959563,120.41865816902495],"image-00006.jpg":[24.034590984613704,120.41890724246588],"image-00072.jpg":[24.033026747307062,120.41758778905258],"image-00036.jpg":[24.03378361563126,120.41822831187156],"image-00056.jpg":[24.033324051974294,120.41783995486327],"image-00107.jpg":[24.032603465026973,120.41721015688628],"image-00003.jpg":[24.03466592655042,120.41897047930195],"image-00092.jpg":[24.0327355201807,120.41733173574966],"image-00121.jpg":[24.032544829225593,120.4171572169524],"image-00076.jpg":[24.032963119452166,120.4175334298978],"image-00041.jpg":[24.03366750844614,120.4181309144252],"image-00082.jpg":[24.032872557582124,120.41745509618556],"image-00032.jpg":[24.033889933987712,120.41831705705371],"image-00021.jpg":[24.034207348468858,120.41858495560422],"image-00108.jpg":[24.03259801708047,120.41720505483124],"image-00048.jpg":[24.033495388395476,120.4179849760072],"image-00026.jpg":[24.034053317460273,120.4184544417482],"image-00065.jpg":[24.03315983018773,120.41770135225578],"image-00089.jpg":[24.03277325921929,120.41736753831341],"image-00029.jpg":[24.03396488305337,120.41837960752943],"image-00071.jpg":[24.033048306127146,120.41760641446427],"image-00009.jpg":[24.03451066224269,120.41884002420457],"image-00113.jpg":[24.032569379684954,120.41717918457513],"image-00051.jpg":[24.033427684919495,120.41792759719974]}