{"image-00070.jpg":[24.033084771971364,120.41760526151069],"image-00095.jpg":[24.03272340627492,120.4172859619518],"image-00034.jpg":[24.033837282427363,120.41825612132908],"image-00102.jpg":[24.032650195629305,120.41721710634084],"image-00077.jpg":[24.03296461028339,120.4175002527968],"image-00111.jpg":[24.03259631087059,120.41716714716515],"image-00117.jpg":[24.03256891891347,120.41714248992025],"image-00008.jpg":[24.034530391551705,120.41885403279264],"image-00085.jpg":[24.0328419881395,120.41739186097416],"image-00020.jpg":[24.03422215677917,120.41858693433878],"image-00069.jpg":[24.033103290589448,120.41762143672489],"image-00013.jpg":[24.03439165639082,120.41873402938012],"image-00080.jpg":[24.032916920007,120.41745827046995],"image-00050.jpg":[24.033458559095525,120.41792911482635],"image-00066.jpg":[24.033153818321942,120.41766538828662],"image-00005.jpg":[24.03460598178307,120.41891881702422],"image-00040.jpg":[24.03369432112638,120.41813328857843],"image-00025.jpg":[24.03408379262231,120.41846824665903],"image-00019.jpg":[24.03424214977514,120.4186038704846],"image-00094.jpg":[24.03273496723008,120.41729694315481],"image-00098.jpg":[24.032689840394262,120.41725414082518],"image-00104.jpg":[24.03263519560415,120.41720312631384],"image-00054.jpg":[24.033372565997798,120.41785448933395],"image-00124.jpg":[24.032558332471385,120.41713303694954],"image-00001.jpg":[24.034679945666902,120.41898262473836],"image-00031.jpg":[24.033918310316515,120.41832566911532],"image-00078.jpg":[24.032948169776873,120.41748576473111],"image-00110.jpg":[24.03260222114651,120.41717255253505],"image-00059.jpg":[24.033273456814285,120.41776896228998],"image-00090.jpg":[24.03277642109663,120.41733300530647],"image-00123.jpg":[24.032559196318545,120.41713379195463],"image-00118.jpg":[24.0325662513581,120.41714008494114],"image-00043.jpg":[24.03362600355681,120.41807419972311],"image-00064.jpg":[24.03318998203097,120.417696765805],"image-00075.jpg":[24.032993021607798,120.41752505324192],"image-00035.jpg":[24.033811630266033,120.41823415236678],"image-00010.jpg":[24.034474595559853,120.41880576618469],"image-00046.jpg":[24.033549791691495,120.41800815716212],"image-00114.jpg":[24.032580689666418,120.41715314824276],"image-00052.jpg":[24.033414252602253,120.41789049805465],"image-00099.jpg":[24.03267914672853,120.41724412432424],"image-00058.jpg":[24.033292983751537,120.4177858711974],"image-00112.jpg":[24.03259083521011,120.4171621640221],"image-00125.jpg":[24.03255747214244,120.41713228674328],"image-00083.jpg":[24.032874672058576,120.41742106217114],"image-00039.jpg":[24.03371736559055,120.4181530620249],"image-00062.jpg":[24.033221467612297,120.41772387600452],"image-00023.jpg":[24.034142952974022,120.41851941430389],"image-00105.jpg":[24.032629277989006,120.41719752789332],"image-00028.jpg":[24.033989016885126,120.41838600452542],"image-00120.jpg":[24.03256260422296,120.41713679348112],"image-00033.jpg":[24.033864181438844,120.41827922435584],"image-00002.jpg":[24.03467524673403,120.41897859487713],"image-00079.jpg":[24.032932105220723,120.41747164493304],"image-00027.jpg":[24.03401851757594,120.41841183894567],"image-00057.jpg":[24.033313509228243,120.41780365151043],"image-00096.jpg":[24.032711785910788,120.41727495326056],"image-00004.jpg":[24.034630709233642,120.4189400244355],"image-00109.jpg":[24.032608052942095,120.41717790260131],"image-00093.jpg":[24.032743805424392,120.41730480711385],"image-00106.jpg":[24.032624878392838,120.41719337390748],"image-00045.jpg":[24.033575294372564,120.41803006104118],"image-00016.jpg":[24.034314937338692,120.41866725692154],"image-00053.jpg":[24.03339382489152,120.4178728274573],"image-00103.jpg":[24.032642314383754,120.41720973481227],"image-00081.jpg":[24.032901598161352,120.41744476928858],"image-00061.jpg":[24.033237472705338,120.41773772246492],"image-00014.jpg":[24.034367233749478,120.41871299474423],"image-00012.jpg":[24.034417612593135,120.41875630969659],"image-00044.jpg":[24.033600737456013,120.41805229592762],"image-00116.jpg":[24.03257220746091,120.41714547219405],"image-00074.jpg":[24.03300938532219,120.4175393214414],"image-00119.jpg":[24.032564163014094,120.41713818911497],"image-00030.jpg":[24.03394250751279,120.41834635843095],"image-00073.jpg":[24.033022108576894,120.4175504385534],"image-00088.jpg":[24.032807916566657,120.41736209449601],"image-00049.jpg":[24.03348018155008,120.41794785079883],"image-00042.jpg":[24.033650342567405,120.41809537722611],"image-00055.jpg":[24.033352788414756,120.41783747483228],"image-00067.jpg":[24.033134648556132,120.41764857432368],"image-00024.jpg":[24.03411017035823,120.41849102039632],"image-00097.jpg":[24.032700558817023,120.41726429666926],"image-00086.jpg":[24.032830060764688,120.41738143219607],"image-00068.jpg":[24.03311823417427,120.41763437078791],"image-00018.jpg":[24.034266682881402,120.41862534443104],"image-00060.jpg":[24.033255375711857,120.41775329039238],"image-00007.jpg":[24.034556849939133,120.41887665872379],"image-00122.jpg":[24.03256023938868,120.41713470062444],"image-00022.jpg":[24.034177283926468,120.41854977664602],"image-00015.jpg":[24.03434193765312,120.41869089017854],"image-00063.jpg":[24.033205419433394,120.41770995309008],"image-00100.jpg":[24.03266932445205,120.41723490338373],"image-00037.jpg":[24.033763524318807,120.41819296631579],"image-00115.jpg":[24.032576169627724,120.41714904071245],"image-00087.jpg":[24.032819305620087,120.41737210169062],"image-00011.jpg":[24.034445551551897,120.41878044695648],"image-00084.jpg":[24.032858294095007,120.41740647135441],"image-00091.jpg":[24.0327693896379,120.41732854314367],"image-00047.jpg":[24.03352575019616,120.41798736716214],"image-00038.jpg":[24.03374016733389,120.41817277083038],"image-00101.jpg":[24.0326593549865,120.41722564262801],"image-00017.jpg":[24.03429187878816,120.41864736957189],"image-00006.jpg":[24.034582752707394,120.41889877271186],"image-00072.jpg":[24.03304048389326,120.41756650942565],"image-00036.jpg":[24.033786836555663,120.41821292034052],"image-00056.jpg":[24.03333360827732,120.41782090845308],"image-00107.jpg":[24.032619681621714,120.41718855417741],"image-00003.jpg":[24.034656781751806,120.41896261401311],"image-00092.jpg":[24.032751594484992,120.41730965920266],"image-00121.jpg":[24.032561342843497,120.4171356627357],"image-00076.jpg":[24.03297770817991,120.41751173110433],"image-00041.jpg":[24.033672454567995,120.41811448946794],"image-00082.jpg":[24.032888140923856,120.41743295041547],"image-00032.jpg":[24.03389150850746,120.4183026787963],"image-00021.jpg":[24.03420443751037,120.41857315559767],"image-00108.jpg":[24.032614215324596,120.41718348527358],"image-00048.jpg":[24.033502653713782,120.4179672552885],"image-00026.jpg":[24.03405258104473,120.41844146487543],"image-00065.jpg":[24.033171782272657,120.41768096885343],"image-00089.jpg":[24.03278960245017,120.4173451591472],"image-00029.jpg":[24.03396529718651,120.41836594509581],"image-00071.jpg":[24.03306182768572,120.41758524354103],"image-00009.jpg":[24.034503584939912,120.41883081771657],"image-00113.jpg":[24.032585692597884,120.41715764217989],"image-00051.jpg":[24.03343586967787,120.4179093627083]}