{"image-00070.jpg":[24.033109930477522,120.41772124736764],"image-00095.jpg":[24.03275005465573,120.41740203388308],"image-00034.jpg":[24.033853684608836,120.41834738936868],"image-00102.jpg":[24.032675554621324,120.4173258131546],"image-00077.jpg":[24.032990659499323,120.41761839529464],"image-00111.jpg":[24.032620963404902,120.41727175021916],"image-00117.jpg":[24.032593478849336,120.41724633630812],"image-00008.jpg":[24.034537750289516,120.41892021579856],"image-00085.jpg":[24.03286848406174,120.41751000873614],"image-00020.jpg":[24.03423319610889,120.41866200119898],"image-00069.jpg":[24.033128291270916,120.41773709817056],"image-00013.jpg":[24.034400759262446,120.41880458866498],"image-00080.jpg":[24.032943207134824,120.41757672504234],"image-00050.jpg":[24.03347963707036,120.41803374283185],"image-00066.jpg":[24.033178385848565,120.41777975570866],"image-00005.jpg":[24.03461210918589,120.41898161916649],"image-00040.jpg":[24.033712725427623,120.4182306674378],"image-00025.jpg":[24.03409680194146,120.41854963003453],"image-00019.jpg":[24.034252797798196,120.41867767819238],"image-00094.jpg":[24.03276186552245,120.41741436285852],"image-00098.jpg":[24.032715833698543,120.41736634826815],"image-00104.jpg":[24.032660336458946,120.41731055376215],"image-00054.jpg":[24.033394579454086,120.41796146344089],"image-00124.jpg":[24.03258290975161,120.4172366958559],"image-00001.jpg":[24.03468504486409,120.41904283560895],"image-00031.jpg":[24.033933534172093,120.41841336724426],"image-00078.jpg":[24.032974279059005,120.41760400840602],"image-00110.jpg":[24.03262693670517,120.4172774561824],"image-00059.jpg":[24.03329673249147,120.41787949078162],"image-00090.jpg":[24.032802895814832,120.4174494593974],"image-00123.jpg":[24.032583766928493,120.41723743592692],"image-00118.jpg":[24.032590822130203,120.41724382371186],"image-00043.jpg":[24.03364526459211,120.41817374448624],"image-00064.jpg":[24.033214205049884,120.41781007149675],"image-00075.jpg":[24.033018834918067,120.41764265485153],"image-00035.jpg":[24.033828424894054,120.41832663592851],"image-00010.jpg":[24.03448263853663,120.4188737221674],"image-00046.jpg":[24.03356983970865,120.41811004983107],"image-00114.jpg":[24.032605309852208,120.41725743535832],"image-00052.jpg":[24.033435726675865,120.41799606689328],"image-00099.jpg":[24.0327049502084,120.41735535066323],"image-00058.jpg":[24.033316049561616,120.41789578073741],"image-00112.jpg":[24.03261548027134,120.41726647921888],"image-00125.jpg":[24.032582057419923,120.41723596268393],"image-00083.jpg":[24.03290118053488,120.41753974129091],"image-00039.jpg":[24.033735427941945,120.4182494208255],"image-00062.jpg":[24.033245282084,120.41783592550325],"image-00023.jpg":[24.034155272835555,120.41859885145911],"image-00105.jpg":[24.03265431486672,120.41730428547592],"image-00028.jpg":[24.034003046939517,120.41847000056651],"image-00120.jpg":[24.032587151396253,120.41724042686945],"image-00033.jpg":[24.03388020030949,120.41836933135454],"image-00002.jpg":[24.034680405853397,120.41903903122785],"image-00079.jpg":[24.032958313480485,120.4175900193714],"image-00027.jpg":[24.03403232784177,120.41849542763464],"image-00057.jpg":[24.033336358707224,120.41791292020358],"image-00096.jpg":[24.032738190095866,120.41738972694944],"image-00004.jpg":[24.034636431534665,120.41900175714127],"image-00109.jpg":[24.032632815461643,120.41728315962482],"image-00093.jpg":[24.03277066207132,120.41742235492652],"image-00106.jpg":[24.032649824731145,120.41729966919769],"image-00045.jpg":[24.033594988097207,120.4181308418459],"image-00016.jpg":[24.03432482498392,120.41873953513758],"image-00053.jpg":[24.033415539659238,120.41797905819153],"image-00103.jpg":[24.03266755379571,120.41731771654554],"image-00081.jpg":[24.03292796355588,120.41756329196426],"image-00061.jpg":[24.03326110781307,120.4178492451947],"image-00014.jpg":[24.0343766998675,120.41878445688839],"image-00012.jpg":[24.03442629309696,120.41882578607971],"image-00044.jpg":[24.03362022516846,120.4181526424995],"image-00116.jpg":[24.032596782807826,120.41724945375915],"image-00074.jpg":[24.033035062080344,120.41765657664985],"image-00119.jpg":[24.03258871851774,120.41724184460438],"image-00030.jpg":[24.03395735063226,120.4184328474568],"image-00073.jpg":[24.033047676940143,120.41766747967935],"image-00088.jpg":[24.032834743178725,120.4174807725004],"image-00049.jpg":[24.03350101795183,120.4180518333053],"image-00042.jpg":[24.033669346097824,120.41819437484617],"image-00055.jpg":[24.0333750983524,120.41794522025839],"image-00067.jpg":[24.033159307417993,120.4177632117246],"image-00024.jpg":[24.03412284513908,120.41857147970065],"image-00097.jpg":[24.03272675944648,120.41737772823735],"image-00086.jpg":[24.03285666326863,120.41749975818735],"image-00068.jpg":[24.033143097727777,120.4177495150002],"image-00018.jpg":[24.0342771211502,120.41869882455003],"image-00060.jpg":[24.03327883423745,120.41786437284912],"image-00007.jpg":[24.034563738531634,120.41894159530744],"image-00122.jpg":[24.032584795348335,120.41723832829396],"image-00022.jpg":[24.034189455720778,120.41862927508154],"image-00015.jpg":[24.034351614758805,120.41876278116885],"image-00063.jpg":[24.033229385379087,120.41782247856747],"image-00100.jpg":[24.032694960741793,120.41734517267966],"image-00037.jpg":[24.03378106422309,120.41828774612827],"image-00115.jpg":[24.03260076693118,120.41725312508686],"image-00087.jpg":[24.032846046465195,120.41749070001683],"image-00011.jpg":[24.034453860491553,120.41884900157467],"image-00084.jpg":[24.032884820902886,120.41752494748678],"image-00091.jpg":[24.032796528380697,120.41744814306915],"image-00047.jpg":[24.033546099390968,120.41809003098706],"image-00038.jpg":[24.033757973858624,120.41826833920925],"image-00101.jpg":[24.032684856385355,120.41733511830401],"image-00017.jpg":[24.034302086405518,120.4187204672827],"image-00006.jpg":[24.034589212009262,120.41896236606803],"image-00072.jpg":[24.033065954767725,120.41768319996802],"image-00036.jpg":[24.033804011292553,120.41830658164292],"image-00056.jpg":[24.033356169244577,120.41792929978561],"image-00107.jpg":[24.0326445596101,120.41729445046268],"image-00003.jpg":[24.034662155603915,120.41902363498158],"image-00092.jpg":[24.032777709342106,120.41742352480163],"image-00121.jpg":[24.032585885199175,120.41723927262206],"image-00076.jpg":[24.03300366154279,120.41762970959269],"image-00041.jpg":[24.03369118606924,120.4182127504826],"image-00082.jpg":[24.03291458683485,120.41755160658523],"image-00032.jpg":[24.03390712486828,120.41839158633648],"image-00021.jpg":[24.034216310181325,120.41865149850449],"image-00108.jpg":[24.03263903111836,120.41728895121972],"image-00048.jpg":[24.03352322909512,120.41807042646326],"image-00026.jpg":[24.034066016674245,120.41852427641041],"image-00065.jpg":[24.033196179794167,120.41779479411049],"image-00089.jpg":[24.032816190498426,120.41746254129072],"image-00029.jpg":[24.033979809374625,120.41845148782373],"image-00071.jpg":[24.033087141161154,120.41770173507895],"image-00009.jpg":[24.034511254073674,120.4188978175529],"image-00113.jpg":[24.032610377453196,120.41726198471409],"image-00051.jpg":[24.033457173853886,120.41801449589538]}