{"image-00070.jpg":[24.08219808150342,120.54249392807029],"image-00095.jpg":[24.082314893462396,120.54247478155631],"image-00034.jpg":[24.08194830818398,120.54252878564023],"image-00102.jpg":[24.082314892810114,120.54247477800227],"image-00077.jpg":[24.082245846832436,120.54248583419783],"image-00058.jpg":[24.08212159128384,120.54250536906852],"image-00117.jpg":[24.082314892989345,120.54247478197314],"image-00008.jpg":[24.081762455928114,120.5425533224458],"image-00085.jpg":[24.08229842786189,120.54247750154326],"image-00020.jpg":[24.08183918802038,120.54254312593451],"image-00069.jpg":[24.08219127814614,120.54249505914422],"image-00013.jpg":[24.081791753773444,120.54254936696488],"image-00080.jpg":[24.08226631352354,120.54248251688452],"image-00119.jpg":[24.082314897454225,120.54247478276793],"image-00066.jpg":[24.082171243414834,120.54249825389802],"image-00005.jpg":[24.081747310405355,120.54255511292313],"image-00040.jpg":[24.081995479307857,120.54252224619786],"image-00025.jpg":[24.081876550329756,120.54253808734825],"image-00019.jpg":[24.081831969769816,120.54254403081652],"image-00094.jpg":[24.082314893462488,120.54247478155631],"image-00098.jpg":[24.082314902319037,120.54247477548344],"image-00104.jpg":[24.082314892008142,120.54247477836373],"image-00054.jpg":[24.082095623787925,120.54250892491922],"image-00124.jpg":[24.082314905697142,120.54247478460894],"image-00001.jpg":[24.081734812475162,120.54255664695727],"image-00031.jpg":[24.081923977956084,120.54253199812443],"image-00078.jpg":[24.08225272666042,120.5424847086905],"image-00059.jpg":[24.08212791345762,120.54250452067377],"image-00110.jpg":[24.08231489434098,120.54247477858065],"image-00090.jpg":[24.08231366484455,120.54247501592153],"image-00123.jpg":[24.082314905453366,120.54247478529956],"image-00043.jpg":[24.082018158109808,120.54251915886624],"image-00064.jpg":[24.082158496443988,120.54250018153527],"image-00075.jpg":[24.082232229500253,120.5424880386271],"image-00035.jpg":[24.081956348973794,120.5425277041891],"image-00010.jpg":[24.08177367913026,120.54255188902097],"image-00046.jpg":[24.082040128118404,120.54251637957393],"image-00114.jpg":[24.082314907112547,120.5424747758006],"image-00052.jpg":[24.082082079575873,120.54251068078014],"image-00099.jpg":[24.082314898114674,120.54247477652265],"image-00111.jpg":[24.082314894714397,120.54247477859838],"image-00112.jpg":[24.082314894880657,120.54247477863231],"image-00125.jpg":[24.082314864058294,120.54247479223895],"image-00083.jpg":[24.0822862725643,120.54247937556741],"image-00039.jpg":[24.0819878440074,120.54252333174627],"image-00062.jpg":[24.082146315743415,120.5425019398056],"image-00023.jpg":[24.081861312783197,120.54254010532372],"image-00105.jpg":[24.08231489211906,120.54247477844635],"image-00028.jpg":[24.08189990602787,120.54253505638373],"image-00120.jpg":[24.082314905739633,120.54247478458169],"image-00033.jpg":[24.081940269600764,120.54252989488454],"image-00002.jpg":[24.08173555308768,120.54255653508365],"image-00079.jpg":[24.08225951158991,120.54248360102042],"image-00027.jpg":[24.08189204518065,120.54253606455],"image-00057.jpg":[24.082115204183285,120.54250623954553],"image-00096.jpg":[24.08231489346234,120.54247478155634],"image-00004.jpg":[24.08174273417682,120.54255565210411],"image-00109.jpg":[24.0823148933419,120.54247477862162],"image-00093.jpg":[24.082314939111647,120.54247477871738],"image-00106.jpg":[24.08231489269042,120.54247477846417],"image-00045.jpg":[24.082032782806596,120.54251727621153],"image-00016.jpg":[24.081811371292424,120.54254675782131],"image-00053.jpg":[24.082088864984083,120.54250978842194],"image-00103.jpg":[24.08231489281022,120.54247477800166],"image-00081.jpg":[24.082273011940053,120.54248146160606],"image-00061.jpg":[24.08214020345657,120.54250276292231],"image-00014.jpg":[24.08179829785051,120.54254854460896],"image-00012.jpg":[24.08178557846567,120.54255029566812],"image-00044.jpg":[24.08202552785149,120.54251818485798],"image-00116.jpg":[24.082314891429508,120.54247478153786],"image-00074.jpg":[24.082225425395254,120.54248918776831],"image-00050.jpg":[24.082068288307386,120.5425125078629],"image-00030.jpg":[24.08191585372059,120.54253302756055],"image-00073.jpg":[24.082218628427324,120.54249038553857],"image-00088.jpg":[24.082309839676054,120.54247562310462],"image-00049.jpg":[24.082061319499186,120.54251347816117],"image-00042.jpg":[24.082010575617716,120.54252016524293],"image-00055.jpg":[24.08210220501806,120.5425080466795],"image-00067.jpg":[24.082177851894375,120.54249721930984],"image-00024.jpg":[24.081868892024737,120.54253913191184],"image-00097.jpg":[24.082314893462314,120.54247478155634],"image-00086.jpg":[24.082303118031966,120.54247673015215],"image-00068.jpg":[24.082184537681417,120.54249616930446],"image-00018.jpg":[24.081824962376245,120.54254488976763],"image-00060.jpg":[24.0821340956529,120.54250362928425],"image-00007.jpg":[24.08175718400098,120.54255397063066],"image-00122.jpg":[24.08231490566731,120.5424747846097],"image-00022.jpg":[24.08185387031462,120.5425411020529],"image-00015.jpg":[24.08180477176839,120.54254766578704],"image-00063.jpg":[24.082152394670825,120.5425010518482],"image-00100.jpg":[24.08231489263149,120.5424747779716],"image-00037.jpg":[24.081972332101547,120.54252549008416],"image-00115.jpg":[24.082314898865956,120.54247477845895],"image-00087.jpg":[24.082306915786408,120.54247613395654],"image-00011.jpg":[24.08177957181309,120.54255111765609],"image-00084.jpg":[24.082292707014464,120.54247836207182],"image-00091.jpg":[24.08231458791183,120.54247486397757],"image-00047.jpg":[24.082047314535178,120.54251540792116],"image-00038.jpg":[24.081980106832294,120.54252442528886],"image-00101.jpg":[24.08231489286791,120.54247477797887],"image-00017.jpg":[24.081818060215923,120.54254583858165],"image-00006.jpg":[24.081752121755112,120.5425545515571],"image-00072.jpg":[24.082211818329505,120.54249157724564],"image-00036.jpg":[24.081964396934193,120.54252661830935],"image-00056.jpg":[24.08210870653685,120.54250713723096],"image-00107.jpg":[24.082314892585885,120.5424747785494],"image-00003.jpg":[24.081738332743004,120.542556204668],"image-00092.jpg":[24.082314940444075,120.54247476536378],"image-00121.jpg":[24.082314905669424,120.54247478460928],"image-00076.jpg":[24.082238996308647,120.54248691677512],"image-00041.jpg":[24.08200303477836,120.54252118185963],"image-00082.jpg":[24.082279654793336,120.54248040000154],"image-00032.jpg":[24.08193203827513,120.54253093056148],"image-00021.jpg":[24.081846420490272,120.54254210334557],"image-00108.jpg":[24.082314892890775,120.5424747785988],"image-00048.jpg":[24.082054283508107,120.54251440686244],"image-00026.jpg":[24.081884317046168,120.54253706413112],"image-00051.jpg":[24.08207523978265,120.5425115841472],"image-00065.jpg":[24.082164767126436,120.5424992190701],"image-00089.jpg":[24.08231211692942,120.54247528525252],"image-00029.jpg":[24.08190782342075,120.54253404113108],"image-00071.jpg":[24.082204935517822,120.54249277110782],"image-00009.jpg":[24.08176796501564,120.54255261175734],"image-00113.jpg":[24.08231490073399,120.5424747771975],"image-00118.jpg":[24.0823148948848,120.54247478247314]}