{"image-00070.jpg":[24.08218489545411,120.54250754346991],"image-00095.jpg":[24.082303763289445,120.54248667588291],"image-00034.jpg":[24.081929448480057,120.54254610525192],"image-00102.jpg":[24.08230376138583,120.54248667255578],"image-00077.jpg":[24.082233412502145,120.54249876124571],"image-00058.jpg":[24.08210687837127,120.54252009441215],"image-00117.jpg":[24.082303762920418,120.54248667628767],"image-00008.jpg":[24.081739073483288,120.54257340684285],"image-00085.jpg":[24.08228698695073,120.5424896493171],"image-00020.jpg":[24.081817703728543,120.54256204983685],"image-00069.jpg":[24.082177969272866,120.5425087774903],"image-00013.jpg":[24.08176907233185,120.54256901310555],"image-00080.jpg":[24.08225424139983,120.54249514475416],"image-00119.jpg":[24.082303767606668,120.54248667708723],"image-00066.jpg":[24.08215755231111,120.54251227247829],"image-00005.jpg":[24.081723509845265,120.54257542588138],"image-00040.jpg":[24.081977813440073,120.54253881733786],"image-00025.jpg":[24.0818559283524,120.54255646647859],"image-00019.jpg":[24.081810299745534,120.54256306227839],"image-00094.jpg":[24.08230376328953,120.5424866758829],"image-00098.jpg":[24.082303770613716,120.5424866700069],"image-00104.jpg":[24.082303760697272,120.54248667289403],"image-00054.jpg":[24.082080358397754,120.54252401338181],"image-00124.jpg":[24.08230377652605,120.54248667885405],"image-00001.jpg":[24.081710676993193,120.54257714906244],"image-00031.jpg":[24.08190448179894,120.54254969881725],"image-00078.jpg":[24.08224039997391,120.5424975403477],"image-00059.jpg":[24.08211332448508,120.5425191636611],"image-00110.jpg":[24.08230376310417,120.54248667311421],"image-00090.jpg":[24.082302514870836,120.54248693041816],"image-00123.jpg":[24.082303776223714,120.5424866796279],"image-00043.jpg":[24.08200103691428,120.54253538767736],"image-00064.jpg":[24.08214453183198,120.54251439511121],"image-00075.jpg":[24.08221955816238,120.54250116278016],"image-00035.jpg":[24.081937727533223,120.54254488412306],"image-00010.jpg":[24.08175058386656,120.54257180458035],"image-00046.jpg":[24.08202357346105,120.54253227830526],"image-00114.jpg":[24.08230377597991,120.54248667013852],"image-00052.jpg":[24.082066528203477,120.54252594915368],"image-00099.jpg":[24.082303766503507,120.54248667106592],"image-00111.jpg":[24.08230376351436,120.54248667312024],"image-00112.jpg":[24.08230376370712,120.54248667314687],"image-00125.jpg":[24.08230373484143,120.54248668687131],"image-00083.jpg":[24.082274581345974,120.5424917078636],"image-00039.jpg":[24.08196999218514,120.54254002323933],"image-00062.jpg":[24.082132111045716,120.54251632331138],"image-00023.jpg":[24.081840330128742,120.54255870731093],"image-00105.jpg":[24.082303760841352,120.54248667297028],"image-00028.jpg":[24.08187984105649,120.54255309750341],"image-00120.jpg":[24.08230377657023,120.54248667882399],"image-00033.jpg":[24.08192117201139,120.54254735643062],"image-00002.jpg":[24.081711413487547,120.54257703448714],"image-00079.jpg":[24.082247319204768,120.5424963266832],"image-00027.jpg":[24.081871795359017,120.54255421727005],"image-00057.jpg":[24.082100374919115,120.54252104543156],"image-00096.jpg":[24.082303763289374,120.54248667588291],"image-00004.jpg":[24.081718795746685,120.54257603893353],"image-00109.jpg":[24.082303762089843,120.54248667315824],"image-00093.jpg":[24.08230381129467,120.5424866721044],"image-00106.jpg":[24.082303761423557,120.54248667298899],"image-00045.jpg":[24.082016045611688,120.54253327952145],"image-00016.jpg":[24.08178920559586,120.54256609395307],"image-00053.jpg":[24.082073492077956,120.54252495040816],"image-00103.jpg":[24.082303761385823,120.54248667255519],"image-00081.jpg":[24.082261056637723,120.54249399493304],"image-00061.jpg":[24.082125875534878,120.54251722776365],"image-00014.jpg":[24.081775793362947,120.54256808937393],"image-00012.jpg":[24.08176277594576,120.54257003090987],"image-00044.jpg":[24.082008597076108,120.54253429917537],"image-00116.jpg":[24.082303760881807,120.54248667600997],"image-00074.jpg":[24.082212660333845,120.54250240389322],"image-00050.jpg":[24.08205240515503,120.5425279802954],"image-00030.jpg":[24.081896169353502,120.54255084129059],"image-00073.jpg":[24.082205773882375,120.54250369606558],"image-00088.jpg":[24.082298607612476,120.54248759860755],"image-00049.jpg":[24.082045253092996,120.54252906449608],"image-00042.jpg":[24.081993268067574,120.5425365081025],"image-00055.jpg":[24.082087101240454,120.54252303580003],"image-00067.jpg":[24.082164289006556,120.54251113959845],"image-00024.jpg":[24.081848096395586,120.54255762239043],"image-00097.jpg":[24.082303763289353,120.54248667588294],"image-00086.jpg":[24.08229176041114,120.54248880827446],"image-00068.jpg":[24.082171104812225,120.54250998973447],"image-00018.jpg":[24.081803114192475,120.54256402303582],"image-00060.jpg":[24.082119635751848,120.54251818300358],"image-00007.jpg":[24.081733647240828,120.5425741405234],"image-00122.jpg":[24.082303776496886,120.54248667885437],"image-00022.jpg":[24.08183269451689,120.5425598211607],"image-00015.jpg":[24.081782437073528,120.54256710688368],"image-00063.jpg":[24.082138303804747,120.54251535222063],"image-00100.jpg":[24.082303761215123,120.54248667251778],"image-00037.jpg":[24.081954108372173,120.54254241948435],"image-00115.jpg":[24.082303767967613,120.542486672868],"image-00087.jpg":[24.082295629515574,120.5424881564555],"image-00011.jpg":[24.08175662573599,120.54257094363359],"image-00084.jpg":[24.08228114996193,120.54249059411612],"image-00091.jpg":[24.08230345232635,120.5424867656182],"image-00047.jpg":[24.08203091133426,120.5425312078547],"image-00038.jpg":[24.08196207419022,120.54254123489977],"image-00101.jpg":[24.08230376144702,120.54248667252932],"image-00017.jpg":[24.081796043202278,120.54256507814998],"image-00006.jpg":[24.08172845793884,120.54257479086155],"image-00072.jpg":[24.082198858865386,120.54250498820545],"image-00036.jpg":[24.081945990532148,120.54254366823466],"image-00056.jpg":[24.08209375973264,120.54252202574813],"image-00107.jpg":[24.082303761322862,120.54248667307922],"image-00003.jpg":[24.081714283829186,120.54257665595978],"image-00092.jpg":[24.08230381063861,120.54248665846151],"image-00121.jpg":[24.082303776499053,120.54248667885392],"image-00076.jpg":[24.082226446520853,120.54249993907123],"image-00041.jpg":[24.08198554391889,120.54253763863443],"image-00082.jpg":[24.082267831964423,120.54249283110791],"image-00032.jpg":[24.08191273885482,120.54254851079838],"image-00021.jpg":[24.081825068688847,120.54256093253588],"image-00108.jpg":[24.082303761633064,120.54248667313271],"image-00048.jpg":[24.082038038856776,120.54253010087305],"image-00026.jpg":[24.08186388246948,120.54255532859995],"image-00051.jpg":[24.08205952023627,120.54252695504599],"image-00065.jpg":[24.082150931648236,120.542513337825],"image-00089.jpg":[24.082300934956653,120.54248722595432],"image-00029.jpg":[24.08188793751646,120.54255197292512],"image-00071.jpg":[24.082191860014277,120.54250628696515],"image-00009.jpg":[24.081744725800977,120.5425726116919],"image-00113.jpg":[24.08230376956495,120.54248667162713],"image-00118.jpg":[24.082303764925122,120.54248667679718]}