{"image-00070.jpg":[24.08218894295319,120.54250693284847],"image-00095.jpg":[24.0823044325392,120.54248891480907],"image-00034.jpg":[24.0819411142192,120.5425391415055],"image-00102.jpg":[24.08230443088033,120.54248891128648],"image-00077.jpg":[24.08223609495818,120.5424993028779],"image-00058.jpg":[24.08211321037498,120.54251757340873],"image-00117.jpg":[24.08230443216285,120.5424889152188],"image-00008.jpg":[24.081756498533096,120.54256165564635],"image-00085.jpg":[24.082288130392453,120.54249148623947],"image-00020.jpg":[24.081832756348515,120.54255227457362],"image-00069.jpg":[24.08218221233424,120.54250800127326],"image-00013.jpg":[24.081785595314955,120.54255801317628],"image-00080.jpg":[24.082256329381934,120.54249618696889],"image-00119.jpg":[24.082304436616525,120.54248891618386],"image-00066.jpg":[24.082162380298364,120.54251100318513],"image-00005.jpg":[24.081741417662556,120.54256327532983],"image-00040.jpg":[24.081988040400375,120.54253306080615],"image-00025.jpg":[24.08186982942543,120.54254764791489],"image-00019.jpg":[24.081825579170772,120.54255309902189],"image-00094.jpg":[24.08230443253928,120.54248891480907],"image-00098.jpg":[24.08230443988942,120.54248890891644],"image-00104.jpg":[24.082304430202004,120.54248891161888],"image-00054.jpg":[24.08208748812318,120.54252083149288],"image-00124.jpg":[24.082304445086947,120.54248891828148],"image-00001.jpg":[24.081728979472043,120.54256467129872],"image-00031.jpg":[24.08191690037597,120.54254210618015],"image-00078.jpg":[24.082242882978562,120.54249824922215],"image-00059.jpg":[24.082119460795344,120.54251680360713],"image-00110.jpg":[24.082304432500255,120.54248891191705],"image-00090.jpg":[24.08230321738609,120.54248914053406],"image-00123.jpg":[24.082304444744707,120.54248891906788],"image-00043.jpg":[24.082010567444836,120.54253021195863],"image-00064.jpg":[24.082149738583563,120.54251280720797],"image-00075.jpg":[24.082222636435496,120.54250137146056],"image-00035.jpg":[24.08194914654748,120.54253812893742],"image-00010.jpg":[24.081767658087013,120.54256034474345],"image-00046.jpg":[24.082032415464152,120.54252767402237],"image-00114.jpg":[24.082304445051772,120.54248890922469],"image-00052.jpg":[24.082074080986747,120.54252241945309],"image-00099.jpg":[24.082304435880427,120.5424889098925],"image-00111.jpg":[24.082304432894862,120.54248891193623],"image-00112.jpg":[24.08230443307911,120.54248891197005],"image-00125.jpg":[24.082304404567125,120.5424889253427],"image-00083.jpg":[24.082276083716806,120.54249324264276],"image-00039.jpg":[24.08198045031624,120.54253407253807],"image-00062.jpg":[24.082137686130768,120.54251442926966],"image-00023.jpg":[24.08185470320433,120.54254949693495],"image-00105.jpg":[24.08230443033659,120.54248891170263],"image-00028.jpg":[24.081893014405594,120.54254488172224],"image-00120.jpg":[24.082304445131346,120.54248891825185],"image-00033.jpg":[24.081933082446742,120.54254018510889],"image-00002.jpg":[24.081729693455436,120.54256457426155],"image-00079.jpg":[24.08224960604388,120.54249720194287],"image-00027.jpg":[24.08188521454246,120.54254579834891],"image-00057.jpg":[24.082106903908365,120.54251836269312],"image-00096.jpg":[24.08230443253913,120.54248891480908],"image-00004.jpg":[24.081736849273877,120.54256376709424],"image-00109.jpg":[24.082304431523482,120.54248891193284],"image-00093.jpg":[24.082304478937232,120.54248891237089],"image-00106.jpg":[24.08230443089448,120.54248891173893],"image-00045.jpg":[24.08202512026577,120.5425284834655],"image-00016.jpg":[24.081805122951447,120.54255560060959],"image-00053.jpg":[24.082080834678464,120.54252159626122],"image-00103.jpg":[24.082304430880363,120.54248891128586],"image-00081.jpg":[24.082262947883194,120.54249520188503],"image-00061.jpg":[24.08213163953004,120.54251517804354],"image-00014.jpg":[24.081792111075426,120.54255726023345],"image-00012.jpg":[24.081779483067308,120.54255887702081],"image-00044.jpg":[24.0820178995756,120.54252931380513],"image-00116.jpg":[24.082304430206605,120.54248891485855],"image-00074.jpg":[24.08221593365384,120.542502448965],"image-00050.jpg":[24.08206038496147,120.5425240957305],"image-00030.jpg":[24.081908842948724,120.54254303843878],"image-00073.jpg":[24.082209238654514,120.54250357952235],"image-00088.jpg":[24.082299421774866,120.54248971404627],"image-00049.jpg":[24.082053444991995,120.54252500138365],"image-00042.jpg":[24.082003033150897,120.54253113714552],"image-00055.jpg":[24.082094027715854,120.5425200232075],"image-00067.jpg":[24.082168922762186,120.54251003367557],"image-00024.jpg":[24.081862232756677,120.5425486082625],"image-00097.jpg":[24.082304432539104,120.5424889148091],"image-00086.jpg":[24.082292768414163,120.54249075956123],"image-00068.jpg":[24.08217554230388,120.5425090490001],"image-00018.jpg":[24.08181861521737,120.54255387674883],"image-00060.jpg":[24.082125585226375,120.54251597871234],"image-00007.jpg":[24.081751238368916,120.54256225069958],"image-00122.jpg":[24.08230444505896,120.542488918281],"image-00022.jpg":[24.08184729693488,120.54255041894322],"image-00015.jpg":[24.08179855616124,120.54255644432212],"image-00063.jpg":[24.082143695654146,120.54251361032836],"image-00100.jpg":[24.082304430719272,120.54248891124273],"image-00037.jpg":[24.081965039595158,120.54253607306495],"image-00115.jpg":[24.08230443719578,120.54248891181402],"image-00087.jpg":[24.082296525955194,120.54249020146074],"image-00011.jpg":[24.081773517030165,120.54255963608605],"image-00084.jpg":[24.08228246387861,120.54249228821924],"image-00091.jpg":[24.08230412814538,120.54248899813999],"image-00047.jpg":[24.082039531664368,120.54252678680267],"image-00038.jpg":[24.081972767219987,120.5425350875993],"image-00101.jpg":[24.08230443094088,120.54248891126107],"image-00017.jpg":[24.08181175546145,120.5425547552461],"image-00006.jpg":[24.081746211969847,120.54256276760769],"image-00072.jpg":[24.082202515668783,120.54250470871725],"image-00036.jpg":[24.08195716226403,120.54253712053843],"image-00056.jpg":[24.08210048828624,120.54251917891042],"image-00107.jpg":[24.082304430792174,120.54248891182911],"image-00003.jpg":[24.081732475667057,120.54256426965026],"image-00092.jpg":[24.082304479113414,120.54248889823532],"image-00121.jpg":[24.08230444506107,120.54248891828058],"image-00076.jpg":[24.082229330046776,120.54250031253],"image-00041.jpg":[24.081995541211437,120.54253207412299],"image-00082.jpg":[24.082269529573576,120.54249420175248],"image-00032.jpg":[24.081924907907634,120.54254112570862],"image-00021.jpg":[24.081839900854245,120.54255133925014],"image-00108.jpg":[24.0823044310866,120.54248891189326],"image-00048.jpg":[24.082046448631782,120.5425258561668],"image-00026.jpg":[24.08187754267081,120.54254671009478],"image-00051.jpg":[24.082067284906863,120.54252324908265],"image-00065.jpg":[24.08215595293301,120.54251190593146],"image-00089.jpg":[24.08230168102613,120.542489398585],"image-00029.jpg":[24.08190086307517,120.54254396140314],"image-00071.jpg":[24.082195711392515,120.5425058419602],"image-00009.jpg":[24.081761979192073,120.54256100339465],"image-00113.jpg":[24.082304438798527,120.54248891057284],"image-00118.jpg":[24.0823044340578,120.5424889158046]}