{"image-00070.jpg":[24.839116207850477,121.00459142719453],"image-00095.jpg":[24.839268071219298,121.00425607960611],"image-00034.jpg":[24.838849338659973,121.00519242516066],"image-00102.jpg":[24.83930599380952,121.00416990165766],"image-00077.jpg":[24.83916231156566,121.00449044171535],"image-00058.jpg":[24.839032283233163,121.00477655321878],"image-00117.jpg":[24.839378788860618,121.00400284594244],"image-00008.jpg":[24.83889053815976,121.00549637015119],"image-00085.jpg":[24.839211182123353,121.00438200395499],"image-00020.jpg":[24.838830735681388,121.00539475671864],"image-00069.jpg":[24.83910950722275,121.00460608188219],"image-00013.jpg":[24.83888406221945,121.00545036949919],"image-00080.jpg":[24.839180519254246,121.00444927251019],"image-00050.jpg":[24.838971207768303,121.00491008272084],"image-00066.jpg":[24.839089188569385,121.0046511811352],"image-00005.jpg":[24.83887653730522,121.00553467633779],"image-00040.jpg":[24.83889381508771,121.0050879254039],"image-00025.jpg":[24.838797859407535,121.00533600939036],"image-00019.jpg":[24.838838840486495,121.00540450966758],"image-00094.jpg":[24.839262687244037,121.00426826112636],"image-00098.jpg":[24.839284094535643,121.00421920805545],"image-00104.jpg":[24.839316473613906,121.00414648804045],"image-00054.jpg":[24.83900213829763,121.00484235798777],"image-00124.jpg":[24.839409634945426,121.00392941585342],"image-00001.jpg":[24.838853024082624,121.00557810655876],"image-00031.jpg":[24.838827276899757,121.00524048516334],"image-00078.jpg":[24.83916836376419,121.00447677110847],"image-00110.jpg":[24.839345654256103,121.00407930362351],"image-00059.jpg":[24.839039584270648,121.00476068686066],"image-00090.jpg":[24.83924050490205,121.00431774838802],"image-00123.jpg":[24.839404983585762,121.00394033026359],"image-00118.jpg":[24.839383312550382,121.0039921351453],"image-00043.jpg":[24.838916967213585,121.00503345489523],"image-00064.jpg":[24.839075261502625,121.00468204781636],"image-00075.jpg":[24.8391494035231,121.00451881840814],"image-00035.jpg":[24.83885673764105,121.00517529879727],"image-00010.jpg":[24.83889045445508,121.00547630734533],"image-00046.jpg":[24.83894010632991,121.00497998430791],"image-00114.jpg":[24.839364731060325,121.00403549036892],"image-00052.jpg":[24.838986909588865,121.00487566193539],"image-00099.jpg":[24.839289561108227,121.00420686294058],"image-00111.jpg":[24.83935042792732,121.00406817353308],"image-00112.jpg":[24.839355159579686,121.00405732856703],"image-00125.jpg":[24.83941432123504,121.00391885983228],"image-00083.jpg":[24.839198759975122,121.00440885870756],"image-00039.jpg":[24.83888633580279,121.00510547717026],"image-00062.jpg":[24.83906121345184,121.00471326496992],"image-00023.jpg":[24.838805876081512,121.00536283131582],"image-00105.jpg":[24.839321503813622,121.00413502294165],"image-00028.jpg":[24.838799889358434,121.00529138213331],"image-00120.jpg":[24.839391924179456,121.00397126835931],"image-00033.jpg":[24.838842103625005,121.00520870270512],"image-00002.jpg":[24.838855979007942,121.00557283847888],"image-00079.jpg":[24.839174589817123,121.00446292311636],"image-00027.jpg":[24.838797499167647,121.00530659046578],"image-00057.jpg":[24.839024954507455,121.00479261319848],"image-00096.jpg":[24.839273343769744,121.00424408261586],"image-00004.jpg":[24.838869058295195,121.00554945220526],"image-00109.jpg":[24.839340733501988,121.0040905220151],"image-00093.jpg":[24.839257196904978,121.00428063336685],"image-00106.jpg":[24.839326435783025,121.0041238119696],"image-00045.jpg":[24.83893263269424,121.00499745127712],"image-00016.jpg":[24.838866053184987,121.00542877034479],"image-00053.jpg":[24.838994584048052,121.00485894627221],"image-00103.jpg":[24.839311248981655,121.00415809729512],"image-00081.jpg":[24.839186473646723,121.00443582855797],"image-00061.jpg":[24.839054034393296,121.00472913362506],"image-00014.jpg":[24.83887866491259,121.00544356254065],"image-00012.jpg":[24.838887891519548,121.00545801169592],"image-00044.jpg":[24.83892482554275,121.0050153371525],"image-00116.jpg":[24.83937420477755,121.00401360729285],"image-00074.jpg":[24.83914260618196,121.00453356785349],"image-00119.jpg":[24.839387650433828,121.00398165707824],"image-00030.jpg":[24.83881917918347,121.00525654581668],"image-00073.jpg":[24.839136256227402,121.00454761921691],"image-00088.jpg":[24.839229085569805,121.00434312452522],"image-00049.jpg":[24.838963232003543,121.00492754671879],"image-00042.jpg":[24.838909205208306,121.00505157166319],"image-00055.jpg":[24.83900975747683,121.00482565596347],"image-00067.jpg":[24.839096067109104,121.00463600303635],"image-00024.jpg":[24.838801379513544,121.0053495688953],"image-00097.jpg":[24.83927867772832,121.00423185097844],"image-00086.jpg":[24.839217262636037,121.00436878996872],"image-00068.jpg":[24.839102834278652,121.00462089111767],"image-00018.jpg":[24.83884833874349,121.00541324267604],"image-00060.jpg":[24.839046872837233,121.00474477932693],"image-00007.jpg":[24.838887357787847,121.00550815372742],"image-00122.jpg":[24.8394004673397,121.00395109771674],"image-00022.jpg":[24.83881246097228,121.00537477955757],"image-00015.jpg":[24.838872861654874,121.00543621453502],"image-00063.jpg":[24.83906828946625,121.0046975973315],"image-00100.jpg":[24.83929520765976,121.00419421669596],"image-00037.jpg":[24.838871423668653,121.00514067210419],"image-00115.jpg":[24.839369559873823,121.00402450078276],"image-00087.jpg":[24.839223297455067,121.0043558211473],"image-00011.jpg":[24.838889513498223,121.00546688159417],"image-00084.jpg":[24.839204830117684,121.00439556146895],"image-00091.jpg":[24.83924604146715,121.00430554349272],"image-00047.jpg":[24.838947790309344,121.00496258522345],"image-00038.jpg":[24.838878953058376,121.0051229846269],"image-00101.jpg":[24.83930075272314,121.00418184189417],"image-00017.jpg":[24.83885777078927,121.00542111545558],"image-00006.jpg":[24.83888231223406,121.00552109754528],"image-00072.jpg":[24.839129723863415,121.0045619596805],"image-00036.jpg":[24.83886384782061,121.00515810969462],"image-00056.jpg":[24.83901742483154,121.00480908862406],"image-00107.jpg":[24.83933112661964,121.00411277507732],"image-00003.jpg":[24.83886044695139,121.00556496551108],"image-00092.jpg":[24.839251668247304,121.0042929492252],"image-00121.jpg":[24.839396156298946,121.00396113150987],"image-00076.jpg":[24.839156047904282,121.00450441599354],"image-00041.jpg":[24.838901476859245,121.00506970657027],"image-00082.jpg":[24.839192639150262,121.00442230658848],"image-00032.jpg":[24.838835134712813,121.00522454848048],"image-00021.jpg":[24.838820916478873,121.00538527804126],"image-00108.jpg":[24.839335911447748,121.00410160016003],"image-00048.jpg":[24.838955523549163,121.00494511246683],"image-00026.jpg":[24.838796814983958,121.00532149912502],"image-00065.jpg":[24.83908221378419,121.00466648065981],"image-00089.jpg":[24.83923468880747,121.00433049358003],"image-00029.jpg":[24.83881036000308,121.00527353146418],"image-00071.jpg":[24.83912298806878,121.0045766586843],"image-00009.jpg":[24.838890822816417,121.00548617716238],"image-00113.jpg":[24.839359862690106,121.00404657426697],"image-00051.jpg":[24.83897907248827,121.00489281205282]}