{
    "image-00085.jpg": {
        "24.839145,121.004377": [
            66009.0, 
            67546.0, 
            64519.0, 
            66569.0, 
            68105.0, 
            63501.0, 
            64525.0, 
            70686.0, 
            60448.0, 
            61984.0, 
            69665.0, 
            59939.0, 
            60451.0, 
            72740.0, 
            73252.0, 
            58405.0, 
            59429.0, 
            65509.0, 
            75309.0, 
            76335.0, 
            76335.0, 
            62936.0, 
            63448.0, 
            67544.0, 
            57306.0, 
            57824.0, 
            60970.0, 
            68070.0, 
            61399.0, 
            61998.0, 
            63022.0, 
            61918.0, 
            58838.0, 
            62512.0, 
            63969.0, 
            68065.0, 
            58334.0, 
            66526.0, 
            58846.0, 
            59867.0, 
            61915.0, 
            59864.0, 
            58840.0, 
            58329.0, 
            67555.0, 
            58844.0, 
            67553.0, 
            68063.0, 
            68069.0, 
            58327.0, 
            67557.0, 
            64482.0
        ]
    }, 
    "image-00103.jpg": {
        "24.839219,121.004209": [
            64463.0, 
            59855.0, 
            60879.0, 
            60879.0, 
            60879.0, 
            62927.0, 
            62927.0, 
            62927.0, 
            61401.0, 
            61913.0, 
            61913.0, 
            63449.0, 
            64473.0, 
            60378.0, 
            60378.0, 
            60378.0, 
            60378.0, 
            61402.0, 
            61402.0, 
            61915.0, 
            61915.0, 
            62426.0, 
            62426.0, 
            62938.0, 
            62938.0, 
            63450.0, 
            63450.0, 
            64986.0, 
            65498.0, 
            60892.0, 
            60892.0, 
            61916.0, 
            61916.0, 
            61916.0, 
            62940.0, 
            62940.0, 
            64988.0, 
            64988.0, 
            65500.0, 
            65500.0, 
            65500.0, 
            66012.0, 
            66012.0, 
            62941.0, 
            62941.0, 
            63453.0, 
            63453.0, 
            64477.0, 
            64477.0, 
            64989.0, 
            64989.0, 
            64989.0, 
            65501.0, 
            65501.0, 
            65501.0, 
            57822.0, 
            62430.0, 
            62430.0, 
            64478.0, 
            64478.0, 
            65502.0, 
            65502.0, 
            65502.0, 
            65502.0, 
            66014.0, 
            66014.0, 
            66014.0, 
            66014.0, 
            60895.0, 
            61919.0, 
            62431.0, 
            62431.0, 
            62943.0, 
            62943.0, 
            63455.0, 
            63455.0, 
            65503.0, 
            65503.0, 
            65503.0, 
            65503.0, 
            56287.0, 
            56799.0, 
            56799.0, 
            57825.0, 
            57825.0, 
            59361.0, 
            59361.0, 
            60897.0, 
            60897.0, 
            61409.0, 
            61409.0, 
            63457.0, 
            63457.0, 
            63457.0, 
            64481.0, 
            64481.0, 
            64481.0, 
            64993.0, 
            64993.0, 
            64993.0, 
            56801.0, 
            56801.0, 
            57313.0, 
            57313.0, 
            57826.0, 
            57826.0, 
            57826.0, 
            58850.0, 
            60386.0, 
            60386.0, 
            60898.0, 
            60898.0, 
            61410.0, 
            61922.0, 
            62434.0, 
            62946.0, 
            63458.0, 
            63458.0, 
            64482.0, 
            64482.0, 
            64994.0, 
            64994.0, 
            56290.0, 
            56290.0, 
            66018.0, 
            66018.0, 
            66018.0, 
            56802.0, 
            57314.0, 
            57314.0, 
            57314.0, 
            59363.0, 
            59363.0, 
            60899.0, 
            64483.0, 
            64483.0, 
            64995.0, 
            64995.0, 
            56803.0, 
            56803.0, 
            60388.0, 
            60388.0, 
            60388.0, 
            61924.0, 
            64484.0, 
            64484.0, 
            64996.0, 
            64996.0, 
            58342.0, 
            58342.0, 
            58342.0, 
            59366.0, 
            59366.0, 
            59366.0, 
            60389.0, 
            60389.0, 
            60901.0, 
            60901.0, 
            61926.0, 
            61926.0, 
            62438.0, 
            62438.0, 
            62950.0, 
            62950.0, 
            63461.0, 
            63461.0, 
            63461.0, 
            64485.0, 
            64485.0, 
            64997.0, 
            64997.0, 
            66022.0, 
            66533.0, 
            56806.0, 
            57318.0, 
            60374.0, 
            57302.0, 
            57809.0, 
            57809.0, 
            57809.0, 
            61393.0, 
            61393.0, 
            62929.0, 
            58327.0, 
            58327.0, 
            59351.0, 
            59351.0, 
            63447.0, 
            64983.0, 
            66007.0, 
            66519.0, 
            63448.0, 
            64472.0, 
            59867.0, 
            59355.0, 
            71703.0, 
            63501.0, 
            66575.0, 
            62938.0, 
            59354.0, 
            60887.0, 
            61911.0
        ]
    }, 
    "image-00090.jpg": {
        "24.839182,121.004293": [
            62984.0, 
            64520.0, 
            65547.0, 
            66571.0, 
            66574.0, 
            62944.0, 
            68566.0, 
            67537.0, 
            66522.0, 
            67546.0, 
            60457.0, 
            58922.0, 
            64998.0, 
            68573.0, 
            66013.0, 
            63985.0, 
            66033.0, 
            68571.0, 
            66001.0, 
            60462.0, 
            66535.0, 
            62951.0, 
            60976.0, 
            65000.0, 
            67550.0, 
            63987.0, 
            65011.0, 
            62952.0, 
            66030.0, 
            68568.0, 
            67545.0, 
            62967.0, 
            67543.0, 
            67541.0, 
            60962.0, 
            58324.0, 
            56354.0, 
            55330.0, 
            69113.0, 
            60921.0, 
            58404.0, 
            68572.0, 
            54740.0, 
            55764.0, 
            69649.0, 
            59941.0, 
            59432.0, 
            56360.0, 
            60880.0, 
            67026.0, 
            67025.0, 
            58326.0, 
            65003.0
        ]
    },