{"image-00070.jpg":[24.839086286267342,121.00462166422679],"image-00095.jpg":[24.83924856824995,121.00426985348895],"image-00034.jpg":[24.838803739350073,121.00524862963101],"image-00102.jpg":[24.839289117152195,121.00417982765893],"image-00077.jpg":[24.839135537354117,121.00451559651803],"image-00058.jpg":[24.838996933422433,121.00481570718341],"image-00117.jpg":[24.83936708893877,121.00400548839988],"image-00008.jpg":[24.83885562835861,121.00549810808697],"image-00085.jpg":[24.839187682425322,121.00440196871193],"image-00020.jpg":[24.83878768950505,121.00543217951437],"image-00069.jpg":[24.83907912781097,121.00463706035171],"image-00013.jpg":[24.83884853064709,121.00545981191041],"image-00080.jpg":[24.83915504578877,121.00447253162142],"image-00050.jpg":[24.838932166765687,121.00495570223279],"image-00066.jpg":[24.839057504186012,121.00468428084666],"image-00005.jpg":[24.838840887815234,121.00553695087441],"image-00040.jpg":[24.838850111503476,121.00514074111167],"image-00025.jpg":[24.838750505479616,121.0053932776479],"image-00019.jpg":[24.83879734033664,121.00543728164709],"image-00094.jpg":[24.839242801875425,121.00428259329584],"image-00098.jpg":[24.839265749558503,121.00423137873554],"image-00104.jpg":[24.83930031822407,121.00415530758366],"image-00054.jpg":[24.838964960625624,121.00488471843292],"image-00124.jpg":[24.83940002806959,121.00392933607773],"image-00001.jpg":[24.838816012292046,121.00558374564942],"image-00031.jpg":[24.838780808341973,121.00529875817413],"image-00078.jpg":[24.839142022874032,121.00450129360243],"image-00110.jpg":[24.839331576897738,121.0040852266763],"image-00059.jpg":[24.839004743122402,121.0047990153052],"image-00090.jpg":[24.839219044485215,121.00433446062067],"image-00123.jpg":[24.839395056671528,121.00394068180888],"image-00118.jpg":[24.839371913389265,121.0039943755759],"image-00043.jpg":[24.838874550706638,121.00508432944432],"image-00064.jpg":[24.83904276423959,121.00471655631824],"image-00075.jpg":[24.83912177506647,121.00454536771147],"image-00035.jpg":[24.83881131531521,121.00523099553845],"image-00010.jpg":[24.838855322335753,121.00548050261109],"image-00046.jpg":[24.838899074564566,121.00502874719024],"image-00114.jpg":[24.83935203145577,121.00403949554669],"image-00052.jpg":[24.838948797460887,121.00491964214511],"image-00099.jpg":[24.83927161943983,121.00421845481047],"image-00111.jpg":[24.839336673343293,121.0040736492861],"image-00112.jpg":[24.839341757878174,121.00406231920655],"image-00125.jpg":[24.83940499915969,121.00391831841799],"image-00083.jpg":[24.839174460881303,121.00443020333319],"image-00039.jpg":[24.838842219123936,121.0051589234343],"image-00062.jpg":[24.83902782403607,121.00474922969964],"image-00023.jpg":[24.83875966523926,121.00541377465419],"image-00105.jpg":[24.83930569831322,121.00414333504109],"image-00028.jpg":[24.83875193981928,121.0053534732169],"image-00120.jpg":[24.839381081109245,121.00397280814504],"image-00033.jpg":[24.838796247709837,121.005265508917],"image-00002.jpg":[24.838819198185956,121.00557799611913],"image-00079.jpg":[24.839148674593858,121.00448678294521],"image-00027.jpg":[24.83874943493707,121.0053677750866],"image-00057.jpg":[24.838989178654135,121.00483252832103],"image-00096.jpg":[24.839254210665093,121.00425732034437],"image-00004.jpg":[24.838832986099565,121.00555268044224],"image-00109.jpg":[24.839326333646067,121.00409692893925],"image-00093.jpg":[24.839236938421834,121.0042955301553],"image-00106.jpg":[24.839311003874897,121.00413160421186],"image-00045.jpg":[24.838891163424222,121.00504686769895],"image-00016.jpg":[24.83882775564033,121.00544812518623],"image-00053.jpg":[24.838956939662516,121.00490210442331],"image-00103.jpg":[24.83929471704926,121.00416748618531],"image-00081.jpg":[24.83916140741599,121.00445847671203],"image-00061.jpg":[24.839020164284012,121.0047658674936],"image-00014.jpg":[24.83884296710767,121.00545560439656],"image-00012.jpg":[24.838852384590254,121.00546534596538],"image-00044.jpg":[24.838882879393626,121.00506548975697],"image-00116.jpg":[24.839362178845814,121.00401668082964],"image-00074.jpg":[24.839114501719376,121.00456088979506],"image-00119.jpg":[24.839376533463284,121.00398353952016],"image-00030.jpg":[24.83877231081565,121.00531580853699],"image-00073.jpg":[24.839107707998167,121.00457563120955],"image-00088.jpg":[24.83920687881165,121.00436103353924],"image-00049.jpg":[24.838923735264984,121.00497399127245],"image-00042.jpg":[24.838866341137713,121.00510312351146],"image-00055.jpg":[24.838973068325785,121.0048671975536],"image-00067.jpg":[24.839064818935285,121.00466837784708],"image-00024.jpg":[24.838754455958792,121.00540390039899],"image-00097.jpg":[24.839259972268295,121.00424452412017],"image-00086.jpg":[24.839194190833737,121.00438806455165],"image-00068.jpg":[24.839072008756023,121.00465257730252],"image-00018.jpg":[24.838807706394793,121.0054414557388],"image-00060.jpg":[24.839012516699594,121.00478230554091],"image-00007.jpg":[24.838852315686516,121.00550963917655],"image-00122.jpg":[24.839390225928017,121.00395185093195],"image-00022.jpg":[24.83876728608991,121.00542162025833],"image-00015.jpg":[24.838836207882956,121.00545153486887],"image-00063.jpg":[24.839035368207774,121.00473281050161],"image-00100.jpg":[24.8392775935949,121.00420525363822],"image-00037.jpg":[24.838826556976223,121.00519530717881],"image-00115.jpg":[24.83935719253001,121.00402801917778],"image-00087.jpg":[24.83920065672975,121.0043743901165],"image-00011.jpg":[24.83885421150811,121.00547255886913],"image-00084.jpg":[24.83918093784265,121.0044162417629],"image-00091.jpg":[24.83922499012012,121.0043216350453],"image-00047.jpg":[24.838907279470103,121.00501056828483],"image-00038.jpg":[24.838834431671724,121.00517703058779],"image-00101.jpg":[24.839283533238405,121.0041922838169],"image-00017.jpg":[24.838818088640345,121.00544483810752],"image-00006.jpg":[24.838847229691023,121.00552273505768],"image-00072.jpg":[24.839100721125636,121.00459069339925],"image-00036.jpg":[24.838818657725632,121.00521336370677],"image-00056.jpg":[24.838981198831892,121.00484979629607],"image-00107.jpg":[24.83931603407659,121.00412012549586],"image-00003.jpg":[24.838823959103426,121.00556941936196],"image-00092.jpg":[24.839231027213874,121.00430843510853],"image-00121.jpg":[24.839385616691388,121.00396229483917],"image-00076.jpg":[24.839128862368216,121.00453022213881],"image-00041.jpg":[24.838858188545597,121.00512190851757],"image-00082.jpg":[24.839167950811103,121.00444430360693],"image-00032.jpg":[24.838789042649168,121.0052819084072],"image-00021.jpg":[24.83877676749105,121.00542759238422],"image-00108.jpg":[24.839321166246233,121.00410848967292],"image-00048.jpg":[24.838915537029656,121.0049923063444],"image-00026.jpg":[24.838749026105603,121.0053810273157],"image-00065.jpg":[24.839050102930404,121.00470031602165],"image-00089.jpg":[24.83921281897225,121.00434785396001],"image-00029.jpg":[24.83876300288719,121.0053339628425],"image-00071.jpg":[24.83909354161183,121.00460613125762],"image-00009.jpg":[24.83885594915303,121.00548896725948],"image-00113.jpg":[24.839346779970274,121.00405109946308],"image-00051.jpg":[24.838940514659253,121.00493760283086]}