{"image-00070.jpg":[24.839083239491924,121.00462078343949],"image-00095.jpg":[24.83918886826826,121.00432225169308],"image-00034.jpg":[24.838896269513725,121.0051580341625],"image-00102.jpg":[24.839215647993537,121.00424507079595],"image-00077.jpg":[24.839115169705806,121.00453104095249],"image-00058.jpg":[24.839024967775778,121.00478554868688],"image-00117.jpg":[24.839267348315897,121.00409515429274],"image-00008.jpg":[24.83886217721012,121.00550384074072],"image-00085.jpg":[24.839149230009404,121.00443440860116],"image-00020.jpg":[24.83885784047857,121.00536887169832],"image-00069.jpg":[24.8390786023729,121.00463380229291],"image-00013.jpg":[24.8388674716936,121.00545140496389],"image-00080.jpg":[24.839128002101724,121.00449420819882],"image-00050.jpg":[24.838982810892677,121.00490416497448],"image-00066.jpg":[24.839064450883544,121.00467399459856],"image-00005.jpg":[24.838851280348003,121.00553934940797],"image-00040.jpg":[24.838927985014337,121.00506380729786],"image-00025.jpg":[24.83885596218515,121.0052915546429],"image-00019.jpg":[24.838859178035754,121.00538282172323],"image-00094.jpg":[24.839185072956365,121.00433315155719],"image-00098.jpg":[24.839200268583546,121.00428914467685],"image-00104.jpg":[24.839222982053347,121.00422417587474],"image-00054.jpg":[24.839004175700712,121.004843984572],"image-00124.jpg":[24.83928966529674,121.00402877349194],"image-00001.jpg":[24.838836364081946,121.0055763949452],"image-00031.jpg":[24.838881168539515,121.00520069402822],"image-00078.jpg":[24.839119433096208,121.00451881289928],"image-00110.jpg":[24.839243742907215,121.00416384425978],"image-00059.jpg":[24.839030005951468,121.00477147292662],"image-00090.jpg":[24.839169550522996,121.00437730173127],"image-00123.jpg":[24.839286324944535,121.00403861214228],"image-00118.jpg":[24.839270610406533,121.00408548196584],"image-00043.jpg":[24.83894457028656,121.00501467891073],"image-00064.jpg":[24.839054775818422,121.00470149433878],"image-00075.jpg":[24.83910621888258,121.00455627819238],"image-00035.jpg":[24.838901474107224,121.00514263735576],"image-00010.jpg":[24.838865375834636,121.00548212375483],"image-00046.jpg":[24.838961009040343,121.0049666258185],"image-00114.jpg":[24.83925730167758,121.00412451981],"image-00052.jpg":[24.838993659671402,121.00487357075816],"image-00099.jpg":[24.839204121519924,121.00427810278646],"image-00111.jpg":[24.839247158261003,121.00415382395326],"image-00112.jpg":[24.83925052003301,121.00414409415426],"image-00125.jpg":[24.839292950895803,121.00401933677523],"image-00083.jpg":[24.83914069497832,121.00445820548873],"image-00039.jpg":[24.838922635045282,121.00507962967879],"image-00062.jpg":[24.839044987908938,121.00472932183645],"image-00023.jpg":[24.838854401376523,121.00532391304887],"image-00105.jpg":[24.8392265401069,121.00421390143444],"image-00028.jpg":[24.838863766395043,121.00524417949383],"image-00120.jpg":[24.83927689465444,121.00406655358842],"image-00033.jpg":[24.83889123902858,121.00517258247737],"image-00002.jpg":[24.838838220370054,121.00557194464332],"image-00079.jpg":[24.839123779556374,121.00450646623932],"image-00027.jpg":[24.838860494487363,121.00525960964433],"image-00057.jpg":[24.839019906711034,121.0047998221805],"image-00096.jpg":[24.839192595072834,121.00431150437616],"image-00004.jpg":[24.838846381205812,121.00555217206147],"image-00109.jpg":[24.839240266031258,121.00417389814822],"image-00093.jpg":[24.839181214392656,121.00434421282091],"image-00106.jpg":[24.83923003024227,121.00420386035793],"image-00045.jpg":[24.838955669530733,121.00498235888654],"image-00016.jpg":[24.838864630262126,121.00542048671193],"image-00053.jpg":[24.838998947463853,121.00485873410938],"image-00103.jpg":[24.839219332449943,121.00423452430613],"image-00081.jpg":[24.83913219159657,121.00448218392341],"image-00061.jpg":[24.83903999443668,121.0047434514069],"image-00014.jpg":[24.8388668155431,121.00544177920666],"image-00012.jpg":[24.838867458536676,121.00546127383234],"image-00044.jpg":[24.838950146334753,121.00499840436474],"image-00116.jpg":[24.839264053235702,121.00410485581828],"image-00074.jpg":[24.839101531423076,121.00456935874791],"image-00119.jpg":[24.839273770985873,121.00407598298932],"image-00030.jpg":[24.83887586626126,121.00521464500528],"image-00073.jpg":[24.839097108192547,121.00458187306698],"image-00088.jpg":[24.839161589631637,121.0043999224418],"image-00049.jpg":[24.83897730693679,121.0049196836677],"image-00042.jpg":[24.838939030141123,121.00503099294218],"image-00055.jpg":[24.83900944795552,121.00482913945561],"image-00067.jpg":[24.839069225850853,121.00466048487469],"image-00024.jpg":[24.838854970918078,121.00530768886503],"image-00097.jpg":[24.8391963921415,121.00430052939475],"image-00086.jpg":[24.83915342683698,121.00442268591223],"image-00068.jpg":[24.839073951415347,121.00464699982254],"image-00018.jpg":[24.838860984629292,121.00539625433278],"image-00060.jpg":[24.839035041810902,121.00475734738916],"image-00007.jpg":[24.838859206754265,121.00551523756062],"image-00122.jpg":[24.8392830530798,121.00404834880084],"image-00022.jpg":[24.838854784805072,121.00533959560249],"image-00015.jpg":[24.83886594943128,121.00543139680626],"image-00063.jpg":[24.83904991287152,121.00471536615507],"image-00100.jpg":[24.839208065198033,121.00426681102911],"image-00037.jpg":[24.838911951293625,121.00511139286698],"image-00115.jpg":[24.839260713815573,121.00411467454651],"image-00087.jpg":[24.83915756969304,121.00441120896033],"image-00011.jpg":[24.838866575471574,121.00547154164423],"image-00084.jpg":[24.839144897577267,121.00444638843504],"image-00091.jpg":[24.83917340426769,121.00436644080433],"image-00047.jpg":[24.83896642269016,121.0049510546886],"image-00038.jpg":[24.838917325052403,121.00509544478203],"image-00101.jpg":[24.839211946294586,121.00425577004782],"image-00017.jpg":[24.83886292784002,121.00540872960308],"image-00006.jpg":[24.838855468320396,121.00552710413868],"image-00072.jpg":[24.83909257700974,121.0045946230967],"image-00036.jpg":[24.83890660805441,121.00512705140733],"image-00056.jpg":[24.839014708294048,121.00481446010754],"image-00107.jpg":[24.83923340735618,121.0041939059623],"image-00003.jpg":[24.83884100007357,121.0055653155593],"image-00092.jpg":[24.83917735072721,121.00435519702796],"image-00121.jpg":[24.839279970175735,121.00405737892129],"image-00076.jpg":[24.839110793632518,121.00454350829872],"image-00041.jpg":[24.838933502791885,121.00504734076644],"image-00082.jpg":[24.83913645528812,121.00447016405661],"image-00032.jpg":[24.838886368685067,121.00518677611771],"image-00021.jpg":[24.838856002580673,121.00535449793978],"image-00108.jpg":[24.83923683882885,121.00418384194049],"image-00048.jpg":[24.838971864878538,121.00493542466228],"image-00026.jpg":[24.83885790164183,121.0052754338774],"image-00065.jpg":[24.839059627309336,121.00468759509332],"image-00089.jpg":[24.83916551891115,121.00438862901049],"image-00029.jpg":[24.838870162762714,121.00522929211516],"image-00071.jpg":[24.839087924385577,121.00460767507474],"image-00009.jpg":[24.838863938945316,121.00549294514457],"image-00113.jpg":[24.839253850648042,121.00413445028155],"image-00051.jpg":[24.838988253530445,121.00488880856355]}