{
    "image-00026.jpg": {
        "24.081923,120.539225": [
            62210.0, 
            62212.0, 
            62216.0, 
            62216.0, 
            60681.0, 
            61193.0, 
            61193.0, 
            62217.0, 
            62729.0, 
            62729.0, 
            61194.0, 
            62218.0, 
            62732.0, 
            65820.0, 
            65821.0, 
            65821.0, 
            65823.0, 
            62179.0, 
            65314.0, 
            66338.0, 
            66338.0, 
            65827.0, 
            66339.0, 
            65828.0, 
            65828.0, 
            66340.0, 
            66340.0, 
            66340.0, 
            65830.0, 
            66344.0, 
            66856.0, 
            66345.0, 
            66345.0, 
            66857.0, 
            66857.0, 
            66346.0, 
            66346.0, 
            66346.0, 
            66858.0, 
            66858.0, 
            66858.0, 
            66861.0, 
            66861.0, 
            66861.0, 
            65838.0, 
            65839.0, 
            66351.0, 
            66351.0, 
            66863.0, 
            66863.0, 
            63240.0, 
            66863.0, 
            54485.0, 
            59608.0, 
            65295.0, 
            57552.0, 
            63236.0, 
            65820.0, 
            62214.0, 
            64262.0, 
            63238.0, 
            65298.0
        ]
    }, 
    "image-00057.jpg": {
        "24.081745,120.538905": [
            66255.0, 
            66255.0, 
            64247.0, 
            64247.0, 
            65271.0, 
            65783.0, 
            65783.0, 
            68855.0, 
            68855.0, 
            68855.0, 
            68856.0, 
            69368.0, 
            69368.0, 
            69880.0, 
            70392.0, 
            70392.0, 
            66810.0, 
            67322.0, 
            67322.0, 
            67324.0, 
            68860.0, 
            68862.0, 
            63231.0, 
            64255.0, 
            64255.0, 
            66770.0, 
            68353.0, 
            64259.0, 
            64259.0, 
            64259.0, 
            64771.0, 
            64771.0, 
            67331.0, 
            68867.0, 
            68867.0, 
            64772.0, 
            68868.0, 
            68358.0, 
            68358.0, 
            65287.0, 
            65287.0, 
            69388.0, 
            69388.0, 
            75486.0, 
            65246.0, 
            65246.0, 
            65758.0, 
            65758.0, 
            65758.0, 
            65758.0, 
            68877.0, 
            68877.0, 
            69390.0, 
            66783.0, 
            66783.0, 
            69331.0, 
            61153.0, 
            61153.0, 
            66273.0, 
            66274.0, 
            66786.0, 
            66786.0, 
            66275.0, 
            66275.0, 
            66787.0, 
            67299.0, 
            66788.0, 
            67300.0, 
            68324.0, 
            67284.0, 
            68326.0, 
            68326.0, 
            69862.0, 
            69862.0, 
            62184.0, 
            65768.0, 
            65768.0, 
            65769.0, 
            65750.0, 
            60650.0, 
            69355.0, 
            69866.0, 
            69866.0, 
            68844.0, 
            66257.0, 
            66257.0, 
            67281.0, 
            68845.0, 
            68845.0, 
            68846.0, 
            68846.0, 
            69358.0, 
            64239.0, 
            68847.0, 
            68847.0, 
            62706.0, 
            63218.0, 
            66802.0, 
            62195.0, 
            62195.0, 
            67315.0, 
            65752.0, 
            65752.0, 
            66264.0, 
            66264.0, 
            62196.0, 
            67316.0, 
            67316.0, 
            68342.0, 
            68342.0, 
            68342.0, 
            69366.0, 
            69366.0, 
            69366.0, 
            64211.0, 
            66257.0, 
            66265.0
        ]
    }, 
    "image-00007.jpg": {
        "24.081791,120.539118": [
            66297.0, 
            67841.0, 
            66819.0, 
            61195.0, 
            70419.0, 
            65836.0, 
            67884.0, 
            67886.0, 
            69335.0, 
            66813.0, 
            64265.0, 
            62217.0, 
            65289.0, 
            62219.0, 
            62221.0, 
            63245.0, 
            61187.0, 
            61189.0, 
            62213.0, 
            62725.0, 
            66311.0, 
            61191.0, 
            62215.0, 
            63239.0
        ]
    }, 
    "image-00035.jpg": {
        "24.081894,120.539202": [
            63240.0, 
            63240.0, 
            63242.0, 
            63242.0, 
            67356.0, 
            65822.0, 
            65823.0, 
            65823.0, 
            66847.0, 
            67359.0, 
            66337.0, 
            66337.0, 
            70433.0, 
            65314.0, 
            66338.0, 
            64803.0, 
            65315.0, 
            65827.0, 
            65827.0, 
            66339.0, 
            65828.0, 
            65828.0, 
            65828.0, 
            66340.0, 
            66340.0, 
            67364.0, 
            67364.0, 
            64294.0, 
            64294.0, 
            66342.0, 
            66342.0, 
            66854.0, 
            64295.0, 
            64807.0, 
            65831.0, 
            65831.0, 
            66343.0, 
            66857.0, 
            66857.0, 
            64812.0, 
            66860.0, 
            65325.0, 
            66349.0, 
            66349.0, 
            66861.0, 
            66861.0, 
            66862.0, 
            66862.0, 
            66863.0, 
            66863.0, 
            67375.0, 
            67375.0, 
            67375.0, 
            65329.0, 
            66865.0, 
            69425.0, 
            62727.0, 
            63753.0, 
            63726.0, 
            65271.0
        ]
    }, 
    "image-00015.jpg": {
        "24.081711,120.539058": [
            66817.0, 
            76510.0, 
            76510.0, 
            69353.0, 
            63239.0, 
            61704.0, 
            60682.0, 
            64266.0, 
            64778.0, 
            63242.0, 
            61706.0, 
            64268.0, 
            59660.0, 
            60675.0, 
            61699.0, 
            60677.0, 
            61702.0, 
            65264.0
        ]
    }
}