{"image-00070.jpg":[22.66500001720907,120.31973730470023],"image-00095.jpg":[22.664920165215893,120.32033516505047],"image-00034.jpg":[22.665097303195154,120.31909194167616],"image-00102.jpg":[22.664900363996228,120.32049362448583],"image-00077.jpg":[22.664979379152665,120.31990217363526],"image-00058.jpg":[22.665036694173207,120.3194593341622],"image-00117.jpg":[22.66486381076858,120.32078920673787],"image-00008.jpg":[22.665105346093426,120.31903121131205],"image-00085.jpg":[22.66495275998695,120.3200939477284],"image-00020.jpg":[22.665105337869093,120.31903145880848],"image-00069.jpg":[22.66500227693125,120.31971908945293],"image-00013.jpg":[22.665105341662866,120.31903121401285],"image-00080.jpg":[22.664969967089117,120.31997209849403],"image-00050.jpg":[22.665060075122174,120.31930325548416],"image-00066.jpg":[22.665011923144235,120.31964751570823],"image-00005.jpg":[22.665105308487323,120.31903123634926],"image-00040.jpg":[22.66508746748359,120.31915254577072],"image-00025.jpg":[22.665103680216575,120.31904532066295],"image-00019.jpg":[22.665105288184407,120.31903131191822],"image-00094.jpg":[22.664923165934248,120.32031200743431],"image-00098.jpg":[22.66491138473132,120.32040790514282],"image-00104.jpg":[22.66489468131292,120.32053854626807],"image-00054.jpg":[22.665048861445236,120.31937538717244],"image-00124.jpg":[22.664849777949566,120.32090999949929],"image-00001.jpg":[22.665105313530518,120.31903121533762],"image-00031.jpg":[22.665100347023998,120.3190727862565],"image-00078.jpg":[22.664975690536615,120.31993011783877],"image-00110.jpg":[22.66487960118558,120.32065860851799],"image-00059.jpg":[22.665033699041775,120.31948101847706],"image-00090.jpg":[22.664935469876518,120.32021423240131],"image-00123.jpg":[22.664851603813197,120.32089433694662],"image-00118.jpg":[22.664861299751966,120.32080966056114],"image-00043.jpg":[22.66507990338272,120.3191945834467],"image-00064.jpg":[22.66501773722584,120.31960136706839],"image-00075.jpg":[22.664985365834458,120.31985588053375],"image-00035.jpg":[22.665095928650285,120.3191000981802],"image-00010.jpg":[22.665105390116675,120.31903116452315],"image-00046.jpg":[22.66507185585022,120.31923799818419],"image-00114.jpg":[22.664869994381363,120.32073721941381],"image-00052.jpg":[22.665054088891157,120.31933984643543],"image-00099.jpg":[22.66490860457472,120.32043004762306],"image-00111.jpg":[22.66487717108681,120.32067796309735],"image-00112.jpg":[22.664874495857042,120.32070063130483],"image-00125.jpg":[22.664848097697597,120.32092230391319],"image-00083.jpg":[22.664958888961234,120.32005212716439],"image-00039.jpg":[22.665089103429526,120.31914307527258],"image-00062.jpg":[22.66502437115994,120.3195501324546],"image-00023.jpg":[22.665104568085326,120.31903716947045],"image-00105.jpg":[22.664892672183363,120.320554303517],"image-00028.jpg":[22.66510226815904,120.31905949990349],"image-00120.jpg":[22.664857801087372,120.32083924177769],"image-00033.jpg":[22.665098460973265,120.31908484341106],"image-00002.jpg":[22.665105312923703,120.31903121643012],"image-00079.jpg":[22.664972599456114,120.31995341944847],"image-00027.jpg":[22.665102784036637,120.31905512928807],"image-00057.jpg":[22.665039960776316,120.31943366923994],"image-00096.jpg":[22.66491732761753,120.32035787427303],"image-00004.jpg":[22.66510530541739,120.31903121971698],"image-00109.jpg":[22.664881523601515,120.32064283465199],"image-00093.jpg":[22.664926018124806,120.32028881753315],"image-00106.jpg":[22.664889468840645,120.32057825621187],"image-00045.jpg":[22.665074552776023,120.31922320031867],"image-00016.jpg":[22.665105305655647,120.31903125019261],"image-00053.jpg":[22.665051391570657,120.31935723413983],"image-00103.jpg":[22.664897239928226,120.3205185067763],"image-00081.jpg":[22.664966119823028,120.3200003278468],"image-00061.jpg":[22.665027566316585,120.31952640512525],"image-00014.jpg":[22.665105328764636,120.31903122821299],"image-00012.jpg":[22.665105356841234,120.31903121060921],"image-00044.jpg":[22.665076803607857,120.31921158020293],"image-00116.jpg":[22.66486564139938,120.32077238853184],"image-00074.jpg":[22.66498809947988,120.31983285759117],"image-00119.jpg":[22.664859595819095,120.32082579817944],"image-00030.jpg":[22.66510102858651,120.31906832888527],"image-00073.jpg":[22.664990943085343,120.31980981634928],"image-00088.jpg":[22.664941858098445,120.32016747254323],"image-00049.jpg":[22.66506232453409,120.31929056397605],"image-00042.jpg":[22.66508232898632,120.3191807385166],"image-00055.jpg":[22.665045905831732,120.31939449457367],"image-00067.jpg":[22.66500886089731,120.3196699349532],"image-00024.jpg":[22.66510408214885,120.31904171905234],"image-00097.jpg":[22.664914555768203,120.32038078235911],"image-00086.jpg":[22.66494859117267,120.32012140876695],"image-00068.jpg":[22.665005736544153,120.31969195918103],"image-00018.jpg":[22.665105286208775,120.31903127564547],"image-00060.jpg":[22.665031321719216,120.31949878080002],"image-00007.jpg":[22.665105329920927,120.31903122143588],"image-00122.jpg":[22.66485372650344,120.32087511538872],"image-00022.jpg":[22.66510492569325,120.31903443196836],"image-00015.jpg":[22.665105199167698,120.3190313840339],"image-00063.jpg":[22.665021307859593,120.31957361549976],"image-00100.jpg":[22.66490613334546,120.32044764747499],"image-00037.jpg":[22.665092938570435,120.3191187614025],"image-00115.jpg":[22.66486782252717,120.32075489590433],"image-00087.jpg":[22.664945173093653,120.32014446828785],"image-00011.jpg":[22.66510537530851,120.3190311894453],"image-00084.jpg":[22.664955500530947,120.32007552682062],"image-00091.jpg":[22.66493243295071,120.32023762783182],"image-00047.jpg":[22.665068357635803,120.31925633525344],"image-00038.jpg":[22.665090904154425,120.31913165152625],"image-00101.jpg":[22.66490304472191,120.32047280896066],"image-00017.jpg":[22.665105291516827,120.31903124499296],"image-00006.jpg":[22.66510533753788,120.31903120379096],"image-00072.jpg":[22.664993709346014,120.31978716121253],"image-00036.jpg":[22.66509449900351,120.31910897789356],"image-00056.jpg":[22.66504285776544,120.3194139428085],"image-00107.jpg":[22.664887153402606,120.32059875125236],"image-00003.jpg":[22.665105310799767,120.31903121839247],"image-00092.jpg":[22.66492893710843,120.32026556864051],"image-00121.jpg":[22.66485553621105,120.32085910486805],"image-00076.jpg":[22.664982465489018,120.31987898644672],"image-00041.jpg":[22.66508472551804,120.31916755420684],"image-00082.jpg":[22.664962781927322,120.32002391592573],"image-00032.jpg":[22.665099442566035,120.31907878948178],"image-00021.jpg":[22.665105146116545,120.31903264649668],"image-00108.jpg":[22.66488450491423,120.32061905778608],"image-00048.jpg":[22.66506561973652,120.31927166998304],"image-00026.jpg":[22.66510333077492,120.31904990322414],"image-00065.jpg":[22.6650153642753,120.3196198918319],"image-00089.jpg":[22.664938051309335,120.32019579979034],"image-00029.jpg":[22.66510152677236,120.31906482273934],"image-00071.jpg":[22.66499721586395,120.3197599397653],"image-00009.jpg":[22.665105402244514,120.31903114254004],"image-00113.jpg":[22.664872227130648,120.32071906400022],"image-00051.jpg":[22.665057292904308,120.31931952545523]}