{"image-00070.jpg":[22.665003041555607,120.31973899128823],"image-00095.jpg":[22.66493869283489,120.3203129320632],"image-00034.jpg":[22.66508499333417,120.31911894559622],"image-00102.jpg":[22.664923178357952,120.32046498589543],"image-00077.jpg":[22.664986801037827,120.31989724009046],"image-00058.jpg":[22.665032512533077,120.31947211882165],"image-00117.jpg":[22.6648944015496,120.3207488012013],"image-00008.jpg":[22.665091444161217,120.31906065455006],"image-00085.jpg":[22.66496508279596,120.32008134639293],"image-00020.jpg":[22.665091444278556,120.31906089191719],"image-00069.jpg":[22.665004814057134,120.31972150748277],"image-00013.jpg":[22.66509143771143,120.31906065849627],"image-00080.jpg":[22.66497921420522,120.3199643549297],"image-00050.jpg":[22.665051978984092,120.31932230876879],"image-00066.jpg":[22.66501255567832,120.31965283758606],"image-00005.jpg":[22.665091401941307,120.31906068083433],"image-00040.jpg":[22.665076508643168,120.31917720437193],"image-00025.jpg":[22.66509016011142,120.3190741981162],"image-00019.jpg":[22.665091382699465,120.31906075355289],"image-00094.jpg":[22.66494107028172,120.32029071337234],"image-00098.jpg":[22.664931915650108,120.32038272030206],"image-00104.jpg":[22.66491870018029,120.32050809638218],"image-00054.jpg":[22.665042520971216,120.31939156331423],"image-00124.jpg":[22.66488399535104,120.32086449613692],"image-00001.jpg":[22.665091406680663,120.31906066059267],"image-00031.jpg":[22.66508758562827,120.31910054651894],"image-00078.jpg":[22.664983856358024,120.31992405406598],"image-00110.jpg":[22.664906712319386,120.32062341706471],"image-00059.jpg":[22.66503002711017,120.3194929698013],"image-00090.jpg":[22.66495076942018,120.32019686511799],"image-00123.jpg":[22.664885374499384,120.32084947743719],"image-00118.jpg":[22.664892493884256,120.32076839326149],"image-00043.jpg":[22.66506983499278,120.31921761401506],"image-00064.jpg":[22.665017133196592,120.31960854799675],"image-00075.jpg":[22.664991551024087,120.31985281653223],"image-00035.jpg":[22.665083828672817,120.31912676317971],"image-00010.jpg":[22.66509148919486,120.31906060980936],"image-00046.jpg":[22.665062564121325,120.31925944207416],"image-00114.jpg":[22.66489910534071,120.32069895476076],"image-00052.jpg":[22.665046832568386,120.3193574634993],"image-00099.jpg":[22.66492970274875,120.32040399061381],"image-00111.jpg":[22.664904758491836,120.32064202381082],"image-00112.jpg":[22.66490267004686,120.32066380291766],"image-00125.jpg":[22.66488268276579,120.32087627044382],"image-00083.jpg":[22.664970201642287,120.3200411701226],"image-00039.jpg":[22.665077973417205,120.31916807551272],"image-00062.jpg":[22.665022445883515,120.3195593476945],"image-00023.jpg":[22.665090816041463,120.31906637860567],"image-00105.jpg":[22.664917095458815,120.3205232309459],"image-00028.jpg":[22.665089164254617,120.31908779733752],"image-00120.jpg":[22.664889905179397,120.32079670685822],"image-00033.jpg":[22.665085983212762,120.31911212947466],"image-00002.jpg":[22.665091406049296,120.3190606616584],"image-00079.jpg":[22.664981363130188,120.3199464291691],"image-00027.jpg":[22.665089560951415,120.31908360264623],"image-00057.jpg":[22.665035094703416,120.31944748697285],"image-00096.jpg":[22.66493646192865,120.32033472896583],"image-00004.jpg":[22.66509139784704,120.3190606650517],"image-00109.jpg":[22.66490820397534,120.32060828147982],"image-00093.jpg":[22.6649433154139,120.3202684436485],"image-00106.jpg":[22.664914495977353,120.32054623795224],"image-00045.jpg":[22.66506498119584,120.3192451940233],"image-00016.jpg":[22.665091399396573,120.31906069412975],"image-00053.jpg":[22.665044587341946,120.31937413650351],"image-00103.jpg":[22.66492073473882,120.32048885619827],"image-00081.jpg":[22.664976107494493,120.31999144481517],"image-00061.jpg":[22.665025048896915,120.31953655377308],"image-00014.jpg":[22.665091423969965,120.31906067249531],"image-00012.jpg":[22.6650914543267,120.31906065480894],"image-00044.jpg":[22.6650670020201,120.319234019693],"image-00116.jpg":[22.66489574101955,120.32073267659652],"image-00074.jpg":[22.664993644282564,120.31983073039137],"image-00119.jpg":[22.664891294089358,120.32078384351493],"image-00030.jpg":[22.665088161953225,120.31909626397749],"image-00073.jpg":[22.664995889099902,120.3198086006638],"image-00088.jpg":[22.664955941187394,120.32015198585643],"image-00049.jpg":[22.66505396320901,120.31931010441289],"image-00042.jpg":[22.66507198063541,120.31920429222657],"image-00055.jpg":[22.665040072731404,120.31940987790011],"image-00067.jpg":[22.665010096643073,120.31967434036017],"image-00024.jpg":[22.66509045380159,120.31907074779869],"image-00097.jpg":[22.664934316731767,120.32035671025534],"image-00086.jpg":[22.66496154324162,120.3201077459988],"image-00068.jpg":[22.665007527681635,120.31969548625062],"image-00018.jpg":[22.66509137889862,120.31906071905809],"image-00060.jpg":[22.66502810485312,120.31951002533172],"image-00007.jpg":[22.66509142711899,120.31906066439248],"image-00122.jpg":[22.664886933361416,120.32083105190675],"image-00022.jpg":[22.66509109642063,120.31906375487486],"image-00015.jpg":[22.66509128109391,120.31906082967394],"image-00063.jpg":[22.66501998487985,120.31958189966932],"image-00100.jpg":[22.664927700797467,120.32042087093672],"image-00037.jpg":[22.665081240811084,120.31914471629601],"image-00115.jpg":[22.664897459782072,120.32071588280087],"image-00087.jpg":[22.664958702968725,120.32012988154911],"image-00011.jpg":[22.665091473954664,120.31906063397949],"image-00084.jpg":[22.664967384801724,120.32006364698441],"image-00091.jpg":[22.664948346133592,120.32021932361332],"image-00047.jpg":[22.665059328851004,120.31927715248403],"image-00038.jpg":[22.6650795263978,120.31915708614292],"image-00101.jpg":[22.664925310298717,120.32044500503606],"image-00017.jpg":[22.665091383489234,120.31906068963323],"image-00006.jpg":[22.66509143414741,120.319060647805],"image-00072.jpg":[22.664998070555203,120.31978683740223],"image-00036.jpg":[22.665082623032998,120.31913528047866],"image-00056.jpg":[22.665037527193444,120.31942852756788],"image-00107.jpg":[22.664912730299477,120.32056591985294],"image-00003.jpg":[22.665091403781197,120.31906066359699],"image-00092.jpg":[22.664945604880717,120.32024613567125],"image-00121.jpg":[22.664888249273556,120.32081572437087],"image-00076.jpg":[22.664989287053988,120.3198749793743],"image-00041.jpg":[22.66507408239523,120.31919163118823],"image-00082.jpg":[22.66497336932457,120.32001408896795],"image-00032.jpg":[22.665086804974916,120.31910632823782],"image-00021.jpg":[22.665091271489583,120.31906203926603],"image-00108.jpg":[22.664910569125485,120.32058544617719],"image-00048.jpg":[22.66505690154938,120.3192919049215],"image-00026.jpg":[22.6650899613102,120.319078586423],"image-00065.jpg":[22.665015241325527,120.31962633596844],"image-00089.jpg":[22.66495288337513,120.32017916795131],"image-00029.jpg":[22.665088565003977,120.31909290268618],"image-00071.jpg":[22.665000877854045,120.31976069386187],"image-00009.jpg":[22.665091501647183,120.31906058848642],"image-00113.jpg":[22.664900876380738,120.32068150967314],"image-00051.jpg":[22.665049576465144,120.31933792964813]}