{"image-00070.jpg":[22.66500798138477,120.31971592001412],"image-00095.jpg":[22.66494156570326,120.32028941650407],"image-00034.jpg":[22.665089978864575,120.31909910353056],"image-00102.jpg":[22.664925234187567,120.32044169202436],"image-00077.jpg":[22.664990903788258,120.31987437507956],"image-00058.jpg":[22.665038495922573,120.31944915839202],"image-00117.jpg":[22.664894884694608,120.32072594463506],"image-00008.jpg":[22.665096653935972,120.31904083841142],"image-00085.jpg":[22.664968715100837,120.32005810423554],"image-00020.jpg":[22.665096648426747,120.31904108142876],"image-00069.jpg":[22.66500985027244,120.31969840867731],"image-00013.jpg":[22.665096648436812,120.31904084092844],"image-00080.jpg":[22.664983087413326,120.31994142554984],"image-00050.jpg":[22.66505802124548,120.31930004304793],"image-00066.jpg":[22.66501782822285,120.31962979765527],"image-00005.jpg":[22.665096618474312,120.31904085593456],"image-00040.jpg":[22.665081627859987,120.31915688538294],"image-00025.jpg":[22.665095279216978,120.31905442258311],"image-00019.jpg":[22.665096600943752,120.31904092616952],"image-00094.jpg":[22.664944042517128,120.32026718918947],"image-00098.jpg":[22.664934352901305,120.32035938220932],"image-00104.jpg":[22.664920538222148,120.32048484766841],"image-00054.jpg":[22.665048616642597,120.31936887484156],"image-00124.jpg":[22.664883623891527,120.32084213145293],"image-00001.jpg":[22.665096622849713,120.31904083625204],"image-00031.jpg":[22.66509254334435,120.3190808347569],"image-00078.jpg":[22.664987852508546,120.31990118277974],"image-00110.jpg":[22.664907961110814,120.32060027847172],"image-00059.jpg":[22.665035959057388,120.31946995807996],"image-00090.jpg":[22.664954225904214,120.32017323326207],"image-00123.jpg":[22.664885110329834,120.32082705657118],"image-00118.jpg":[22.664892858258618,120.32074558822521],"image-00043.jpg":[22.665075188349633,120.31919679283013],"image-00064.jpg":[22.665022633735298,120.31958545682726],"image-00075.jpg":[22.664995853654354,120.31982993420635],"image-00035.jpg":[22.665088838744694,120.31910685348618],"image-00010.jpg":[22.66509669194403,120.31904080239403],"image-00046.jpg":[22.66506821707564,120.31923801377062],"image-00114.jpg":[22.66489992159117,120.32067593890369],"image-00052.jpg":[22.665052961917418,120.31933490600349],"image-00099.jpg":[22.664932031452892,120.3203806722345],"image-00111.jpg":[22.66490591435772,120.3206188972623],"image-00112.jpg":[22.664903682658625,120.3206407348096],"image-00125.jpg":[22.664882270670088,120.32085390163017],"image-00083.jpg":[22.66497387090999,120.3200180952494],"image-00039.jpg":[22.66508304949457,120.31914786286819],"image-00062.jpg":[22.665028161345337,120.31953625173372],"image-00023.jpg":[22.665096002408493,120.31904656062147],"image-00105.jpg":[22.66491886183732,120.32049998987806],"image-00028.jpg":[22.665094140665854,120.31906812741886],"image-00120.jpg":[22.66489006953397,120.3207740147546],"image-00033.jpg":[22.665090952990692,120.31909234194076],"image-00002.jpg":[22.665096622304844,120.31904083720411],"image-00079.jpg":[22.664985275464616,120.31992354340359],"image-00027.jpg":[22.665094565568598,120.31906391987589],"image-00057.jpg":[22.665041198438338,120.31942450603158],"image-00096.jpg":[22.664939218444303,120.3203112431799],"image-00004.jpg":[22.665096615472578,120.31904083887247],"image-00109.jpg":[22.664909543486583,120.32058510930449],"image-00093.jpg":[22.66494641359504,120.32024488262732],"image-00106.jpg":[22.664916182028378,120.32052297362162],"image-00045.jpg":[22.665070542043807,120.3192239587631],"image-00016.jpg":[22.665096616070137,120.31904086898984],"image-00053.jpg":[22.66505072559965,120.31935148601134],"image-00103.jpg":[22.664922664255734,120.32046559591913],"image-00081.jpg":[22.664979896423873,120.31996848024204],"image-00061.jpg":[22.665030839250594,120.31951348718437],"image-00014.jpg":[22.665096636796132,120.31904085223671],"image-00012.jpg":[22.665096662196273,120.3190408408051],"image-00044.jpg":[22.66507246703907,120.31921296182406],"image-00116.jpg":[22.66489636447994,120.32070972879589],"image-00074.jpg":[22.664998093792626,120.3198077804798],"image-00119.jpg":[22.664891510828475,120.32076114602413],"image-00030.jpg":[22.66509311814029,120.31907657676334],"image-00073.jpg":[22.66500046150862,120.31978561740036],"image-00088.jpg":[22.664959533398722,120.32012841832585],"image-00049.jpg":[22.66505994073175,120.31928798393304],"image-00042.jpg":[22.665077267638917,120.31918362590622],"image-00055.jpg":[22.66504617556819,120.31938709185737],"image-00067.jpg":[22.665015302007195,120.31965127501479],"image-00024.jpg":[22.665095601429776,120.3190509540432],"image-00097.jpg":[22.664936937702347,120.32033327781505],"image-00086.jpg":[22.664965181290388,120.32008435402948],"image-00068.jpg":[22.66501269217799,120.31967236118307],"image-00018.jpg":[22.665096598614454,120.3190408900047],"image-00060.jpg":[22.66503397686691,120.31948699787606],"image-00007.jpg":[22.665096639704707,120.31904084476847],"image-00122.jpg":[22.664886824194074,120.32080853263875],"image-00022.jpg":[22.665096294354036,120.31904393555045],"image-00015.jpg":[22.665096515175428,120.31904098137942],"image-00063.jpg":[22.665025606344916,120.31955880016903],"image-00100.jpg":[22.66492998957665,120.32039751706529],"image-00037.jpg":[22.66508628627616,120.3191246643903],"image-00115.jpg":[22.664898173232928,120.32069291238389],"image-00087.jpg":[22.66496232566375,120.3201063945944],"image-00011.jpg":[22.6650966788423,120.31904082379835],"image-00084.jpg":[22.66497102520832,120.32004048897485],"image-00091.jpg":[22.664951704835506,120.32019569505528],"image-00047.jpg":[22.66506513316245,120.31925542920783],"image-00038.jpg":[22.66508458640548,120.31913695381085],"image-00101.jpg":[22.664927457344145,120.32042170291189],"image-00017.jpg":[22.66509660307942,120.31904086088346],"image-00006.jpg":[22.66509664583745,120.31904082928708],"image-00072.jpg":[22.66500276888092,120.31976381602867],"image-00036.jpg":[22.665087647961595,120.31911531028521],"image-00056.jpg":[22.665043646042378,120.319405630008],"image-00107.jpg":[22.66491426585376,120.32054273561418],"image-00003.jpg":[22.665096620392795,120.31904083869028],"image-00092.jpg":[22.664948820449183,120.32022254492941],"image-00121.jpg":[22.66488826396474,120.32079312564841],"image-00076.jpg":[22.664993471826044,120.31985212957488],"image-00041.jpg":[22.66507929305934,120.31917112344445],"image-00082.jpg":[22.664977112453197,120.31999106351913],"image-00032.jpg":[22.665091764064783,120.3190865815432],"image-00021.jpg":[22.66509647882677,120.31904221765132],"image-00108.jpg":[22.6649120266549,120.32056225009222],"image-00048.jpg":[22.665062788757094,120.31926999925835],"image-00026.jpg":[22.665095012968354,120.31905887222703],"image-00065.jpg":[22.665020659085794,120.31960325292555],"image-00089.jpg":[22.664956380499873,120.32015557820168],"image-00029.jpg":[22.66509352822059,120.31907322336984],"image-00071.jpg":[22.665005693445543,120.31973766678233],"image-00009.jpg":[22.66509670268795,120.31904078329552],"image-00113.jpg":[22.664901789926052,120.32065846851867],"image-00051.jpg":[22.665055679030512,120.31931551003092]}