{
    "image-00041.jpg": {
        "25.128077,121.751315": [
            67063.0, 
            64504.0, 
            65016.0, 
            64985.0, 
            66012.0, 
            66012.0, 
            64989.0, 
            54772.0, 
            60913.0, 
            66545.0, 
            53210.0, 
            66526.0, 
            54238.0, 
            65011.0, 
            66035.0, 
            54753.0, 
            56280.0, 
            66038.0, 
            56820.0, 
            67064.0, 
            53212.0, 
            61409.0, 
            57314.0, 
            65524.0, 
            54776.0, 
            53752.0, 
            55800.0, 
            64505.0, 
            60917.0, 
            54751.0, 
            54774.0, 
            65014.0
        ]
    }, 
    "image-00036.jpg": {
        "25.128084,121.751221": [
            53238.0, 
            54262.0, 
            57336.0, 
            55288.0, 
            56312.0, 
            66044.0, 
            67068.0, 
            62431.0, 
            63455.0, 
            64479.0, 
            65503.0, 
            60383.0, 
            62433.0, 
            63457.0, 
            60386.0, 
            61410.0, 
            61988.0, 
            67049.0, 
            56812.0, 
            59372.0, 
            58350.0, 
            63982.0, 
            60401.0, 
            61425.0, 
            62961.0, 
            63985.0, 
            65010.0, 
            58355.0, 
            59379.0, 
            53236.0, 
            54260.0, 
            56308.0, 
            65012.0, 
            63989.0, 
            66549.0, 
            59863.0, 
            61983.0, 
            57827.0, 
            63992.0, 
            61986.0, 
            57829.0, 
            60966.0, 
            61469.0
        ]
    }
}