{"image-00041.jpg":{"25.128077,121.751315":[8.110103607177734,-73.13126373291016,-1.806277871131897,8.037389755249023,-81.60498809814453,3.0202348232269287,8.066234588623047,-81.89785766601562,2.020207643508911,7.167083263397217,-13.813794136047363,0.38203465938568115,7.129361152648926,-15.07376766204834,6.790656925659277e-8,7.129361152648926,-15.07376766204834,6.790656925659277e-8,7.100918292999268,-15.503047943115234,0.4186007082462311,1414153097860612000,-9533446410515513000,2667127411816005600,8.319774627685547,-44.685428619384766,5.606135368347168,8.336302757263184,-44.774200439453125,-0.5589327812194824,7.030643939971924,-13.967490196228027,4.953828811645508,7.099087715148926,-16.01528549194336,-0.2149912416934967,6.963840961456299,-15.710173606872559,4.983392238616943,7.864891529083252,-48.88020706176758,1.2153749465942383,7.899450302124023,-49.09498977661133,-3.1234395692081307e-7,6.900705814361572,-17.25572395324707,5.1429948806762695,7.096240043640137,-13.276131629943848,3.575007200241089,8.006035804748535,-64.91122436523438,4.2516276721471513e-7,7.597854137420654,-51.2205696105957,11.627819061279297,7.286933898925781,-73.9854965209961,-1.8250317573547363,6.993224143981934,-14.785930633544922,5.181655406951904,6.979025840759277,-17.451570510864258,2.084362030029297,6.9062981605529785,-17.90390396118164,4.062502861022949,7.909977912902832,-53.324745178222656,0.6615855097770691,944665755968864300,-9591352190392336000,2667127961571819500,937965469548150800,-9523324306470207000,2902846761892577300,950796976402726900,-9653603240222130000,2429801675251253000,8.316781997680664,-96.57780456542969,3.57033634185791,7.760970115661621,-57.143157958984375,7.112641334533691,6.9478654861450195,-16.20814323425293,4.880132675170898,1179764844048416800,-9565280570674512000,2667127961571819500,7.9604082107543945,-64.5412826538086,1.5964062213897705]},"image-00036.jpg":{"25.128084,121.751221":[1257016668454912000,-9449826352199893000,3020045355564663000,1266410758363676700,-9520449083563573000,2785182525046128600,7.785558700561523,-79.2524185180664,14.854355812072754,1039422423964844000,-9613740446157111000,2548642664417329000,1045832508035301400,-9673030511173304000,2310566511166619600,7.579278945922852,-134.5110626220703,-0.0001898509362945333,4.260263442993164,-77.9497299194336,-1.6835447549819946,4012438712272027600,-9119442899262505000,857959231075123200,4019709782666510300,-9135968559027978000,613193717800501200,4024559453578723300,-9146991163096433000,368058115783917600,4026985525985411000,-9152504114398102000,122701726678515710,3990651064733925400,-9069925293593985000,1345793298865848300,3787427780816273400,-9215166931332497000,857959299794600000,3794291207274758000,-9231865764179345000,613193305483640800,3654108147657736000,-9210663881460941000,1345793161426894800,3665187376575021000,-9238590377294823000,1102207973884690400,-4173803313642340400,-9046727247515353000,857960124428320800,10.232076644897461,-42.749534606933594,-0.8525146245956421,9.159031867980957,-43.70028305053711,7.93829870223999,9.165040016174316,-43.72332763671875,5.6918158531188965,8.439362525939941,-44.43111038208008,6.681690692901611,8.451342582702637,-44.482173919677734,1.7655632495880127,7.761382102966309,-47.83871078491211,5.307201862335205,7.785390853881836,-47.96117401123047,4.347309112548828,7.821457386016846,-48.1451301574707,2.9054458141326904,7.845578193664551,-48.26815414428711,1.9411545991897583,7.890208721160889,-51.20041275024414,1.0408835411071777,7.734327793121338,-53.37985610961914,8.289386749267578,7.761828422546387,-53.54096603393555,7.189974308013916,1488548253619191800,-9416131818366697000,3020045355564663000,7.627959728240967,-56.2060432434082,13.714978218078613,7.687842845916748,-56.5848503112793,11.32262897491455,7.527177333831787,-55.56850814819336,1.1450875997543335,7.497030258178711,-59.336360931396484,2.47441029548645,8.022743225097656,-62.94874954223633,-0.6630436778068542,4851976038340624000,-8620056812554551000,1467291670197305300,-3611196407848894500,-9285642877893870000,857959918269890600,12.187058448791504,-40.71043014526367,6.648643493652344,8.071157455444336,-81.89395141601562,3.5774948596954346,-3950528236168937500,-9146433160945336000,857959849550413800,11.54311466217041,-41.348777770996094,6.723490238189697,-4383953245937074000,-8919982693890916000,1102209416993701900,-3378399009923137500,-9360860468350026000,980157991313473500]}}