{
    "image-00078.jpg": {
        "24.993574,121.505400": [
            78543.0, 
            77011.0, 
            63255.0, 
            64791.0, 
            65303.0, 
            64280.0, 
            64792.0, 
            63257.0, 
            64281.0, 
            64793.0, 
            64282.0, 
            65306.0, 
            63260.0, 
            64284.0, 
            64796.0, 
            63261.0, 
            64285.0, 
            64797.0, 
            63774.0, 
            64286.0, 
            64798.0, 
            63263.0, 
            64287.0, 
            64799.0, 
            65311.0, 
            64289.0, 
            65313.0, 
            65825.0, 
            63266.0, 
            64802.0, 
            65314.0, 
            63779.0, 
            65315.0, 
            64292.0, 
            64804.0, 
            64807.0, 
            65831.0
        ]
    }, 
    "image-00082.jpg": {
        "24.993687,121.505040": [
            69327.0, 
            67279.0, 
            68303.0, 
            63188.0, 
            64212.0, 
            61652.0, 
            69349.0, 
            67301.0, 
            58597.0, 
            68325.0, 
            65765.0, 
            58091.0, 
            53995.0, 
            58603.0, 
            68320.0, 
            55025.0, 
            54513.0, 
            65254.0, 
            60646.0, 
            57067.0, 
            60651.0, 
            58097.0, 
            61651.0, 
            60113.0, 
            66775.0, 
            63719.0, 
            54503.0, 
            60630.0, 
            64214.0, 
            60118.0, 
            62678.0, 
            58604.0, 
            55532.0, 
            56556.0, 
            69842.0, 
            70866.0, 
            69339.0, 
            68315.0, 
            60117.0, 
            59629.0, 
            53997.0, 
            55021.0, 
            63720.0, 
            66792.0, 
            67304.0, 
            65768.0, 
            60653.0, 
            65755.0, 
            55528.0, 
            56552.0, 
            57064.0, 
            64216.0, 
            61656.0, 
            59123.0, 
            54504.0, 
            62696.0, 
            59091.0, 
            55534.0, 
            56558.0, 
            60660.0, 
            61684.0, 
            67299.0, 
            68323.0, 
            60649.0, 
            59631.0, 
            61167.0, 
            55023.0, 
            60655.0, 
            66785.0, 
            67297.0, 
            68321.0, 
            65761.0, 
            56564.0, 
            66777.0, 
            65753.0, 
            59088.0, 
            69332.0, 
            67284.0, 
            65236.0, 
            68308.0, 
            65748.0, 
            66788.0, 
            64228.0, 
            65764.0, 
            53993.0, 
            61161.0, 
            67305.0, 
            65759.0, 
            57066.0, 
            65770.0, 
            59119.0, 
            69844.0, 
            62676.0, 
            64218.0, 
            56554.0, 
            57584.0, 
            55525.0, 
            56037.0, 
            69330.0, 
            66770.0, 
            67282.0, 
            65234.0, 
            68306.0, 
            65746.0, 
            60625.0, 
            69329.0, 
            66769.0, 
            67281.0, 
            62673.0, 
            68305.0, 
            65750.0, 
            55019.0, 
            56560.0, 
            65776.0, 
            61686.0
        ]
    }, 
    "image-00079.jpg": {
        "24.993646,121.505196": [
            62724.0, 
            62213.0, 
            61705.0, 
            58122.0, 
            64266.0, 
            62732.0, 
            62732.0, 
            62732.0, 
            58637.0, 
            58637.0, 
            58637.0, 
            59149.0, 
            59149.0, 
            59149.0, 
            59149.0, 
            60173.0, 
            60173.0, 
            60173.0, 
            60173.0, 
            60685.0, 
            60685.0, 
            60685.0, 
            60685.0, 
            62221.0, 
            62221.0, 
            62221.0, 
            58126.0, 
            58126.0, 
            58126.0, 
            58638.0, 
            58638.0, 
            59150.0, 
            59150.0, 
            59150.0, 
            60174.0, 
            60174.0, 
            60174.0, 
            61198.0, 
            61198.0, 
            61198.0, 
            61710.0, 
            61710.0, 
            58127.0, 
            58127.0, 
            58127.0, 
            60687.0, 
            60687.0, 
            60687.0, 
            60687.0, 
            61711.0, 
            66831.0, 
            66831.0, 
            57617.0, 
            58129.0, 
            58129.0, 
            59153.0, 
            59153.0, 
            63249.0, 
            57618.0, 
            58130.0, 
            58130.0, 
            58130.0, 
            58642.0, 
            58642.0, 
            58642.0, 
            59154.0, 
            59154.0, 
            59154.0, 
            62226.0, 
            62226.0, 
            62226.0, 
            63250.0, 
            63250.0, 
            63250.0, 
            57619.0, 
            58131.0, 
            58131.0, 
            58131.0, 
            59155.0, 
            59155.0, 
            59155.0, 
            60179.0, 
            60179.0, 
            60179.0, 
            61203.0, 
            61203.0, 
            61203.0, 
            62739.0, 
            57620.0, 
            58132.0, 
            58132.0, 
            58644.0, 
            58644.0, 
            59156.0, 
            59156.0, 
            62228.0, 
            62228.0, 
            57622.0, 
            58133.0, 
            58133.0, 
            58646.0, 
            58646.0, 
            59158.0, 
            59158.0, 
            59158.0, 
            61206.0, 
            61206.0, 
            61206.0, 
            63254.0, 
            63254.0, 
            63254.0, 
            63254.0, 
            64278.0, 
            64278.0, 
            64278.0, 
            57623.0, 
            58135.0, 
            58135.0, 
            58647.0, 
            58647.0, 
            59159.0, 
            59159.0, 
            59159.0, 
            59159.0, 
            60183.0, 
            60183.0, 
            60183.0, 
            60183.0, 
            60695.0, 
            60695.0, 
            60695.0, 
            60695.0, 
            64279.0, 
            64279.0, 
            64791.0, 
            64791.0, 
            64791.0, 
            57624.0, 
            58136.0, 
            58136.0, 
            60184.0, 
            60184.0, 
            60184.0, 
            65816.0, 
            65816.0, 
            57625.0, 
            58137.0, 
            58137.0, 
            58649.0, 
            58649.0, 
            59161.0, 
            59161.0, 
            60697.0, 
            60697.0, 
            60697.0, 
            60697.0, 
            65305.0, 
            57626.0, 
            58651.0, 
            58651.0, 
            59162.0, 
            59162.0, 
            60699.0, 
            60699.0, 
            60699.0, 
            60699.0, 
            58140.0, 
            58140.0, 
            58140.0, 
            58652.0, 
            58652.0, 
            59164.0, 
            59164.0, 
            60188.0, 
            60188.0, 
            60700.0, 
            60700.0, 
            60700.0, 
            60700.0, 
            61212.0, 
            61212.0, 
            61212.0, 
            61212.0, 
            57629.0, 
            57629.0, 
            58141.0, 
            58141.0, 
            58141.0, 
            58141.0, 
            59165.0, 
            59165.0, 
            60701.0, 
            60701.0, 
            60701.0, 
            60701.0, 
            65821.0, 
            65821.0, 
            65821.0, 
            58142.0, 
            58142.0, 
            58142.0, 
            59166.0, 
