{
    "image-00124.jpg": {
        "25.131612,121.458450": [
            65290.0, 
            65802.0, 
            65802.0, 
            66314.0, 
            66314.0, 
            64268.0, 
            65292.0, 
            65292.0, 
            65804.0, 
            65804.0, 
            65804.0, 
            66316.0, 
            66316.0, 
            66316.0, 
            66316.0, 
            64781.0, 
            65293.0, 
            65805.0, 
            65805.0, 
            66317.0, 
            66317.0, 
            66317.0, 
            66317.0, 
            66829.0, 
            66829.0, 
            65294.0, 
            65806.0, 
            65806.0, 
            66318.0, 
            66318.0, 
            66318.0, 
            66318.0, 
            66830.0, 
            66830.0, 
            65807.0, 
            65807.0, 
            65807.0, 
            65810.0, 
            65810.0, 
            66322.0, 
            66322.0, 
            66322.0, 
            66322.0, 
            65811.0, 
            67348.0, 
            67349.0, 
            63265.0, 
            64289.0, 
            61730.0, 
            61730.0, 
            63266.0, 
            63266.0, 
            64291.0, 
            64291.0, 
            63268.0, 
            63268.0, 
            66344.0, 
            65321.0, 
            65321.0, 
            64810.0, 
            64810.0, 
            65323.0, 
            65323.0, 
            66346.0, 
            66346.0, 
            54574.0, 
            54574.0, 
            55086.0, 
            64302.0, 
            54575.0, 
            54575.0, 
            54575.0, 
            54577.0, 
            54577.0, 
            55089.0
        ]
    }, 
    "image-00125.jpg": {
        "25.131692,121.458459": [
            66311.0, 
            66823.0, 
            66312.0, 
            66824.0, 
            66824.0, 
            66825.0, 
            66825.0, 
            66314.0, 
            67338.0, 
            66316.0, 
            66316.0, 
            66316.0, 
            66318.0, 
            66318.0, 
            66318.0, 
            66318.0, 
            66830.0, 
            66830.0, 
            65812.0, 
            66328.0, 
            62242.0, 
            62242.0, 
            63266.0, 
            63266.0, 
            62755.0, 
            62755.0, 
            63267.0, 
            63267.0, 
            63267.0, 
            63268.0, 
            63268.0, 
            63268.0, 
            62245.0, 
            62245.0, 
            62245.0, 
            62245.0, 
            65321.0, 
            65321.0, 
            63278.0, 
            63278.0, 
            63279.0
        ]
    }, 
    "image-00109.jpg": {
        "25.131219,121.458468": []
    }, 
    "image-00011.jpg": {
        "25.129116,121.459805": []
    }, 
    "image-00072.jpg": {
        "25.130358,121.458888": [
            68303.0, 
            67289.0, 
            68825.0, 
            67290.0, 
            68826.0, 
            68316.0, 
            68828.0, 
            68317.0, 
            68317.0, 
            68317.0, 
            68829.0, 
            68829.0, 
            67294.0, 
            68318.0, 
            68318.0, 
            68318.0, 
            68307.0, 
            68819.0, 
            66260.0, 
            67284.0, 
            67284.0, 
            65238.0, 
            68822.0, 
            67281.0, 
            68305.0, 
            68305.0, 
            68311.0, 
            68311.0, 
            68824.0, 
            68824.0
        ]
    }, 
    "image-00116.jpg": {
        "25.131444,121.458444": [
            65790.0, 
            66317.0, 
            66829.0, 
            66829.0, 
            66318.0, 
            66318.0, 
            66830.0, 
            66830.0, 
            67342.0, 
            67342.0, 
            67342.0, 
            66319.0, 
            66319.0, 
            67343.0, 
            67343.0, 
            67343.0, 
            67343.0, 
            64786.0, 
            67346.0, 
            67346.0, 
            66835.0, 
            66835.0, 
            65300.0, 
            66324.0, 
            66836.0, 
            66326.0, 
            66838.0, 
            67350.0, 
            64791.0, 
            65303.0, 
            66327.0, 
            64792.0, 
            66328.0, 
            64801.0, 
            64290.0, 
            64290.0, 
            64802.0, 
            64291.0, 
            65316.0, 
            65316.0, 
            62761.0, 
            63273.0, 
            64297.0, 
            64297.0, 
            64809.0, 
            65321.0, 
            62762.0, 
            64811.0, 
            71405.0, 
            71405.0, 
            70893.0, 
            70893.0, 
            70385.0, 
            70385.0, 
            70385.0, 
            70897.0, 
            70897.0, 
            70387.0, 
            70387.0, 
            70387.0, 
            70388.0, 
            70388.0
        ]
    }, 
    "image-00043.jpg": {
        "25.129705,121.459391": []
    }, 
    "image-00075.jpg": {
        "25.130435,121.458837": [
            66767.0, 
            68825.0, 
            68826.0, 
            66770.0, 
            67282.0, 
            67282.0, 
            67282.0, 
            68306.0, 
            68306.0, 
            68830.0, 
            68307.0, 
            68307.0, 
            67796.0, 
            68308.0, 
            68308.0, 
            68310.0, 
            68822.0, 
            68822.0, 
            67281.0, 
            67281.0, 
            67281.0, 
            67281.0, 
            68305.0, 
            68312.0, 
            68312.0, 
            68824.0, 
            68824.0
        ]
    }, 
    "image-00010.jpg": {
        "25.129292,121.459717": [
            68372.0, 
            66325.0, 
            66327.0
        ]
    }, 
    "image-00035.jpg": {
        "25.129580,121.459505": [
            61702.0, 
            62228.0, 
            62230.0, 
            61716.0, 
            61205.0, 
            60693.0
        ]
    },