{
    "image-00112.jpg": {
        "25.139163,121.501621": [
            64994.0, 
            64995.0, 
            61414.0, 
            60903.0, 
            61927.0, 
            63463.0, 
            63464.0, 
            61417.0, 
            61929.0, 
            62954.0, 
            64494.0, 
            65522.0, 
            66034.0
        ]
    }, 
    "image-00117.jpg": {
        "25.139238,121.501542": [
            62927.0, 
            62937.0, 
            64473.0, 
            61914.0, 
            61906.0, 
            64466.0, 
            64978.0, 
            65490.0, 
            61404.0, 
            64476.0, 
            64477.0, 
            64989.0, 
            66525.0, 
            67037.0, 
            58846.0, 
            59358.0, 
            64990.0, 
            58847.0, 
            60383.0, 
            61407.0, 
            64479.0, 
            61395.0, 
            61409.0, 
            63969.0, 
            64481.0, 
            66529.0, 
            59362.0, 
            60386.0, 
            60387.0, 
            60899.0, 
            64995.0, 
            64980.0, 
            57830.0, 
            60902.0, 
            61414.0, 
            67046.0, 
            60903.0, 
            61417.0, 
            60374.0, 
            62422.0, 
            63446.0, 
            64981.0, 
            60907.0, 
            62954.0, 
            62444.0, 
            64492.0, 
            65489.0, 
            60910.0, 
            60887.0, 
            65010.0, 
            65522.0, 
            61400.0, 
            62936.0
        ]
    }, 
    "image-00125.jpg": {
        "25.139245,121.501490": [
            68047.0, 
            57820.0, 
            57820.0, 
            58847.0, 
            55844.0, 
            55844.0, 
            67540.0, 
            67540.0, 
            58408.0, 
            58408.0, 
            61481.0, 
            60974.0, 
            54761.0, 
            67542.0, 
            67542.0, 
            54769.0, 
            68568.0, 
            68568.0, 
            63473.0, 
            67549.0, 
            68061.0, 
            59913.0, 
            59401.0, 
            59401.0, 
            55767.0, 
            68055.0, 
            68055.0, 
            55255.0, 
            56791.0, 
            57902.0, 
            59378.0, 
            57903.0, 
            56786.0, 
            55771.0, 
            67053.0, 
            62957.0, 
            68065.0, 
            54258.0, 
            58892.0, 
            66523.0, 
            58870.0, 
            60406.0, 
            59382.0, 
            63961.0, 
            66009.0, 
            67555.0, 
            64478.0, 
            68062.0, 
            53719.0, 
            55765.0, 
            68053.0, 
            68053.0, 
            68053.0, 
            55800.0, 
            56824.0, 
            53240.0, 
            55769.0, 
            55257.0, 
            66512.0, 
            67024.0, 
            66000.0, 
            56784.0, 
            57300.0, 
            66527.0, 
            56804.0, 
            60380.0, 
            55764.0, 
            55252.0, 
            53720.0, 
            55845.0, 
            55845.0, 
            66522.0, 
            60378.0, 
            57306.0, 
            63959.0, 
            66519.0, 
            54231.0, 
            56358.0, 
            63973.0, 
            60389.0, 
            66525.0, 
            64477.0, 
            57309.0, 
            57821.0, 
            57821.0, 
            58850.0
        ]
    }
}