{"image-00112.jpg":{"25.139163,121.501621":[9.573592185974121,-24.818605422973633,0.6530194878578186,9.286169052124023,-24.982267379760742,0.6542765498161316,8.407870292663574,-25.45098876953125,2.9724879264831543,8.114339828491211,-25.613567352294922,3.313868522644043,8.1167631149292,-25.621217727661133,2.647071123123169,8.120381355285645,-25.63263702392578,1.6519094705581665,7.826356410980225,-25.800039291381836,1.6563823223114014,7.52619743347168,-25.95288848876953,2.996697425842285,7.527323246002197,-25.956768035888672,2.6618459224700928,7.2321977615356445,-26.13380241394043,2.000199317932129,6.025815010070801,-26.834171295166016,1.0129733085632324,5.038487911224365,-29.037527084350586,0.3616865575313568,5.041621685028076,-29.055583953857422,-1.406117178248678e-7]},"image-00117.jpg":{"25.139238,121.501542":[9.302488327026367,-24.94352149963379,1.2063534259796143,7.562548637390137,-25.93589973449707,1.2021052837371826,7.5606255531311035,-25.932254791259766,0.600067138671875,7.389915466308594,-26.03754997253418,1.6061201095581055,8.780333518981934,-25.24448585510254,1.6067728996276855,8.776603698730469,-25.238685607910156,0.6005977988243103,8.775862693786621,-25.237531661987305,0.4002515971660614,8.77511978149414,-25.236377716064453,0.20006057620048523,7.042055606842041,-26.237592697143555,1.8111435174942017,7.038451194763184,-26.2301082611084,0.6011983752250671,6.863869667053223,-26.329694747924805,0.6017573475837708,6.863285541534424,-26.32844352722168,0.40102362632751465,6.861536979675293,-26.324695587158203,-0.20048964023590088,6.8609538078308105,-26.32344627380371,-0.40096643567085266,6.695284366607666,-26.443540573120117,2.8407692909240723,6.694697380065918,-26.442243576049805,2.6340060234069824,6.688365459442139,-26.428220748901367,0.4014574885368347,6.51979398727417,-26.54368782043457,2.8442835807800293,6.518083095550537,-26.53977394104004,2.225713014602661,6.5169525146484375,-26.537185668945312,1.8170381784439087,6.513596057891846,-26.529502868652344,0.6031524538993835,8.607015609741211,-25.344924926757812,1.8082811832427979,6.16467809677124,-26.738195419311523,1.8223680257797241,6.162013530731201,-26.73166275024414,0.806925356388092,6.1614837646484375,-26.730365753173828,0.6049197316169739,6.159366607666016,-26.725175857543945,-0.20154264569282532,5.989816188812256,-26.844518661499023,2.649491786956787,5.988760471343994,-26.84183692932129,2.2360291481018066,5.811141014099121,-26.943208694458008,2.2401669025421143,5.8106303215026855,-26.941862106323242,2.0341718196868896,5.80658483505249,-26.93120765686035,0.404559850692749,8.428117752075195,-25.435874938964844,0.39984872937202454,5.440506935119629,-27.742313385009766,3.4056284427642822,5.4438958168029785,-27.752334594726562,2.1129941940307617,5.444454193115234,-27.753984451293945,1.9000591039657593,5.450541019439697,-27.7719783782959,-0.4211183488368988,5.318382740020752,-28.046621322631836,2.142578601837158,5.056928634643555,-28.66262435913086,1.9830883741378784,8.087047576904297,-25.644681930541992,2.213141918182373,8.084283828735352,-25.639883041381836,1.4027618169784546,8.08291244506836,-25.637500762939453,1.0005834102630615,8.25445556640625,-25.534927368164062,0.3997385501861572,4.778448104858398,-29.312572479248047,2.2732677459716797,4.921578884124756,-28.98896026611328,1.339371681213379,4.6343584060668945,-29.659467697143555,1.6128897666931152,4.636288166046143,-29.666950225830078,0.6901087760925293,8.94929313659668,-25.137035369873047,0.20020660758018494,4.327366352081299,-30.370180130004883,2.3862221240997314,7.912662982940674,-25.742549896240234,2.0096864700317383,4.304380893707275,-35.57898712158203,0.6000511646270752,4.311319351196289,-35.617366790771484,0.3004314601421356,7.73827600479126,-25.840421676635742,1.8071415424346924,7.736299514770508,-25.8367862701416,1.2017139196395874]},"image-00125.jpg":{"25.139245,121.501490":[40.02912521362305,-12.571495056152344,-1.8163838386535645,57.41932678222656,-19.759302139282227,10.816824913024902,57.41932678222656,-19.759302139282227,10.816824913024902,53.29238510131836,-21.312034606933594,8.74766731262207,10.45770263671875,-26.049999237060547,3.0011253356933594,10.45770263671875,-26.049999237060547,3.0011253356933594,50.367435455322266,-14.594551086425781,-1.7381776571273804,50.367435455322266,-14.594551086425781,-1.7381776571273804,9.77357292175293,-26.12819480895996,2.1381473541259766,9.77357292175293,-26.12819480895996,2.1381473541259766,9.609618186950684,-26.15026092529297,1.2069350481033325,8.80445384979248,-26.237478256225586,1.3229262828826904,35.82286834716797,-23.491416931152344,9.283761978149414,50.50852966308594,-15.752792358398438,-1.742891550064087,50.50852966308594,-15.752792358398438,-1.742891550064087,26.796463012695312,-23.855730056762695,6.910579204559326,35.802520751953125,-16.540576934814453,-2.0042805671691895,35.802520751953125,-16.540576934814453,-2.0042805671691895,26.885875701904297,-23.886564254760742,1.5399349927902222,51.321292877197266,-19.898632049560547,-1.7795307636260986,44.082210540771484,-19.26888084411621,-2.0165443420410156,16.55561637878418,-25.38994026184082,2.24116587638855,16.555255889892578,-25.389680862426758,2.4476990699768066,16.555255889892578,-25.389680862426758,2.4476990699768066,65.97770690917969,-16.53689193725586,15.72879695892334,42.96428680419922,-16.23434829711914,-1.9541970491409302,42.96428680419922,-16.23434829711914,-1.9541970491409302,65.96391296386719,-16.536712646484375,16.54666519165039,66.00505828857422,-16.537250518798828,14.106748580932617,8.80233097076416,-26.23349952697754,2.2202422618865967,26.560657501220703,-24.096689224243164,3.9950242042541504,8.646355628967285,-26.250524520874023,2.209537982940674,79.82054138183594,-12.01394271850586,17.227928161621094,58.90670394897461,-19.183368682861328,13.983309745788574,28.10963249206543,-22.961652755737305,-0.6371601819992065,28.065597534179688,-22.9488468170166,1.910962462425232,44.790771484375,-21.39853858947754,-2.062779426574707,26.508060455322266,-24.07782554626465,7.184123516082764,15.612704277038574,-25.423742294311523,2.537144184112549,59.13615798950195,-19.1976318359375,-0.6879857182502747,25.461809158325195,-24.959585189819336,4.184385776519775,25.476213455200195,-24.96556282043457,3.2773451805114746,25.466625213623047,-24.961584091186523,3.8810040950775146,62.427337646484375,-17.945110321044922,2.9121508598327637,62.47456741333008,-17.946884155273438,-0.000059516481996979564,43.943603515625,-22.3053035736084,-1.5206235647201538,54.710914611816406,-20.83127212524414,1.9069114923477173,44.26219940185547,-19.792953491210938,-2.0277390480041504,65.9220199584961,-16.53616714477539,19.031129837036133,70.22454833984375,-14.947362899780273,16.792308807373047,42.577728271484375,-15.262495040893555,-1.935159683227539,42.577728271484375,-15.262495040893555,-1.935159683227539,42.577728271484375,-15.262495040893555,-1.935159683227539,24.494041442871094,-25.177207946777344,5.839353561401367,24.497163772583008,-25.1785945892334,5.235648155212402,24.48606300354004,-25.173667907714844,7.382458209991455,62.23454666137695,-17.937870025634766,14.800334930419922,62.22207260131836,-17.937400817871094,15.570054054260254,82.22119140625,-9.951125144958496,-0.9725288152694702,67.51222229003906,-11.023233413696289,-1.5832544565200806,82.19794464111328,-9.952828407287598,-0.00004705912942881696,81.77474975585938,-9.98371410369873,17.69355583190918,75.25798034667969,-14.005285263061523,15.261123657226562,53.429561614990234,-21.327346801757812,-0.620464563369751,42.29770278930664,-22.53251838684082,8.914436340332031,57.471961975097656,-19.763225555419922,7.392817974090576,75.19727325439453,-14.006725311279297,18.0418758392334,75.17683410644531,-14.007213592529297,18.97879981994629,63.996299743652344,-17.257347106933594,18.451282501220703,10.28281307220459,-26.069080352783203,2.9811723232269287,10.28281307220459,-26.069080352783203,2.9811723232269287,60.76359558105469,-18.590269088745117,-0.7075096964836121,60.62797927856445,