{"image-00070.jpg":[24.095060310402086,120.69752468148144],"image-00095.jpg":[24.09535190427894,120.69716023507873],"image-00034.jpg":[24.09476017639884,120.69808531769445],"image-00102.jpg":[24.09542728399186,120.69706630253097],"image-00077.jpg":[24.095145170155373,120.69741739009875],"image-00111.jpg":[24.09552171131764,120.69695026757432],"image-00117.jpg":[24.09558028081148,120.69687883824135],"image-00008.jpg":[24.094705732239607,120.69837327839929],"image-00085.jpg":[24.095239801426814,120.69729995990946],"image-00020.jpg":[24.0947212218057,120.69824844527821],"image-00069.jpg":[24.095048107178947,120.69754025275955],"image-00013.jpg":[24.094710782978368,120.69832262737214],"image-00080.jpg":[24.095180984265692,120.6973727949246],"image-00050.jpg":[24.09485027314595,120.69785150649477],"image-00066.jpg":[24.09501208146613,120.69758755336146],"image-00005.jpg":[24.094704019138693,120.69840084560593],"image-00040.jpg":[24.094784788105166,120.69800352738548],"image-00025.jpg":[24.094732415694136,120.69819368361084],"image-00019.jpg":[24.09471956293128,120.6982589278208],"image-00094.jpg":[24.095340920512907,120.69717388056606],"image-00098.jpg":[24.095384174695727,120.6971198975348],"image-00104.jpg":[24.095448694143045,120.69703990810909],"image-00054.jpg":[24.09488446525727,120.69778598882506],"image-00124.jpg":[24.095640456217318,120.69680569063081],"image-00001.jpg":[24.0947023658985,120.69842611462508],"image-00031.jpg":[24.0947497902324,120.69812346259513],"image-00078.jpg":[24.095157158220484,120.69740233119819],"image-00110.jpg":[24.095511484079367,120.69696278137907],"image-00059.jpg":[24.0949333751161,120.69770202295702],"image-00090.jpg":[24.095296740642066,120.69722915475089],"image-00123.jpg":[24.095632385420256,120.6968154256999],"image-00118.jpg":[24.095589458216644,120.69686769384978],"image-00043.jpg":[24.09480077604411,120.69796014527121],"image-00064.jpg":[24.094988862315713,120.697619590148],"image-00075.jpg":[24.095121070210364,120.69744758311677],"image-00035.jpg":[24.094763897145803,120.6980721830239],"image-00010.jpg":[24.09470804125592,120.69835349257629],"image-00046.jpg":[24.09481979096705,120.69791510256039],"image-00114.jpg":[24.09555166790653,120.69691379657826],"image-00052.jpg":[24.09486702237002,120.69781896669915],"image-00099.jpg":[24.095394962376236,120.69710644564762],"image-00058.jpg":[24.094923005643736,120.69771875506936],"image-00112.jpg":[24.095531979851916,120.69693785205308],"image-00125.jpg":[24.095647946176744,120.69679631983075],"image-00083.jpg":[24.095216492596087,120.69732877514255],"image-00039.jpg":[24.094780116511757,120.69801762957967],"image-00062.jpg":[24.09496610426705,120.69765208388833],"image-00023.jpg":[24.094727437002884,120.69821630422842],"image-00105.jpg":[24.095459265064317,120.69702680252298],"image-00028.jpg":[24.094740316670727,120.69816038219737],"image-00120.jpg":[24.095607313068562,120.69684601870634],"image-00033.jpg":[24.094756562321493,120.69809836372943],"image-00002.jpg":[24.09470243676767,120.69842470138221],"image-00079.jpg":[24.095169301075796,120.69738741412189],"image-00027.jpg":[24.094738069184515,120.69817032058734],"image-00057.jpg":[24.09491282677819,120.69773563543272],"image-00096.jpg":[24.09536272646281,120.6971467045719],"image-00004.jpg":[24.094703440731575,120.69840996794542],"image-00109.jpg":[24.09550107653874,120.69697538146576],"image-00093.jpg":[24.09532993597135,120.69718756342931],"image-00106.jpg":[24.095469640245017,120.69701380429939],"image-00045.jpg":[24.094813176927122,120.69793022250067],"image-00016.jpg":[24.094715028181813,120.69829058922988],"image-00053.jpg":[24.09487560623248,120.69780250969626],"image-00103.jpg":[24.095438003314644,120.6970530414859],"image-00081.jpg":[24.095192794697823,120.69735805452783],"image-00061.jpg":[24.09495500091365,120.69766857289049],"image-00014.jpg":[24.09471226852081,120.69831194675815],"image-00012.jpg":[24.094709737017347,120.69833307361861],"image-00044.jpg":[24.094806900662864,120.69794522502022],"image-00116.jpg":[24.09557105494371,120.69689017124502],"image-00074.jpg":[24.09510897136457,120.69746287296377],"image-00119.jpg":[24.095598447294908,120.69685673418093],"image-00030.jpg":[24.094746693177903,120.69813587549318],"image-00073.jpg":[24.095096948408973,120.69747809739144],"image-00088.jpg":[24.095274185273468,120.69725723983913],"image-00049.jpg":[24.09484221176657,120.69786759490512],"image-00042.jpg":[24.09479508205568,120.69797473271882],"image-00055.jpg":[24.094893620820507,120.6977693234532],"image-00067.jpg":[24.09502390884976,120.69757168507351],"image-00024.jpg":[24.094729839245314,120.69820509887401],"image-00097.jpg":[24.095373489670145,120.69713329219447],"image-00086.jpg":[24.09525130553659,120.69728568365079],"image-00068.jpg":[24.095035756630093,120.69755595797179],"image-00018.jpg":[24.09471797210658,120.69826942783581],"image-00060.jpg":[24.094944103520664,120.69768521632241],"image-00007.jpg":[24.094705260104494,120.69838274055012],"image-00122.jpg":[24.09562419290384,120.69682539192522],"image-00022.jpg":[24.094725209306674,120.69822721737738],"image-00015.jpg":[24.09471365497785,120.69830119293219],"image-00063.jpg":[24.09497740147122,120.6976358432631],"image-00100.jpg":[24.095405862106777,120.69709295483125],"image-00037.jpg":[24.094771509906906,120.69804534907716],"image-00115.jpg":[24.095561454815527,120.69690185933187],"image-00087.jpg":[24.095262781413354,120.69727142881939],"image-00011.jpg":[24.094708962318567,120.69834332048895],"image-00084.jpg":[24.09522819229861,120.69731430417167],"image-00091.jpg":[24.095307975698535,120.69721514495029],"image-00047.jpg":[24.09482737624262,120.69789935785283],"image-00038.jpg":[24.094775619719947,120.69803164339015],"image-00101.jpg":[24.09541678517435,120.69707952740825],"image-00017.jpg":[24.09471638895861,120.69828004042603],"image-00006.jpg":[24.094704771415334,120.69839184041109],"image-00072.jpg":[24.095084677891137,120.69749354067804],"image-00036.jpg":[24.094767591553524,120.69805882569554],"image-00056.jpg":[24.094903090907334,120.69775250439395],"image-00107.jpg":[24.09548003259646,120.69700096358319],"image-00003.jpg":[24.09470283249945,120.69841901989253],"image-00092.jpg":[24.095318992055727,120.69720130297665],"image-00121.jpg":[24.095615870864265,120.69683556215],"image-00076.jpg":[24.09513312075741,120.69743241777233],"image-00041.jpg":[24.094789708052993,120.69798920952343],"image-00082.jpg":[24.095204662083322,120.69734334927345],"image-00032.jpg":[24.094753351747414,120.6981108628856],"image-00021.jpg":[24.094723153020087,120.69823795763199],"image-00108.jpg":[24.0954905774806,120.696988115414],"image-00048.jpg":[24.094834875740766,120.69788339597883],"image-00026.jpg":[24.09473519268794,120.69818213932552],"image-00065.jpg":[24.095000440786826,120.69760350364434],"image-00089.jpg":[24.09528551697372,120.69724315405138],"image-00029.jpg":[24.094743048677774,120.69814841365437],"image-00071.jpg":[24.095072424203913,120.69750904992122],"image-00009.jpg":[24.09470693920544,120.69836335456964],"image-00113.jpg":[24.095542056022953,120.69692565029078],"image-00051.jpg":[24.094858499581136,120.6978352894441]}