{"image-00070.jpg":[24.095037900095214,120.69754173919192],"image-00095.jpg":[24.09533511627247,120.6971782156476],"image-00034.jpg":[24.094713633426714,120.69809945118301],"image-00102.jpg":[24.095412005148066,120.6970843643052],"image-00077.jpg":[24.095124438811766,120.69743487535612],"image-00111.jpg":[24.09550816897156,120.69696839977999],"image-00117.jpg":[24.09556772841005,120.69689707024784],"image-00008.jpg":[24.094635964952182,120.6983856893238],"image-00085.jpg":[24.09522083711618,120.69731768783743],"image-00020.jpg":[24.09466260486421,120.6982612484957],"image-00069.jpg":[24.095025396383654,120.69755733062124],"image-00013.jpg":[24.09464563613162,120.69833527015868],"image-00080.jpg":[24.09516094244815,120.69739036314121],"image-00050.jpg":[24.09481740937224,120.69786729610908],"image-00066.jpg":[24.09498840508647,120.69760457815637],"image-00005.jpg":[24.094631654864365,120.69841307219319],"image-00040.jpg":[24.094743725884463,120.69801835594262],"image-00025.jpg":[24.094678114730016,120.6982068298546],"image-00019.jpg":[24.094660049937836,120.69827169635306],"image-00094.jpg":[24.095323934259444,120.69719181731895],"image-00098.jpg":[24.095368036229786,120.69713793057429],"image-00104.jpg":[24.09543381242079,120.69705799603291],"image-00054.jpg":[24.094854563096682,120.69780203789676],"image-00124.jpg":[24.09562900401391,120.69682382501665],"image-00001.jpg":[24.094627638457027,120.69843815706348],"image-00031.jpg":[24.094700560947118,120.69813729100254],"image-00078.jpg":[24.095136674194524,120.6974198391471],"image-00110.jpg":[24.095497762321127,120.6969809003316],"image-00059.jpg":[24.094906596935843,120.6977186128598],"image-00090.jpg":[24.09527888600552,120.69724697139424],"image-00123.jpg":[24.095620785568972,120.69683358796422],"image-00118.jpg":[24.0955770719269,120.69688591186778],"image-00043.jpg":[24.094762303230446,120.69797533418995],"image-00064.jpg":[24.09496444787814,120.69763649465861],"image-00075.jpg":[24.09509989944376,120.69746493149158],"image-00035.jpg":[24.09471827042676,120.69808640840938],"image-00010.jpg":[24.094640032919912,120.69836601078056],"image-00046.jpg":[24.09478384225446,120.6979304793987],"image-00114.jpg":[24.095538681813643,120.69693187533355],"image-00052.jpg":[24.094835642814864,120.6978349077622],"image-00099.jpg":[24.095379043196587,120.69712448595041],"image-00058.jpg":[24.094895662938992,120.69773525644746],"image-00112.jpg":[24.095518628800335,120.69695594814493],"image-00125.jpg":[24.095636670055534,120.69681442119929],"image-00083.jpg":[24.095197104721613,120.69734644284844],"image-00039.jpg":[24.094738157276705,120.6980323365004],"image-00062.jpg":[24.0949408207031,120.69766892842709],"image-00023.jpg":[24.094671447074397,120.69822920727955],"image-00105.jpg":[24.09544459189268,120.6970448945569],"image-00028.jpg":[24.094688483917032,120.69817380416363],"image-00120.jpg":[24.095595242090805,120.69686422278136],"image-00033.jpg":[24.094709122289995,120.69811236533043],"image-00002.jpg":[24.094627848208304,120.69843674608788],"image-00079.jpg":[24.095149001674596,120.69740500181027],"image-00027.jpg":[24.09468551406979,120.69818361150851],"image-00057.jpg":[24.094884894941764,120.697752026406],"image-00096.jpg":[24.095346162411573,120.69716469198059],"image-00004.jpg":[24.094630217411712,120.69842213526023],"image-00109.jpg":[24.095487177326646,120.69699350345141],"image-00093.jpg":[24.09531272684393,120.69720549482318],"image-00106.jpg":[24.095455166440527,120.69703193638446],"image-00045.jpg":[24.094776413287697,120.69794552333758],"image-00016.jpg":[24.094652674218683,120.69830340517156],"image-00053.jpg":[24.094844983613182,120.6978184927938],"image-00103.jpg":[24.095422923687003,120.6970711245814],"image-00081.jpg":[24.09517299149668,120.69737563595817],"image-00061.jpg":[24.094929255578915,120.69768533494006],"image-00014.jpg":[24.09464806974827,120.69832460155794],"image-00012.jpg":[24.094643626695206,120.69834568897812],"image-00044.jpg":[24.094769279380937,120.6979604829803],"image-00116.jpg":[24.09555833261354,120.69690839764374],"image-00074.jpg":[24.095087567922256,120.69748014938068],"image-00119.jpg":[24.09558622191244,120.69687495032342],"image-00030.jpg":[24.094696594807267,120.69814953783514],"image-00073.jpg":[24.09507529283233,120.69749533507668],"image-00088.jpg":[24.095255881936936,120.69727503105356],"image-00049.jpg":[24.094808564758186,120.69788335635579],"image-00042.jpg":[24.09475577017897,120.6979898065166],"image-00055.jpg":[24.09486441636862,120.6977854483205],"image-00067.jpg":[24.09500057345494,120.69758874860379],"image-00024.jpg":[24.094674700433018,120.69821810863229],"image-00097.jpg":[24.095357135354043,120.69715130185045],"image-00086.jpg":[24.0952325551724,120.69730344278409],"image-00068.jpg":[24.0950127605636,120.69757303184359],"image-00018.jpg":[24.09465753505728,120.69828219626245],"image-00060.jpg":[24.094917859040198,120.69770189329586],"image-00007.jpg":[24.0946345923352,120.6983950814955],"image-00122.jpg":[24.095612445774837,120.69684356137013],"image-00022.jpg":[24.09466834584148,120.69824007627366],"image-00015.jpg":[24.094650375795545,120.69831394668341],"image-00063.jpg":[24.094952573504703,120.69765269430029],"image-00100.jpg":[24.095390154523272,120.69711100140064],"image-00037.jpg":[24.09472772784169,120.69805981026435],"image-00115.jpg":[24.0955485910922,120.69692003463959],"image-00087.jpg":[24.095244255690037,120.69728920097054],"image-00011.jpg":[24.094641893698196,120.69835588235958],"image-00084.jpg":[24.09520900869285,120.6973320189438],"image-00091.jpg":[24.09529031642948,120.69723303020922],"image-00047.jpg":[24.094792170693545,120.69791486709018],"image-00038.jpg":[24.09473277784803,120.69804618370924],"image-00101.jpg":[24.09540128817281,120.69709756511665],"image-00017.jpg":[24.09465504492323,120.69829275385015],"image-00006.jpg":[24.094633245232732,120.6984041070528],"image-00072.jpg":[24.095062790494318,120.69751070998419],"image-00036.jpg":[24.094722906120484,120.69807314512033],"image-00056.jpg":[24.09487453357254,120.69776876447881],"image-00107.jpg":[24.095465778145396,120.69701906480881],"image-00003.jpg":[24.094628778071822,120.69843109595627],"image-00092.jpg":[24.0953015668509,120.69721919723165],"image-00121.jpg":[24.09560396157272,120.69685375312],"image-00076.jpg":[24.095112177317123,120.69744983371126],"image-00041.jpg":[24.094749518990714,120.698004195133],"image-00082.jpg":[24.095185083631762,120.69736095119403],"image-00032.jpg":[24.094704993566243,120.69812479548742],"image-00021.jpg":[24.09466543887408,120.69825072877249],"image-00108.jpg":[24.095476498022116,120.69700623827458],"image-00048.jpg":[24.094800456497175,120.69789901727984],"image-00026.jpg":[24.094681760186162,120.69819534970823],"image-00065.jpg":[24.094976400948905,120.69762047748945],"image-00089.jpg":[24.095267442080406,120.69726094781437],"image-00029.jpg":[24.094692091548524,120.69816197772936],"image-00071.jpg":[24.095050293887706,120.69752615519087],"image-00009.jpg":[24.09463803873068,120.69837583787893],"image-00113.jpg":[24.095528857615882,120.69694377941926],"image-00051.jpg":[24.09482637415747,120.69785118158764]}