{"image-00070.jpg":[24.094990710687167,120.69762575170196],"image-00095.jpg":[24.09532888158209,120.69719858811193],"image-00034.jpg":[24.09456056439959,120.69835167509623],"image-00102.jpg":[24.095416275923284,120.69708838321554],"image-00077.jpg":[24.095089576767712,120.69749974037376],"image-00111.jpg":[24.095525040021048,120.69695283193815],"image-00117.jpg":[24.0955922225855,120.69686967689319],"image-00008.jpg":[24.094399632782757,120.69877183911976],"image-00085.jpg":[24.095198980836575,120.69736234916802],"image-00020.jpg":[24.09446475305123,120.69858533560989],"image-00069.jpg":[24.09497637741839,120.69764420626777],"image-00013.jpg":[24.094425268128703,120.69869567576626],"image-00080.jpg":[24.095131055994024,120.69744749348882],"image-00050.jpg":[24.094718620768727,120.69803278426137],"image-00066.jpg":[24.09493353688794,120.69770060707154],"image-00005.jpg":[24.0943863394163,120.69881370641878],"image-00040.jpg":[24.094611635238007,120.69823698448597],"image-00025.jpg":[24.094495852124382,120.69850585508891],"image-00019.jpg":[24.094459070817802,120.69860082336481],"image-00094.jpg":[24.095316186191283,120.69721453760725],"image-00098.jpg":[24.095366340213314,120.69715123911057],"image-00104.jpg":[24.095440968472396,120.6970575302671],"image-00054.jpg":[24.094768411540993,120.69794741644843],"image-00124.jpg":[24.09566126663916,120.69678434161008],"image-00001.jpg":[24.094374114122303,120.69885202295521],"image-00031.jpg":[24.0945373897754,120.6984057114401],"image-00078.jpg":[24.09510352343721,120.69748203990278],"image-00110.jpg":[24.095513287707615,120.69696742185066],"image-00059.jpg":[24.094835145518044,120.69784072705079],"image-00090.jpg":[24.09526491161217,120.69727937255062],"image-00123.jpg":[24.09565203090711,120.69679568943573],"image-00118.jpg":[24.09560274686007,120.69685668134522],"image-00043.jpg":[24.094640490148493,120.69817754116445],"image-00064.jpg":[24.094905283705575,120.69773925574442],"image-00075.jpg":[24.09506163353274,120.69753507390055],"image-00035.jpg":[24.094568639332188,120.69833311934096],"image-00010.jpg":[24.094409837848794,120.69874227076593],"image-00046.jpg":[24.094672017990785,120.69811672013886],"image-00114.jpg":[24.09555944014466,120.6969102554414],"image-00052.jpg":[24.094743195724664,120.69799030570914],"image-00099.jpg":[24.0953788541771,120.69713544742515],"image-00058.jpg":[24.094821460931712,120.69786171624665],"image-00112.jpg":[24.095536804399238,120.69693834713932],"image-00125.jpg":[24.095669993308224,120.69677327678663],"image-00083.jpg":[24.09517208265599,120.69739601950258],"image-00039.jpg":[24.094602573803435,120.69825655247121],"image-00062.jpg":[24.09487706372042,120.69777891901762],"image-00023.jpg":[24.094482857501983,120.69853837785746],"image-00105.jpg":[24.09545319875258,120.6970421701619],"image-00028.jpg":[24.094515377907232,120.69845813603085],"image-00120.jpg":[24.095623210695987,120.69683142657343],"image-00033.jpg":[24.09455261877,120.69837008889074],"image-00002.jpg":[24.09437479000516,120.69884985866972],"image-00079.jpg":[24.095117463030395,120.69746471246279],"image-00027.jpg":[24.09450964803387,120.6984723630699],"image-00057.jpg":[24.094807838115816,120.69788299736119],"image-00096.jpg":[24.095341451848665,120.69718268985997],"image-00004.jpg":[24.094381932454418,120.69882755770783],"image-00109.jpg":[24.095501378024814,120.69698208239808],"image-00093.jpg":[24.095303449071164,120.69723059767952],"image-00106.jpg":[24.095465240417827,120.69702693310465],"image-00045.jpg":[24.09466130419505,120.69813700848445],"image-00016.jpg":[24.094442096980096,120.69864803826562],"image-00053.jpg":[24.09475571430807,120.69796882871692],"image-00103.jpg":[24.09542865417543,120.69707287542371],"image-00081.jpg":[24.095144758984166,120.69743019130851],"image-00061.jpg":[24.09486304388981,120.69779918742638],"image-00014.jpg":[24.09443094970116,120.6986797656578],"image-00012.jpg":[24.094419965549097,120.69871140957362],"image-00044.jpg":[24.094650824848994,120.69815732063014],"image-00116.jpg":[24.095581596970245,120.69688291621169],"image-00074.jpg":[24.09504754796874,120.69755301364826],"image-00119.jpg":[24.09561306738973,120.69684390020721],"image-00030.jpg":[24.094530060681382,120.6984233390657],"image-00073.jpg":[24.09503351620255,120.69757093329449],"image-00088.jpg":[24.095238771619748,120.69731231306915],"image-00049.jpg":[24.09470657259182,120.69805395562553],"image-00042.jpg":[24.094630592794537,120.698197385756],"image-00055.jpg":[24.094781345458898,120.69792593416051],"image-00067.jpg":[24.09494774044568,120.69768159118016],"image-00024.jpg":[24.094489264853642,120.69852221794451],"image-00097.jpg":[24.095353923841856,120.69716696857174],"image-00086.jpg":[24.095212279987155,120.69734564833836],"image-00068.jpg":[24.094961910902345,120.69766276600498],"image-00018.jpg":[24.094453399582843,120.69861641823894],"image-00060.jpg":[24.09484907999391,120.69781979116274],"image-00007.jpg":[24.094395143810804,120.69878625575058],"image-00122.jpg":[24.09564263144557,120.69680731080948],"image-00022.jpg":[24.094476646379373,120.69855425174529],"image-00015.jpg":[24.094436549336606,120.69866381341411],"image-00063.jpg":[24.09489113673438,120.69775902583675],"image-00100.jpg":[24.09539145353054,120.69711964723885],"image-00037.jpg":[24.09458511251473,120.69829528149656],"image-00115.jpg":[24.09557061611661,120.69689646754094],"image-00087.jpg":[24.095225564135443,120.69732894246692],"image-00011.jpg":[24.094414931967307,120.69872692661673],"image-00084.jpg":[24.095185576602123,120.6973791305262],"image-00091.jpg":[24.095277905729567,120.69726300958936],"image-00047.jpg":[24.094683559618932,120.69809599972223],"image-00038.jpg":[24.094593685629373,120.69827600459695],"image-00101.jpg":[24.095404048047172,120.69710393619437],"image-00017.jpg":[24.0944477173295,120.69863211684941],"image-00006.jpg":[24.09439081037872,120.69880009425404],"image-00072.jpg":[24.095019256369557,120.69758903498004],"image-00036.jpg":[24.09457679709459,120.6983142071406],"image-00056.jpg":[24.094794499418942,120.69790444414139],"image-00107.jpg":[24.095477266773578,120.69701185234851],"image-00003.jpg":[24.09437755955549,120.69884124126693],"image-00092.jpg":[24.095290731105127,120.69724672186544],"image-00121.jpg":[24.095633053465868,120.69681920775442],"image-00076.jpg":[24.09507563697227,120.6975172989915],"image-00041.jpg":[24.094620920106173,120.69821724772036],"image-00082.jpg":[24.09515847575033,120.69741298103688],"image-00032.jpg":[24.094545121004902,120.6983879297641],"image-00021.jpg":[24.094470643572755,120.69856987839262],"image-00108.jpg":[24.095489354644982,120.69699690479094],"image-00048.jpg":[24.09469516022914,120.69807487221458],"image-00026.jpg":[24.094502663792177,120.69848928782292],"image-00065.jpg":[24.094919416365833,120.69771982307333],"image-00089.jpg":[24.09525189993965,120.69729578730549],"image-00029.jpg":[24.094522303498337,120.69844099338084],"image-00071.jpg":[24.095004974250344,120.6976072533899],"image-00009.jpg":[24.094404768768094,120.69875705753418],"image-00113.jpg":[24.095548313268775,120.69692419825607],"image-00051.jpg":[24.09473077849003,120.69801159330432]}