{"image-00070.jpg":[24.936045935738054,121.68418697721685],"image-00095.jpg":[24.935592787678424,121.68542462494922],"image-00034.jpg":[24.936872374753012,121.68275954833518],"image-00102.jpg":[24.935489452158322,121.68576893440292],"image-00077.jpg":[24.935892886556726,121.68450749253071],"image-00058.jpg":[24.936342433091564,121.68365552625113],"image-00117.jpg":[24.93528020060574,121.68649304139626],"image-00008.jpg":[24.9374316938626,121.68139595977337],"image-00085.jpg":[24.935751695626365,121.68491797319885],"image-00020.jpg":[24.937196636873697,121.68210417189823],"image-00069.jpg":[24.93607777795552,121.6841296568369],"image-00013.jpg":[24.937332850235165,121.68171360494345],"image-00080.jpg":[24.935838166488974,121.68465334948654],"image-00050.jpg":[24.936500535947975,121.68337222423989],"image-00066.jpg":[24.936136396104803,121.6840184543918],"image-00005.jpg":[24.93749279267828,121.68120068957195],"image-00040.jpg":[24.936727150379866,121.68299938013286],"image-00025.jpg":[24.93708904192152,121.682360328681],"image-00019.jpg":[24.937218396097606,121.68204720674274],"image-00094.jpg":[24.93560584025478,121.68538587778235],"image-00098.jpg":[24.935546598886344,121.68557613102986],"image-00104.jpg":[24.935458192971318,121.68587697524785],"image-00054.jpg":[24.93642082045321,121.6835137227524],"image-00124.jpg":[24.935177247053204,121.68675939149554],"image-00001.jpg":[24.93754004986176,121.68104563584319],"image-00031.jpg":[24.936945905685217,121.68263401957631],"image-00078.jpg":[24.935872867867232,121.6845607420193],"image-00110.jpg":[24.93537236746069,121.6861744243641],"image-00059.jpg":[24.93631762442815,121.68369983725958],"image-00090.jpg":[24.935667768231795,121.68518421364917],"image-00123.jpg":[24.935193694059418,121.68672499793183],"image-00118.jpg":[24.935264212066706,121.68653926796523],"image-00043.jpg":[24.936652461344742,121.68311793486157],"image-00064.jpg":[24.936184305101882,121.68393259219135],"image-00075.jpg":[24.935937853802418,121.6844024336439],"image-00035.jpg":[24.936847777336677,121.68279997979496],"image-00010.jpg":[24.93740280567232,121.68149759035805],"image-00046.jpg":[24.936576750641297,121.68324106516299],"image-00114.jpg":[24.935319212582097,121.68636139221351],"image-00052.jpg":[24.936473021692237,121.68342066153005],"image-00099.jpg":[24.93553395914604,121.68561985148682],"image-00111.jpg":[24.935357567187694,121.68622396131829],"image-00112.jpg":[24.93534379749624,121.68627091022901],"image-00125.jpg":[24.93516072557788,121.6867923557592],"image-00083.jpg":[24.935782456362478,121.68481562347307],"image-00039.jpg":[24.93674958442239,121.6829627670888],"image-00062.jpg":[24.93623600494308,121.68384193601486],"image-00023.jpg":[24.9371328267327,121.68226288399468],"image-00105.jpg":[24.93544447933308,121.68592396983613],"image-00028.jpg":[24.937022158185385,121.68249706845478],"image-00120.jpg":[24.935239739937877,121.68661487918303],"image-00033.jpg":[24.936898378906662,121.6827158655287],"image-00002.jpg":[24.937537395007272,121.68105476185241],"image-00079.jpg":[24.93585455267824,121.68460932889015],"image-00027.jpg":[24.937040332921047,121.68246055244163],"image-00057.jpg":[24.936364978368065,121.68361527844283],"image-00096.jpg":[24.93557926082029,121.68546913368712],"image-00004.jpg":[24.937510157372774,121.68114192199725],"image-00109.jpg":[24.935387675526492,121.68612203916015],"image-00093.jpg":[24.935620311993812,121.68534050209223],"image-00106.jpg":[24.93543039572593,121.68597370746005],"image-00045.jpg":[24.93659998295073,121.68320236355581],"image-00016.jpg":[24.937277002307788,121.68188376238624],"image-00053.jpg":[24.936441824278315,121.68347574022981],"image-00103.jpg":[24.93547419158261,121.68582074605543],"image-00081.jpg":[24.93581932653498,121.6847070106922],"image-00061.jpg":[24.936263256341363,121.6837946126803],"image-00014.jpg":[24.93731080796387,121.68177943463286],"image-00012.jpg":[24.937357673149965,121.68163819033708],"image-00044.jpg":[24.93662480379099,121.6831615766391],"image-00116.jpg":[24.935294383266413,121.68644838506725],"image-00074.jpg":[24.935961580176038,121.68435369846813],"image-00119.jpg":[24.935250094834597,121.68658177995877],"image-00030.jpg":[24.936971302549047,121.6825896535004],"image-00073.jpg":[24.935977555011245,121.68431885981863],"image-00088.jpg":[24.935703127928367,121.68507307677893],"image-00049.jpg":[24.936521582055818,121.68333448812712],"image-00042.jpg":[24.93668002573775,121.68307336704737],"image-00055.jpg":[24.93640074613279,121.68355033895287],"image-00067.jpg":[24.93611613723114,121.68405525567849],"image-00024.jpg":[24.93711206131018,121.68231316274462],"image-00097.jpg":[24.93555911487587,121.68553219759866],"image-00086.jpg":[24.935732794790066,121.68497808717979],"image-00068.jpg":[24.936095951460285,121.68409453480098],"image-00018.jpg":[24.937238811156277,121.68199321821993],"image-00060.jpg":[24.936290836410755,121.68374641392495],"image-00007.jpg":[24.937452294753708,121.68133501203629],"image-00122.jpg":[24.935210925956596,121.68668703820961],"image-00022.jpg":[24.93715445593197,121.68220982600583],"image-00015.jpg":[24.937295851268793,121.6818296937084],"image-00063.jpg":[24.93620969759894,121.68388818509432],"image-00100.jpg":[24.935521562015396,121.68565790235533],"image-00037.jpg":[24.936799595867,121.6828795670461],"image-00115.jpg":[24.935306717494317,121.68640489715416],"image-00087.jpg":[24.935717351848883,121.68502706483054],"image-00011.jpg":[24.937382485813778,121.68156081990224],"image-00084.jpg":[24.93576687788272,121.6848676709231],"image-00091.jpg":[24.935652480169704,121.68523456824931],"image-00047.jpg":[24.936556383906833,121.68327532229382],"image-00038.jpg":[24.93677315673435,121.68292339604545],"image-00101.jpg":[24.935507024897596,121.68570867002295],"image-00017.jpg":[24.93725725166946,121.68194128831556],"image-00006.jpg":[24.937474291106163,121.681264970786],"image-00072.jpg":[24.9359979968093,121.68427821632999],"image-00036.jpg":[24.936823706181208,121.68283962161296],"image-00056.jpg":[24.936380577840374,121.68358716332109],"image-00107.jpg":[24.935417977517304,121.68601688033364],"image-00003.jpg":[24.937526407952546,121.68108994464457],"image-00092.jpg":[24.935637430492925,121.68528518956906],"image-00121.jpg":[24.935225661555886,121.68665154707742],"image-00076.jpg":[24.93591636515681,121.68445237149022],"image-00041.jpg":[24.936706417544478,121.68303217381064],"image-00082.jpg":[24.935800860210406,121.68475949737982],"image-00032.jpg":[24.936920792755185,121.6826769624262],"image-00021.jpg":[24.937177093569545,121.68215678469325],"image-00108.jpg":[24.935403411511075,121.68606780431108],"image-00048.jpg":[24.93653875031623,121.68330513704421],"image-00026.jpg":[24.93706275544004,121.68241498428227],"image-00065.jpg":[24.936159535432378,121.68397639448276],"image-00089.jpg":[24.935686156966355,121.68512758050187],"image-00029.jpg":[24.93699647494582,121.68254408574285],"image-00071.jpg":[24.936015211973462,121.68424345266219],"image-00009.jpg":[24.937413025548846,121.6814570659463],"image-00113.jpg":[24.93533117486963,121.68631629642873],"image-00051.jpg":[24.936499592073663,121.68337435316772]}