{
    "image-00101.jpg": {
        "24.935523,121.685801": [
            71415.0, 
            69879.0, 
            69880.0, 
            69880.0, 
            70392.0, 
            66303.0, 
            66303.0, 
            66815.0, 
            65793.0, 
            65793.0, 
            66817.0, 
            66817.0, 
            65794.0, 
            66818.0, 
            66307.0, 
            66307.0, 
            69383.0, 
            70365.0, 
            65288.0, 
            66826.0, 
            70924.0, 
            71438.0, 
            71438.0, 
            71438.0, 
            72978.0, 
            70369.0, 
            70369.0, 
            70371.0, 
            70890.0, 
            67308.0, 
            70380.0, 
            71405.0, 
            68333.0, 
            68845.0, 
            71918.0, 
            67822.0, 
            69870.0, 
            70382.0, 
            70382.0, 
            65775.0, 
            69871.0, 
            69871.0, 
            70383.0, 
            70383.0, 
            69873.0, 
            69873.0, 
            70385.0, 
            65778.0, 
            70386.0, 
            70387.0, 
            70899.0, 
            71412.0, 
            69364.0, 
            70900.0, 
            65270.0, 
            65270.0, 
            70390.0
        ]
    }, 
    "image-00103.jpg": {
        "24.935454,121.685952": [
            63225.0, 
            61690.0, 
            61690.0, 
            63226.0, 
            64250.0, 
            64250.0, 
            64250.0, 
            64762.0, 
            64762.0, 
            64762.0, 
            63228.0, 
            63228.0, 
            65276.0, 
            63229.0, 
            63229.0, 
            63230.0, 
            63230.0, 
            65791.0, 
            64257.0, 
            64257.0, 
            64257.0, 
            64769.0, 
            64769.0, 
            64769.0, 
            66305.0, 
            66305.0, 
            66305.0, 
            64770.0, 
            64770.0, 
            66306.0, 
            66818.0, 
            63235.0, 
            63235.0, 
            65283.0, 
            63236.0, 
            65796.0, 
            65796.0, 
            64774.0, 
            64774.0, 
            62222.0, 
            63246.0, 
            64270.0, 
            64270.0, 
            66319.0, 
            71391.0, 
            71391.0, 
            70367.0, 
            70367.0, 
            70879.0, 
            72466.0, 
            72466.0, 
            64274.0, 
            64274.0, 
            64274.0, 
            64274.0, 
            64786.0, 
            64786.0, 
            67297.0, 
            67297.0, 
            68833.0, 
            69345.0, 
            70369.0, 
            70369.0, 
            70881.0, 
            70881.0, 
            64793.0, 
            64793.0, 
            64738.0, 
            62180.0, 
            62180.0, 
            62180.0, 
            62696.0, 
            62696.0, 
            70888.0, 
            60649.0, 
            66793.0, 
            66793.0, 
            72426.0, 
            72426.0, 
            64746.0, 
            64746.0, 
            65258.0, 
            65258.0, 
            72428.0, 
            72428.0, 
            63212.0, 
            63212.0, 
            64748.0, 
            64748.0, 
            65260.0, 
            65260.0, 
            65260.0, 
            65260.0, 
            72401.0, 
            72401.0, 
            72913.0, 
            72913.0, 
            72913.0, 
            62701.0, 
            62701.0, 
            64237.0, 
            64237.0, 
            65261.0, 
            65261.0, 
            65261.0, 
            68845.0, 
            68845.0, 
            64238.0, 
            64238.0, 
            69870.0, 
            69870.0, 
            69870.0, 
            70382.0, 
            70382.0, 
            70382.0, 
            70894.0, 
            70894.0, 
            70894.0, 
            62703.0, 
            65263.0, 
            65263.0, 
            65775.0, 
            65775.0, 
            65775.0, 
            70383.0, 
            70383.0, 
            70895.0, 
            70895.0, 
            71409.0, 
            70385.0, 
            70385.0, 
            70897.0, 
            70897.0, 
            71410.0, 
            69874.0, 
            69848.0, 
            72410.0, 
            70874.0, 
            74469.0, 
            72933.0, 
            68359.0, 
            69355.0, 
            69867.0, 
            70891.0, 
            63764.0, 
            68361.0, 
            69386.0, 
            67303.0, 
            70892.0, 
            74459.0, 
            74971.0, 
            69851.0, 
            73435.0, 
            64744.0, 
            71437.0, 
            66286.0, 
            64750.0, 
            76001.0, 
            73960.0, 
            62734.0, 
            66307.0, 
            71438.0, 
            72462.0, 
            75473.0, 
            73425.0, 
            68304.0, 
            66276.0, 
            64228.0, 
            65252.0, 
            64233.0, 
            64745.0, 
            65257.0, 
            64272.0, 
            61712.0, 
            65808.0, 
            74000.0, 
            74468.0, 
            74980.0, 
            76004.0, 
            71396.0, 
            70372.0, 
            72420.0, 
            73956.0, 
            74474.0, 
            70890.0, 
            73962.0, 
            74970.0, 
            64785.0, 
            63205.0, 
            75472.0, 
            66269.0, 
            74461.0, 
            74973.0, 
            66781.0, 
            64733.0, 
            66288.0, 
            65264.0, 
            76002.0, 
            76514.0, 
            71394.0, 
            72418.0, 
            70882.0, 
            73442.0, 
            71431.0
        ]
    }, 
    "image-00100.jpg": {
        "24.935544,121.685745": [
            72439.0, 
            70391.0, 
            71416.0, 
            70392.0, 
            69881.0, 
            70393.0, 
            70393.0, 
            70905.0, 
            66813.0, 
            69886.0, 
            66303.0, 
            66303.0, 
            66815.0, 
            66815.0, 
            66815.0, 
            67327.0, 
            67327.0, 
            67327.0, 
            66817.0, 
            66817.0, 
            66818.0, 
            66818.0, 
            67842.0, 
            67842.0, 
            66819.0, 
            66819.0, 
            67331.0, 
            67331.0, 
            69384.0, 
            69384.0, 
            70921.0, 
            71436.0, 
            66316.0, 
            66316.0, 
            70924.0, 
            70924.0, 
            66317.0, 
            70882.0, 
            70882.0, 
            70882.0, 
            70887.0, 
            71401.0, 
            71401.0, 
            72940.0, 
            64238.0, 
            71921.0, 
            71410.0, 
            71410.0, 
            64754.0, 
            64754.0, 
            64754.0, 
            65266.0, 
            65266.0, 
            65267.0, 
            65267.0, 
            70899.0, 
            70900.0, 
            72438.0, 
            70390.0, 
            70902.0
        ]
    },