{"image-00070.jpg":[24.93625895926694,121.68433648965276],"image-00095.jpg":[24.935663121049043,121.68548402644244],"image-00034.jpg":[24.93726465273223,121.68297914846788],"image-00102.jpg":[24.935521035510305,121.685800634374],"image-00077.jpg":[24.93606723853742,121.68463764897646],"image-00058.jpg":[24.936621802695676,121.68383247924102],"image-00117.jpg":[24.935231473503983,121.68646610619098],"image-00008.jpg":[24.937985967981817,121.68170937798713],"image-00085.jpg":[24.935879347448036,121.68501735185592],"image-00020.jpg":[24.937669233814603,121.6823625452983],"image-00069.jpg":[24.936297964520417,121.68428215332915],"image-00013.jpg":[24.937850662388627,121.68200150502852],"image-00080.jpg":[24.93599565288334,121.68477304239154],"image-00050.jpg":[24.93681522346901,121.68356376503377],"image-00066.jpg":[24.936370332614715,121.68417709546627],"image-00005.jpg":[24.938069186581792,121.68152955203922],"image-00040.jpg":[24.937089017013918,121.68320792367471],"image-00025.jpg":[24.93753100397798,121.68260130532232],"image-00019.jpg":[24.937697631697812,121.68230964463513],"image-00094.jpg":[24.935680652868243,121.68544827088525],"image-00098.jpg":[24.935599825613437,121.68562340936955],"image-00104.jpg":[24.93547768870826,121.68589986289948],"image-00054.jpg":[24.93671789874096,121.68369810512132],"image-00124.jpg":[24.93509770843737,121.68671377163035],"image-00001.jpg":[24.938134047449054,121.68138696797574],"image-00031.jpg":[24.937353956675082,121.68285966666042],"image-00078.jpg":[24.936041007375508,121.68468704798514],"image-00110.jpg":[24.935359026838448,121.68617330852356],"image-00059.jpg":[24.936591449514406,121.68387450649521],"image-00090.jpg":[24.93576536798436,121.68526269040129],"image-00123.jpg":[24.9351182612307,121.68668142307108],"image-00118.jpg":[24.935210178000734,121.68650884745716],"image-00043.jpg":[24.93699916266036,121.68332134109178],"image-00064.jpg":[24.936428968112438,121.68409567067833],"image-00075.jpg":[24.936124672842592,121.68453954175895],"image-00035.jpg":[24.93723493049562,121.68301773381006],"image-00010.jpg":[24.937945576504248,121.6818025593848],"image-00046.jpg":[24.936907866250248,121.68343897795194],"image-00114.jpg":[24.935285196842717,121.68634505158326],"image-00052.jpg":[24.936781606646043,121.68360973507171],"image-00099.jpg":[24.935582288117764,121.68566355825777],"image-00111.jpg":[24.93533874997412,121.68621891522662],"image-00112.jpg":[24.935319777657988,121.68626209433003],"image-00125.jpg":[24.93507719111838,121.68674484441449],"image-00083.jpg":[24.93592156567678,121.68492318973456],"image-00039.jpg":[24.937116125540673,121.68317298176922],"image-00062.jpg":[24.936492037430366,121.68400956885839],"image-00023.jpg":[24.937586571675723,121.68251015479785],"image-00105.jpg":[24.935458763170576,121.68594307135423],"image-00028.jpg":[24.937447315845247,121.68272981422538],"image-00120.jpg":[24.935177213274258,121.68657864114047],"image-00033.jpg":[24.937296174288573,121.6829375291776],"image-00002.jpg":[24.938130364438834,121.68139534717088],"image-00079.jpg":[24.936017082300392,121.68473216725546],"image-00027.jpg":[24.93746999297639,121.68269546110933],"image-00057.jpg":[24.936649405017366,121.68379431793417],"image-00096.jpg":[24.93564456921202,121.68552496800278],"image-00004.jpg":[24.93809322015597,121.68147558684801],"image-00109.jpg":[24.935380121969654,121.68612512578488],"image-00093.jpg":[24.93570028993602,121.68540646224872],"image-00106.jpg":[24.935439188364942,121.68598875661178],"image-00045.jpg":[24.93693595608798,121.68340205667099],"image-00016.jpg":[24.937775259415602,121.68215839278508],"image-00053.jpg":[24.936743587680752,121.68366207308715],"image-00103.jpg":[24.9354999534419,121.68584824235154],"image-00081.jpg":[24.935970674713722,121.68482271296185],"image-00061.jpg":[24.936525228577324,121.68396458831415],"image-00014.jpg":[24.93782106409772,121.68206226965432],"image-00012.jpg":[24.937884314133402,121.68193206825859],"image-00044.jpg":[24.93696593945449,121.68336312630504],"image-00116.jpg":[24.93525066166281,121.68642491770501],"image-00074.jpg":[24.936154273633733,121.68449368080869],"image-00119.jpg":[24.935191253380353,121.68654811842592],"image-00030.jpg":[24.937384908378142,121.68281750937561],"image-00073.jpg":[24.936174438686862,121.6844610320337],"image-00088.jpg":[24.935813286933804,121.68516024161673],"image-00049.jpg":[24.936840959727256,121.68352796452723],"image-00042.jpg":[24.937032373239838,121.68327874185955],"image-00055.jpg":[24.93669331414246,121.6837328202304],"image-00067.jpg":[24.93634548978326,121.68421196430201],"image-00024.jpg":[24.9375597882449,121.68255696497899],"image-00097.jpg":[24.935617249906922,121.6855830826639],"image-00086.jpg":[24.935853691933936,121.68507275970946],"image-00068.jpg":[24.93632045076534,121.68424900094755],"image-00018.jpg":[24.937724361502244,121.68225955304484],"image-00060.jpg":[24.93655884650626,121.68391879304662],"image-00007.jpg":[24.93801349432966,121.68165304558552],"image-00122.jpg":[24.935140010537623,121.68664584293747],"image-00022.jpg":[24.937614523849984,121.68246077952311],"image-00015.jpg":[24.937800405777196,121.68210843784732],"image-00063.jpg":[24.93645995006131,121.6840534981203],"image-00100.jpg":[24.93556557874311,121.68569866801215],"image-00037.jpg":[24.937176693603487,121.68309367451559],"image-00115.jpg":[24.935267846153153,121.68638500250287],"image-00087.jpg":[24.935832676197254,121.68511786347759],"image-00011.jpg":[24.937918003167916,121.68186080466393],"image-00084.jpg":[24.935900167685286,121.68497106895842],"image-00091.jpg":[24.935744416328,121.68530902124209],"image-00047.jpg":[24.93688320581485,121.68347163485062],"image-00038.jpg":[24.93714469626679,121.68313546816717],"image-00101.jpg":[24.9355453805077,121.68574528555989],"image-00017.jpg":[24.93774882193302,121.68221150715935],"image-00006.jpg":[24.938043452829774,121.68158855092051],"image-00072.jpg":[24.93619978015955,121.68442269214114],"image-00036.jpg":[24.937205843850258,121.68305556508427],"image-00056.jpg":[24.936668562773296,121.68376769869775],"image-00107.jpg":[24.935422017184095,121.68602844856098],"image-00003.jpg":[24.93811537304973,121.68142773178924],"image-00092.jpg":[24.935723672197778,121.68535555116433],"image-00121.jpg":[24.93515888073125,121.6866127149616],"image-00076.jpg":[24.936097265679717,121.68458619656093],"image-00041.jpg":[24.937064066459357,121.68323929171913],"image-00082.jpg":[24.935946286902038,121.68487135623627],"image-00032.jpg":[24.937323426811634,121.68290052102165],"image-00021.jpg":[24.937643547566466,121.68241131726307],"image-00108.jpg":[24.935401846821915,121.68607525622973],"image-00048.jpg":[24.93686182458523,121.68350003661308],"image-00026.jpg":[24.937498019468762,121.6826526193236],"image-00065.jpg":[24.93639870521722,121.68413724243639],"image-00089.jpg":[24.93579021273314,121.68521046850194],"image-00029.jpg":[24.93741576176446,121.68277432488631],"image-00071.jpg":[24.93622123285617,121.6843899681865],"image-00009.jpg":[24.937960326323502,121.68176555257882],"image-00113.jpg":[24.935302144869063,121.68630375026154],"image-00051.jpg":[24.936814010534594,121.6835657469438]}