{"image-00070.jpg":[24.936130299644336,121.68449412854233],"image-00095.jpg":[24.935606551767666,121.68552566773005],"image-00034.jpg":[24.937154161762844,121.68332847584588],"image-00102.jpg":[24.935491862930192,121.68581451438428],"image-00077.jpg":[24.935945354249487,121.68475843723277],"image-00058.jpg":[24.93649640503723,121.68405917995466],"image-00117.jpg":[24.9352638482811,121.68642222846354],"image-00008.jpg":[24.93781902331244,121.68219580635105],"image-00085.jpg":[24.935784696258622,121.68510118901847],"image-00020.jpg":[24.937549753021788,121.68278858318979],"image-00069.jpg":[24.936169632599068,121.68444719888012],"image-00013.jpg":[24.937706972596814,121.68246227026158],"image-00080.jpg":[24.9358818474112,121.68487989296634],"image-00050.jpg":[24.936691500182967,121.68382735030772],"image-00066.jpg":[24.936241593435472,121.68435590166942],"image-00005.jpg":[24.93788757223868,121.68203217961917],"image-00040.jpg":[24.936973371595208,121.68352381319949],"image-00025.jpg":[24.937421159969787,121.68300120092269],"image-00019.jpg":[24.937575176713185,121.68274116289716],"image-00094.jpg":[24.935621552749076,121.6854932504005],"image-00098.jpg":[24.935555039683404,121.68565272191793],"image-00104.jpg":[24.93545752593759,121.6859052364299],"image-00054.jpg":[24.93659319380295,121.68394304800294],"image-00124.jpg":[24.935144034389182,121.68664371544422],"image-00001.jpg":[24.937940521815538,121.68190210325864],"image-00031.jpg":[24.937245298296233,121.68322605138653],"image-00078.jpg":[24.93592197566326,121.68480280123583],"image-00110.jpg":[24.935364420085172,121.68615481128816],"image-00059.jpg":[24.936465737388847,121.68409544209328],"image-00090.jpg":[24.935690725788252,121.68532417109026],"image-00123.jpg":[24.935163797583648,121.68661537712015],"image-00118.jpg":[24.935245522366767,121.68646084240574],"image-00043.jpg":[24.93688001431005,121.68362013962451],"image-00064.jpg":[24.936300769289264,121.68428562751308],"image-00075.jpg":[24.935998900287252,121.68467136907645],"image-00035.jpg":[24.937123543994524,121.68336139346212],"image-00010.jpg":[24.93778703240445,121.68228126317103],"image-00046.jpg":[24.936785817384873,121.6837202941712],"image-00114.jpg":[24.935306803542296,121.68631178586963],"image-00052.jpg":[24.93665737241877,121.68386696902222],"image-00099.jpg":[24.935541140821144,121.68568943813375],"image-00111.jpg":[24.935348255936677,121.68619632707193],"image-00112.jpg":[24.93533322889759,121.68623570638175],"image-00125.jpg":[24.93512398356373,121.68667082793354],"image-00083.jpg":[24.93581868592103,121.68501536112021],"image-00039.jpg":[24.937001384809978,121.68349400421273],"image-00062.jpg":[24.936364765886267,121.6842115229604],"image-00023.jpg":[24.93747399973805,121.68292054936292],"image-00105.jpg":[24.93544256084536,121.68594466323097],"image-00028.jpg":[24.937339474082407,121.6831139481383],"image-00120.jpg":[24.93521814150318,121.68652408240794],"image-00033.jpg":[24.937186472964527,121.68329286190111],"image-00002.jpg":[24.9379375849289,121.68190976829167],"image-00079.jpg":[24.935900732142354,121.68484324668242],"image-00027.jpg":[24.937361720573,121.68308386427137],"image-00057.jpg":[24.93652432865512,121.68402623382048],"image-00096.jpg":[24.935591473318098,121.68556299719276],"image-00004.jpg":[24.93790694532176,121.68198282408105],"image-00109.jpg":[24.93538107058784,121.68611087528542],"image-00093.jpg":[24.935637890894228,121.68545524309616],"image-00106.jpg":[24.93542732762286,121.68598642341576],"image-00045.jpg":[24.936814608761537,121.68368877635069],"image-00016.jpg":[24.93764324311439,121.68260472349644],"image-00053.jpg":[24.936618979360812,121.68391197116628],"image-00103.jpg":[24.93547499317738,121.6858580051013],"image-00081.jpg":[24.935860278856385,121.68492467710138],"image-00061.jpg":[24.936398516566864,121.68417286452942],"image-00014.jpg":[24.93768179254981,121.68251733233856],"image-00012.jpg":[24.937735721692622,121.6823990617647],"image-00044.jpg":[24.93684548589412,121.68365557365902],"image-00116.jpg":[24.935279652715835,121.68638485582169],"image-00074.jpg":[24.93602757935047,121.68463122991861],"image-00119.jpg":[24.935229594205566,121.68649637788101],"image-00030.jpg":[24.937276714078315,121.68318980002383],"image-00073.jpg":[24.936046816781833,121.68460243911709],"image-00088.jpg":[24.93573039924017,121.68523111792715],"image-00049.jpg":[24.93671743381474,121.68379647602079],"image-00042.jpg":[24.93691432369599,121.68358390218316],"image-00055.jpg":[24.936568570783013,121.68397302174768],"image-00067.jpg":[24.936216611144843,121.68438604349254],"image-00024.jpg":[24.937449191284117,121.68296232108],"image-00097.jpg":[24.935568739026593,121.68561581432218],"image-00086.jpg":[24.93576361914107,121.68515152564716],"image-00068.jpg":[24.936191855520693,121.68441834342076],"image-00018.jpg":[24.93759907016331,121.68269618781878],"image-00060.jpg":[24.936432640745377,121.68413347869975],"image-00007.jpg":[24.937842399367277,121.6821448822921],"image-00122.jpg":[24.935184415923867,121.68658401262158],"image-00022.jpg":[24.93749975124972,121.68287645304147],"image-00015.jpg":[24.93766509530482,121.6825595303821],"image-00063.jpg":[24.936332254511584,121.68424932509353],"image-00100.jpg":[24.935527160444035,121.68572127366426],"image-00037.jpg":[24.93706365629348,121.68342619851953],"image-00115.jpg":[24.93529312294077,121.68634832080683],"image-00087.jpg":[24.93574621399866,121.6851925669828],"image-00011.jpg":[24.93776392895167,121.68233423609891],"image-00084.jpg":[24.935801499709992,121.6850590099936],"image-00091.jpg":[24.935673741058128,121.6853663944976],"image-00047.jpg":[24.936760596309806,121.68374820990272],"image-00038.jpg":[24.937030742028906,121.68346190683764],"image-00101.jpg":[24.935511264208483,121.68576390966484],"image-00017.jpg":[24.937620409410208,121.68265283110266],"image-00006.jpg":[24.93786716064316,121.68208618571424],"image-00072.jpg":[24.936071559475106,121.68456903157832],"image-00036.jpg":[24.937093605568545,121.68339366835755],"image-00056.jpg":[24.936543712361136,121.68400319122296],"image-00107.jpg":[24.935413896077147,121.68602264522067],"image-00003.jpg":[24.937925212653298,121.68193926123098],"image-00092.jpg":[24.935657065930272,121.68540887488413],"image-00121.jpg":[24.935201734755534,121.68655458998472],"image-00076.jpg":[24.935973323521853,121.684712739894],"image-00041.jpg":[24.936947397660532,121.68355046198533],"image-00082.jpg":[24.935839344628576,121.68496843643395],"image-00032.jpg":[24.93721411939778,121.68326110502505],"image-00021.jpg":[24.937526938564112,121.68283244308083],"image-00108.jpg":[24.93539816088018,121.68606537762537],"image-00048.jpg":[24.93673873413363,121.68377252036638],"image-00026.jpg":[24.937389120489993,121.68304630338976],"image-00065.jpg":[24.93627011282473,121.68432145413993],"image-00089.jpg":[24.935711551817302,121.68527676353281],"image-00029.jpg":[24.937307770766527,121.68315248477082],"image-00071.jpg":[24.936092503392516,121.68454040629378],"image-00009.jpg":[24.93779800854147,121.68224708214966],"image-00113.jpg":[24.93531961789183,121.68627383638349],"image-00051.jpg":[24.936690331971647,121.68382911939693]}